nome,tamanho_cm,necessidade_agua,necessidade_luz,toxica_para_pets,ideal_interno
Ficus,69.0,Media,,1,1
Orquidea,36.0,Media,Sol-pleno,0,1
Suculenta,33.0,Alta,Sombra,0,1
Cacto,59.0,Alta,Meia-sombra,1,1
Cacto,70.0,Baixa,Sol-pleno,1,1
Espada-de-sao-jorge,51.0,Baixa,,0,1
Ficus,24.0,Media,Sombra,1,1
Orquidea,23.0,Media,Sombra,0,1
Samambaia,21.0,Alta,Meia-sombra,0,1
Ficus,15.0,Media,Sombra,0,1
Suculenta,52.0,Media,Meia-sombra,1,1
Espada-de-sao-jorge,73.0,Baixa,Sol-pleno,1,1
Orquidea,50.0,Baixa,Sombra,0,1
Orquidea,5.0,Alta,Sombra,0,1
Orquidea,46.0,Alta,Meia-sombra,0,1
Orquidea,47.0,Baixa,Sombra,0,1
Suculenta,92.0,Alta,Sombra,1,1
Ficus,21.0,Media,Sombra,0,1
Espada-de-sao-jorge,42.0,Media,Sombra,1,0
Cacto,84.0,Alta,Sol-pleno,0,1
Suculenta,59.0,Alta,Sombra,0,1
Cacto,61.0,Baixa,Meia-sombra,0,1
Samambaia,52.0,Baixa,Sol-pleno,1,0
Espada-de-sao-jorge,57.0,Alta,Meia-sombra,0,1
Orquidea,66.0,Alta,Meia-sombra,0,1
Suculenta,34.0,Baixa,,0,1
Cacto,68.0,Alta,Sol-pleno,1,0
Orquidea,23.0,Media,Sombra,1,1
Suculenta,57.0,Media,Sombra,1,1
Cacto,54.0,Baixa,Sol-pleno,0,1
Cacto,38.0,Alta,Sombra,1,0
Samambaia,50.0,Alta,Sombra,0,0
Ficus,38.0,Media,Sombra,1,1
Suculenta,29.0,Alta,Sombra,0,1
Espada-de-sao-jorge,43.0,Alta,Sombra,0,1
Ficus,28.0,Alta,Meia-sombra,1,1
Espada-de-sao-jorge,56.0,Alta,Meia-sombra,1,1
Orquidea,27.0,Alta,Sombra,0,1
Samambaia,64.0,Alta,Sol-pleno,0,1
Suculenta,26.0,Alta,Sombra,1,0
Ficus,39.0,Media,Sol-pleno,1,1
Orquidea,38.0,Alta,Sol-pleno,1,1
Orquidea,77.0,Baixa,Meia-sombra,0,1
Cacto,57.0,Media,Meia-sombra,0,1
Ficus,46.0,Media,Sombra,1,1
Espada-de-sao-jorge,60.0,Alta,Sombra,1,1
Cacto,8.0,Baixa,Sol-pleno,1,1
Espada-de-sao-jorge,49.0,Media,Meia-sombra,0,1
Orquidea,90.0,Baixa,Sombra,0,1
Orquidea,53.0,Alta,Sol-pleno,0,1
Orquidea,51.0,Alta,Sol-pleno,1,1
Samambaia,61.0,Baixa,Sombra,0,1
Cacto,68.0,Alta,Sombra,0,1
Cacto,10.0,Media,,1,1
Cacto,16.0,Alta,Sombra,1,1
Ficus,54.0,Alta,Meia-sombra,0,1
Suculenta,36.0,Baixa,Sombra,1,0
Ficus,76.0,Baixa,Meia-sombra,0,1
Orquidea,44.0,Media,Sombra,0,1
Orquidea,11.0,Baixa,Sol-pleno,0,1
Espada-de-sao-jorge,25.0,Baixa,Sol-pleno,0,1
Orquidea,5.0,Alta,Meia-sombra,1,1
Cacto,45.0,Alta,Meia-sombra,1,1
Espada-de-sao-jorge,46.0,Media,Sombra,0,1
Cacto,42.0,Baixa,Sombra,1,0
Samambaia,72.0,Baixa,Meia-sombra,0,1
Espada-de-sao-jorge,74.0,Alta,Sombra,1,1
Cacto,47.0,Baixa,,1,1
Ficus,7.0,Baixa,Meia-sombra,0,1
Cacto,62.0,Media,Sombra,0,1
Orquidea,61.0,Media,Meia-sombra,0,1
Samambaia,56.0,Media,Meia-sombra,0,1
Cacto,70.0,Media,Sol-pleno,1,0
Ficus,27.0,Alta,Sombra,0,1
Orquidea,90.0,Media,Meia-sombra,0,1
Cacto,31.0,Alta,Sol-pleno,0,1
Samambaia,65.0,Media,Sombra,1,1
Samambaia,16.0,Media,Sol-pleno,0,1
Suculenta,31.0,Media,Sol-pleno,1,1
Orquidea,80.0,Alta,Meia-sombra,0,1
Espada-de-sao-jorge,45.0,Alta,Sol-pleno,0,0
Cacto,67.0,Baixa,Sol-pleno,0,0
Ficus,55.0,Alta,Sombra,0,1
Orquidea,48.0,Alta,Sol-pleno,0,1
Suculenta,77.0,Alta,,1,1
Orquidea,45.0,Baixa,Sombra,1,1
Ficus,14.0,Alta,Sombra,0,1
Samambaia,34.0,Baixa,Meia-sombra,0,1
Orquidea,61.0,Baixa,Sol-pleno,0,1
Orquidea,58.0,Alta,Meia-sombra,0,1
Cacto,19.0,Baixa,Meia-sombra,1,1
Orquidea,36.0,Alta,Sombra,1,1
Espada-de-sao-jorge,38.0,Media,Meia-sombra,1,1
Cacto,43.0,Baixa,Meia-sombra,0,1
Espada-de-sao-jorge,22.0,Baixa,Meia-sombra,0,0
Samambaia,37.0,Alta,Sombra,0,1
Samambaia,35.0,Alta,Sombra,1,1
Orquidea,65.0,Media,Sol-pleno,0,0
Suculenta,66.0,Alta,Meia-sombra,1,1
Ficus,47.0,Baixa,Meia-sombra,0,1
Orquidea,42.0,Media,Sombra,0,1
Samambaia,53.0,Baixa,Sol-pleno,1,0
Orquidea,34.0,Media,Meia-sombra,0,1
Ficus,27.0,Baixa,Meia-sombra,0,1
Orquidea,31.0,Media,Sol-pleno,0,1
Orquidea,37.0,Media,Sombra,1,1
Orquidea,27.0,Media,,0,1
Suculenta,53.0,Media,Sol-pleno,1,1
Cacto,65.0,Media,Meia-sombra,0,1
Orquidea,18.0,Media,Sombra,0,1
Samambaia,51.0,Baixa,Sombra,0,1
Orquidea,46.0,Baixa,Sombra,0,1
Suculenta,57.0,Media,Meia-sombra,1,0
Cacto,50.0,Alta,Meia-sombra,1,0
Suculenta,21.0,Alta,Sombra,1,1
Suculenta,25.0,Media,Sol-pleno,1,1
Ficus,51.0,Alta,Sombra,0,1
Ficus,71.0,Alta,Meia-sombra,0,1
Samambaia,6.0,Media,Sol-pleno,1,1
Ficus,,Baixa,Sombra,0,1
Cacto,74.0,Media,Sombra,1,1
Orquidea,47.0,Media,Sombra,0,1
Suculenta,61.0,Baixa,Meia-sombra,0,1
Cacto,36.0,Alta,Sombra,0,1
Espada-de-sao-jorge,48.0,Alta,Sol-pleno,0,1
Suculenta,18.0,Baixa,,0,1
Ficus,5.0,Media,Sol-pleno,0,0
Orquidea,69.0,Baixa,Meia-sombra,0,1
Suculenta,30.0,Baixa,Sombra,0,1
Suculenta,41.0,Baixa,Sombra,0,1
Suculenta,22.0,Media,,0,1
Suculenta,22.0,Baixa,Sombra,0,1
Ficus,47.0,Baixa,Sombra,1,1
Suculenta,35.0,Media,Meia-sombra,0,1
Orquidea,58.0,Media,Sombra,0,1
Samambaia,,Baixa,Sol-pleno,0,1
Suculenta,56.0,Media,Sombra,0,1
Ficus,55.0,Baixa,Sombra,0,1
Cacto,,Alta,Sombra,0,1
Cacto,29.0,Media,Sombra,0,1
Espada-de-sao-jorge,49.0,Alta,Sol-pleno,0,0
Samambaia,73.0,Baixa,Sombra,0,1
Samambaia,75.0,Alta,Sombra,0,1
Cacto,,Media,Sol-pleno,0,1
Espada-de-sao-jorge,44.0,Baixa,Meia-sombra,0,1
Espada-de-sao-jorge,77.0,Alta,Sombra,0,1
Ficus,60.0,Baixa,Sol-pleno,1,1
Samambaia,54.0,Baixa,Sombra,0,1
Orquidea,46.0,Alta,Sombra,0,1
Ficus,42.0,Baixa,Meia-sombra,0,1
Espada-de-sao-jorge,56.0,Media,Sol-pleno,0,1
Samambaia,45.0,Baixa,Sombra,0,1
Espada-de-sao-jorge,49.0,Baixa,Sol-pleno,1,1
Samambaia,52.0,Baixa,Sombra,1,1
Cacto,36.0,Baixa,Sol-pleno,0,1
Suculenta,61.0,Media,Sombra,0,1
Ficus,108.0,Media,Meia-sombra,1,1
Suculenta,14.0,Baixa,Meia-sombra,0,1
Suculenta,56.0,Media,Sombra,0,1
Orquidea,35.0,Baixa,Meia-sombra,1,1
Espada-de-sao-jorge,62.0,Media,Sol-pleno,0,1
Suculenta,51.0,Alta,Meia-sombra,0,1
Cacto,65.0,Alta,Meia-sombra,0,1
Cacto,,Alta,Sol-pleno,0,1
Cacto,54.0,Baixa,Sol-pleno,0,1
Orquidea,73.0,Baixa,Sombra,0,1
Samambaia,5.0,Alta,Sol-pleno,0,1
Samambaia,82.0,Baixa,Sol-pleno,0,1
Cacto,58.0,Alta,Sol-pleno,0,1
Ficus,72.0,Media,Sol-pleno,1,1
Ficus,26.0,Baixa,Sol-pleno,0,1
Ficus,33.0,Alta,Sol-pleno,1,0
Orquidea,53.0,Media,Sombra,0,1
Orquidea,50.0,Alta,Sol-pleno,0,1
Orquidea,56.0,Media,Sombra,0,1
Cacto,72.0,Baixa,Meia-sombra,0,1
Orquidea,15.0,Alta,Sol-pleno,0,0
Ficus,69.0,Baixa,Sombra,1,1
Espada-de-sao-jorge,50.0,Media,Sol-pleno,1,0
Suculenta,46.0,Media,Meia-sombra,1,1
Espada-de-sao-jorge,,Alta,Sombra,0,1
Ficus,60.0,Alta,Sombra,0,1
Cacto,5.0,Media,Meia-sombra,0,1
Orquidea,,Alta,Meia-sombra,0,1
Cacto,20.0,Baixa,Meia-sombra,1,1
Cacto,51.0,Baixa,Sombra,1,1
Ficus,48.0,Alta,Sombra,0,1
Cacto,73.0,Media,Sombra,1,1
Samambaia,46.0,Media,Sombra,1,1
Samambaia,36.0,Baixa,Sol-pleno,0,1
Orquidea,40.0,Baixa,Sombra,1,1
Suculenta,75.0,Alta,Sol-pleno,0,1
Suculenta,61.0,Alta,Sombra,0,1
Cacto,42.0,Alta,Meia-sombra,0,1
Espada-de-sao-jorge,45.0,Media,Sol-pleno,0,1
Ficus,19.0,Media,Meia-sombra,0,1
Cacto,58.0,Baixa,Sombra,1,1
Ficus,15.0,Baixa,Meia-sombra,0,1
Cacto,65.0,Media,Sombra,0,1
Espada-de-sao-jorge,53.0,Media,Sol-pleno,0,1
Cacto,98.0,Baixa,Sol-pleno,0,1
Espada-de-sao-jorge,28.0,Media,Meia-sombra,1,1
Cacto,48.0,Media,Meia-sombra,0,1
Orquidea,86.0,Alta,Meia-sombra,1,1
Cacto,74.0,Alta,Sol-pleno,0,1
Samambaia,36.0,Media,Meia-sombra,0,1
Orquidea,54.0,Media,Sol-pleno,0,1
Espada-de-sao-jorge,50.0,Alta,Meia-sombra,0,1
Samambaia,56.0,Alta,Sombra,1,1
Orquidea,36.0,Baixa,Sol-pleno,0,1
Samambaia,48.0,Alta,Meia-sombra,0,1
Orquidea,18.0,Baixa,Sol-pleno,0,1
Orquidea,53.0,Media,Meia-sombra,1,0
Cacto,59.0,Baixa,Meia-sombra,0,1
Orquidea,,Alta,Meia-sombra,1,1
Samambaia,18.0,Baixa,Meia-sombra,1,0
Ficus,70.0,Alta,Sol-pleno,0,1
Ficus,57.0,Baixa,Meia-sombra,0,1
Cacto,35.0,Baixa,Sol-pleno,0,1
Espada-de-sao-jorge,44.0,Media,Meia-sombra,0,1
Ficus,20.0,Alta,Sombra,1,1
Cacto,29.0,Baixa,Sol-pleno,0,1
Orquidea,39.0,Baixa,Meia-sombra,1,1
Samambaia,75.0,Baixa,Sol-pleno,0,1
Orquidea,37.0,Media,Meia-sombra,0,1
Samambaia,63.0,Baixa,Meia-sombra,1,1
Orquidea,39.0,Alta,Sol-pleno,0,1
Suculenta,55.0,Baixa,Meia-sombra,0,1
Suculenta,47.0,Alta,Sol-pleno,0,0
Samambaia,67.0,Alta,Meia-sombra,0,1
Cacto,39.0,Alta,Sombra,1,1
Espada-de-sao-jorge,19.0,Alta,Sombra,0,1
Ficus,22.0,Alta,Sol-pleno,1,1
Orquidea,39.0,Baixa,Meia-sombra,0,1
Cacto,25.0,Media,Meia-sombra,0,1
Orquidea,58.0,Alta,Sol-pleno,0,1
Suculenta,41.0,Media,Meia-sombra,1,1
Cacto,,Alta,Meia-sombra,0,1
Samambaia,15.0,Alta,,0,1
Suculenta,54.0,Alta,Sombra,0,1
Ficus,27.0,Baixa,Sombra,0,1
Suculenta,40.0,Media,Sol-pleno,1,0
Ficus,53.0,Baixa,Sombra,0,1
Suculenta,5.0,Baixa,Sol-pleno,1,0
Suculenta,55.0,Baixa,Sombra,0,1
Ficus,88.0,Media,Sombra,0,1
Orquidea,41.0,Media,Sol-pleno,0,1
Cacto,55.0,Alta,Meia-sombra,1,0
Orquidea,70.0,Alta,Sol-pleno,0,1
Ficus,47.0,Alta,Meia-sombra,0,1
Samambaia,38.0,Baixa,Sombra,0,1
Cacto,5.0,Media,Sol-pleno,0,1
Samambaia,63.0,Alta,Sombra,0,1
Samambaia,48.0,Baixa,Sombra,1,1
Suculenta,30.0,Media,Sol-pleno,0,1
Ficus,53.0,Alta,Sombra,0,1
Orquidea,38.0,Alta,Meia-sombra,0,1
Ficus,,Alta,Meia-sombra,0,1
Samambaia,62.0,Media,Sol-pleno,0,1
Suculenta,23.0,Media,Sombra,1,1
Orquidea,71.0,Media,Sombra,0,1
Samambaia,22.0,Alta,Meia-sombra,1,0
Samambaia,37.0,Media,Meia-sombra,0,1
Espada-de-sao-jorge,88.0,Media,Sol-pleno,1,1
Espada-de-sao-jorge,73.0,Baixa,Meia-sombra,0,1
Suculenta,52.0,Media,Sombra,1,1
Cacto,31.0,Baixa,,0,1
Cacto,39.0,Media,Meia-sombra,0,1
Suculenta,51.0,Alta,Sol-pleno,0,0
Suculenta,51.0,Alta,Sol-pleno,0,1
Samambaia,48.0,Media,Sombra,0,0
Ficus,49.0,Alta,Meia-sombra,0,1
Ficus,46.0,Alta,,1,1
Espada-de-sao-jorge,21.0,Media,Meia-sombra,1,1
Cacto,,Alta,,0,1
Cacto,68.0,Media,Meia-sombra,1,0
Cacto,23.0,Alta,Meia-sombra,0,1
Orquidea,46.0,Media,Sombra,0,1
Ficus,34.0,Baixa,Sombra,0,1
Ficus,52.0,Baixa,Sombra,0,1
Samambaia,42.0,Alta,,0,0
Cacto,80.0,Baixa,Sol-pleno,0,1
Orquidea,60.0,Alta,Meia-sombra,0,1
Cacto,24.0,Baixa,Meia-sombra,0,1
Cacto,63.0,Media,Sombra,1,1
Espada-de-sao-jorge,35.0,Media,Sombra,0,1
Ficus,38.0,Media,Sol-pleno,1,1
Suculenta,56.0,Baixa,Sombra,0,1
Suculenta,40.0,Baixa,Sombra,0,1
Cacto,68.0,Media,Sol-pleno,0,1
Orquidea,35.0,Media,Meia-sombra,1,0
Samambaia,38.0,Alta,Sombra,0,1
Espada-de-sao-jorge,37.0,Media,Meia-sombra,0,1
Samambaia,39.0,Baixa,Sol-pleno,1,1
Suculenta,72.0,Baixa,Meia-sombra,1,1
Suculenta,63.0,Media,Meia-sombra,0,1
Espada-de-sao-jorge,84.0,Media,Meia-sombra,0,1
Cacto,95.0,Alta,Meia-sombra,0,1
Samambaia,29.0,Media,Sol-pleno,0,1
Ficus,51.0,Media,Sombra,1,1
Cacto,26.0,Baixa,,0,1
Orquidea,34.0,Baixa,Sombra,0,1
Ficus,37.0,Alta,Meia-sombra,0,1
Espada-de-sao-jorge,29.0,Media,Meia-sombra,0,1
Suculenta,29.0,Media,Meia-sombra,0,1
Ficus,47.0,Media,Sol-pleno,0,1
Samambaia,26.0,Baixa,Meia-sombra,0,1
Suculenta,67.0,Media,Sombra,0,1
Samambaia,32.0,Media,Meia-sombra,0,1
Ficus,106.0,Baixa,Meia-sombra,0,1
Suculenta,41.0,Media,Meia-sombra,0,0
Orquidea,51.0,Media,Meia-sombra,0,1
Ficus,24.0,Baixa,Sol-pleno,1,1
Samambaia,84.0,Media,Sombra,1,1
Samambaia,72.0,Alta,,1,0
Suculenta,56.0,Baixa,Meia-sombra,0,1
Orquidea,23.0,Alta,Sombra,0,1
Orquidea,54.0,Media,Sombra,0,1
Espada-de-sao-jorge,28.0,Alta,Meia-sombra,1,1
Orquidea,79.0,Baixa,Meia-sombra,0,1
Samambaia,66.0,Alta,Meia-sombra,0,1
Ficus,52.0,Media,Sombra,0,1
Suculenta,5.0,Alta,Sol-pleno,0,1
Espada-de-sao-jorge,30.0,Alta,,1,1
Espada-de-sao-jorge,,Baixa,Sombra,0,1
Samambaia,74.0,Baixa,Sombra,0,1
Samambaia,72.0,Baixa,Sombra,1,1
Ficus,18.0,Media,Meia-sombra,0,1
Ficus,56.0,Alta,Meia-sombra,0,1
Suculenta,70.0,Media,Meia-sombra,0,1
Suculenta,17.0,Baixa,Meia-sombra,0,1
Cacto,50.0,Baixa,Sol-pleno,0,1
Samambaia,,Media,Sol-pleno,0,1
Orquidea,44.0,Alta,Meia-sombra,1,0
Cacto,13.0,Baixa,Sol-pleno,0,1
Orquidea,43.0,Media,Sol-pleno,0,1
Espada-de-sao-jorge,43.0,Media,Sol-pleno,0,1
Samambaia,47.0,Baixa,Sombra,1,1
Samambaia,39.0,Alta,Meia-sombra,0,1
Espada-de-sao-jorge,41.0,Alta,Meia-sombra,1,1
Suculenta,49.0,Media,Sombra,0,0
Samambaia,59.0,Alta,Sombra,0,1
Suculenta,44.0,Alta,Meia-sombra,1,1
Suculenta,42.0,Alta,Meia-sombra,0,0
Espada-de-sao-jorge,52.0,Baixa,Sol-pleno,0,1
Samambaia,12.0,Baixa,Sol-pleno,1,1
Espada-de-sao-jorge,60.0,Media,Sombra,0,1
Espada-de-sao-jorge,50.0,Baixa,Sol-pleno,0,1
Samambaia,51.0,Baixa,Meia-sombra,1,1
Ficus,69.0,Media,Meia-sombra,1,1
Suculenta,11.0,Media,Sol-pleno,1,1
Ficus,,Baixa,Meia-sombra,1,1
Samambaia,55.0,Baixa,Sombra,0,1
Cacto,50.0,Baixa,Sombra,1,1
Espada-de-sao-jorge,53.0,Media,Meia-sombra,0,1
Espada-de-sao-jorge,41.0,Alta,Sombra,0,1
Ficus,63.0,Media,Sombra,0,1
Espada-de-sao-jorge,69.0,Baixa,Sol-pleno,1,1
Ficus,60.0,Media,,0,1
Orquidea,45.0,Baixa,Sombra,1,1
Espada-de-sao-jorge,8.0,Baixa,Meia-sombra,0,1
Espada-de-sao-jorge,65.0,Baixa,Sombra,0,1
Samambaia,74.0,Media,Sombra,0,1
Espada-de-sao-jorge,63.0,Media,Sol-pleno,0,0
Ficus,32.0,Media,Meia-sombra,0,1
Suculenta,63.0,Media,Sol-pleno,0,1
Cacto,67.0,Media,Meia-sombra,0,1
Samambaia,81.0,Alta,Meia-sombra,0,1
Ficus,32.0,Alta,Sombra,0,1
Orquidea,45.0,Baixa,Meia-sombra,0,1
Cacto,65.0,Alta,,0,1
Suculenta,,Baixa,Sol-pleno,0,1
Cacto,28.0,Baixa,Sombra,0,1
Cacto,58.0,Media,Sombra,0,1
Espada-de-sao-jorge,62.0,Baixa,Meia-sombra,0,1
Ficus,52.0,Media,Meia-sombra,0,1
Orquidea,54.0,Baixa,Sombra,0,1
Orquidea,,Media,Meia-sombra,0,1
Cacto,,Alta,Sombra,0,1
Samambaia,32.0,Alta,,0,1
Ficus,38.0,Baixa,Meia-sombra,0,1
Espada-de-sao-jorge,,Media,Sol-pleno,1,1
Espada-de-sao-jorge,68.0,Media,Sol-pleno,0,1
Samambaia,20.0,Media,Meia-sombra,0,1
Ficus,24.0,Media,Sol-pleno,1,0
Ficus,9.0,Alta,Sombra,0,1
Ficus,51.0,Media,Sol-pleno,0,1
Orquidea,,Baixa,Meia-sombra,1,1
Espada-de-sao-jorge,42.0,Alta,Sol-pleno,0,1
Ficus,63.0,Alta,Sombra,1,1
Orquidea,37.0,Baixa,Sombra,0,1
Samambaia,55.0,Media,Sol-pleno,0,1
Cacto,44.0,Alta,Meia-sombra,0,1
Suculenta,63.0,Media,Sombra,0,1
Orquidea,60.0,Media,Meia-sombra,1,1
Espada-de-sao-jorge,36.0,Alta,Sombra,0,1
Ficus,47.0,Alta,Meia-sombra,0,1
Samambaia,71.0,Media,Sol-pleno,0,0
Samambaia,58.0,Baixa,Sol-pleno,1,0
Samambaia,,Media,Meia-sombra,0,1
Espada-de-sao-jorge,63.0,Alta,Meia-sombra,1,1
Orquidea,28.0,Baixa,Sol-pleno,0,1
Samambaia,78.0,Media,Sombra,1,0
Espada-de-sao-jorge,70.0,Media,Sombra,0,1
Cacto,56.0,Baixa,Sombra,0,1
Suculenta,,Media,Sol-pleno,0,1
Cacto,46.0,Alta,Meia-sombra,0,1
Ficus,64.0,Baixa,Sombra,0,1
Espada-de-sao-jorge,43.0,Media,Sombra,0,1
Ficus,55.0,Alta,Sombra,1,0
Samambaia,67.0,Baixa,Sol-pleno,1,0
Samambaia,39.0,Media,,1,1
Samambaia,38.0,Baixa,Sombra,1,1
Ficus,26.0,Media,Sombra,1,1
Ficus,29.0,Media,Meia-sombra,0,1
Orquidea,13.0,Baixa,Meia-sombra,0,1
Espada-de-sao-jorge,65.0,Baixa,Sol-pleno,1,1
Ficus,86.0,Media,,1,1
Samambaia,79.0,Alta,,1,0
Suculenta,17.0,Baixa,,1,1
Espada-de-sao-jorge,64.0,Alta,Meia-sombra,0,1
Orquidea,78.0,Baixa,Sol-pleno,1,1
Orquidea,41.0,Media,Meia-sombra,1,0
Suculenta,52.0,Media,Sombra,0,1
Cacto,,Media,Meia-sombra,1,1
Samambaia,55.0,Baixa,,0,1
Espada-de-sao-jorge,29.0,Alta,Sombra,1,0
Orquidea,54.0,Baixa,Sol-pleno,0,1
Ficus,,Alta,Meia-sombra,1,1
Orquidea,61.0,Media,Sombra,0,1
Ficus,70.0,Media,Meia-sombra,0,1
Orquidea,34.0,Baixa,Sol-pleno,0,1
Orquidea,27.0,Media,Sol-pleno,0,1
Ficus,7.0,Alta,Sombra,0,1
Cacto,45.0,Alta,,1,0
Ficus,38.0,Alta,Meia-sombra,0,1
Suculenta,19.0,Baixa,Meia-sombra,1,1
Espada-de-sao-jorge,59.0,Media,Sombra,0,1
Ficus,41.0,Media,Sol-pleno,0,1
Cacto,28.0,Alta,Sol-pleno,1,1
Espada-de-sao-jorge,39.0,Alta,Sombra,1,1
Samambaia,71.0,Alta,Meia-sombra,0,1
Ficus,62.0,Baixa,Sol-pleno,1,1
Cacto,47.0,Baixa,Meia-sombra,1,1
Suculenta,62.0,Alta,Sombra,0,1
Suculenta,27.0,Alta,Sol-pleno,1,1
Samambaia,51.0,Media,Sombra,1,1
Espada-de-sao-jorge,53.0,Baixa,Meia-sombra,0,1
Suculenta,41.0,Baixa,Meia-sombra,0,1
Samambaia,59.0,Alta,,0,1
Espada-de-sao-jorge,34.0,Media,Meia-sombra,0,1
Espada-de-sao-jorge,60.0,Media,Sol-pleno,1,1
Cacto,61.0,Alta,Sol-pleno,1,0
Ficus,5.0,Baixa,Sol-pleno,0,1
Suculenta,74.0,Alta,Sol-pleno,0,0
Suculenta,5.0,Baixa,Sol-pleno,0,1
Ficus,38.0,Alta,Sol-pleno,0,1
Suculenta,71.0,Alta,Sol-pleno,1,1
Espada-de-sao-jorge,44.0,Media,Meia-sombra,0,1
Ficus,21.0,Baixa,Sombra,0,0
Orquidea,28.0,Baixa,Sombra,0,1
Ficus,71.0,Baixa,Sol-pleno,0,1
Orquidea,12.0,Alta,Sombra,1,0
Cacto,,Baixa,Sol-pleno,1,1
Ficus,49.0,Media,Sol-pleno,0,1
Espada-de-sao-jorge,26.0,Media,,0,1
Ficus,38.0,Alta,Sol-pleno,0,0
Suculenta,30.0,Alta,Sombra,0,1
Samambaia,67.0,Media,Meia-sombra,0,1
Espada-de-sao-jorge,65.0,Alta,Sol-pleno,0,1
Orquidea,16.0,Media,Sol-pleno,1,0
Orquidea,42.0,Media,Sombra,0,1
Cacto,33.0,Baixa,Sol-pleno,0,1
Cacto,,Baixa,Meia-sombra,0,1
Suculenta,23.0,Media,Sol-pleno,1,0
Orquidea,82.0,Baixa,Meia-sombra,0,1
Espada-de-sao-jorge,49.0,Baixa,Meia-sombra,0,1
Ficus,27.0,Media,Sombra,1,1
Suculenta,36.0,Media,Meia-sombra,0,1
Ficus,34.0,Alta,Sol-pleno,1,0
Samambaia,25.0,Alta,Sol-pleno,0,1
Orquidea,52.0,Alta,Sombra,1,0
Samambaia,25.0,Baixa,Sombra,1,1
Orquidea,6.0,Media,Sol-pleno,0,1
Cacto,42.0,Alta,,0,1
Samambaia,14.0,Media,Sol-pleno,0,1
Cacto,35.0,Media,Sombra,1,1
Suculenta,32.0,Media,Meia-sombra,1,0
Orquidea,33.0,Media,Sombra,1,1
Suculenta,90.0,Media,Sol-pleno,1,1
Espada-de-sao-jorge,51.0,Baixa,Sol-pleno,0,1
Espada-de-sao-jorge,55.0,Media,Sombra,0,1
Orquidea,14.0,Baixa,,0,1
Suculenta,37.0,Alta,Sol-pleno,1,0
Samambaia,54.0,Alta,Sombra,1,1
Cacto,30.0,Media,Sol-pleno,0,1
Ficus,68.0,Media,Sol-pleno,0,1
Cacto,,Alta,,0,1
Espada-de-sao-jorge,44.0,Media,Sombra,1,1
Cacto,38.0,Media,Sol-pleno,1,0
Ficus,53.0,Baixa,Sombra,0,1
Suculenta,37.0,Baixa,Meia-sombra,0,1
Espada-de-sao-jorge,45.0,Baixa,Sombra,0,1
Espada-de-sao-jorge,45.0,Baixa,Meia-sombra,0,1
Samambaia,35.0,Alta,,1,1
Cacto,60.0,Media,Sol-pleno,0,1
Suculenta,55.0,Alta,Sol-pleno,0,1
Samambaia,48.0,Media,Meia-sombra,0,1
Samambaia,41.0,Alta,Meia-sombra,0,1
Samambaia,66.0,Media,Meia-sombra,1,1
Espada-de-sao-jorge,45.0,Media,Sol-pleno,0,1
Orquidea,44.0,Alta,Sombra,0,1
Espada-de-sao-jorge,52.0,Media,Sombra,0,1
Orquidea,84.0,Baixa,Meia-sombra,1,0
Espada-de-sao-jorge,23.0,Media,Sol-pleno,1,0
Ficus,65.0,Media,Sol-pleno,0,0
Espada-de-sao-jorge,12.0,Media,Sombra,0,1
Ficus,54.0,Alta,Sombra,0,1
Cacto,82.0,Alta,Meia-sombra,0,1
Suculenta,60.0,Media,Meia-sombra,0,1
Cacto,53.0,Baixa,Meia-sombra,1,1
Ficus,39.0,Media,Sombra,1,1
Samambaia,51.0,Alta,,0,1
Orquidea,45.0,Baixa,Sol-pleno,0,1
Samambaia,34.0,Alta,Sol-pleno,0,1
Samambaia,44.0,Media,Meia-sombra,0,1
Espada-de-sao-jorge,54.0,Alta,Sombra,0,1
Ficus,35.0,Alta,Meia-sombra,0,1
Espada-de-sao-jorge,34.0,Alta,Sombra,1,1
Espada-de-sao-jorge,23.0,Alta,Sombra,0,1
Suculenta,58.0,Baixa,Meia-sombra,1,1
Ficus,61.0,Media,Meia-sombra,0,1
Ficus,55.0,Baixa,Sombra,0,1
Samambaia,69.0,Baixa,Sol-pleno,0,0
Suculenta,52.0,Baixa,Sombra,1,1
Ficus,,Alta,Meia-sombra,0,1
Cacto,56.0,Media,Meia-sombra,0,1
Ficus,48.0,Alta,Meia-sombra,1,0
Suculenta,39.0,Baixa,Sol-pleno,1,1
Ficus,94.0,Baixa,Sol-pleno,0,1
Orquidea,41.0,Alta,Sol-pleno,0,0
Ficus,37.0,Alta,Meia-sombra,0,1
Samambaia,59.0,Alta,Sombra,1,1
Samambaia,55.0,Baixa,Meia-sombra,0,1
Orquidea,22.0,Media,Meia-sombra,0,1
Ficus,72.0,Baixa,Meia-sombra,0,1
Cacto,48.0,Alta,Meia-sombra,0,1
Suculenta,28.0,Baixa,Sombra,1,1
Suculenta,74.0,Alta,Meia-sombra,1,0
Orquidea,63.0,Baixa,Sol-pleno,0,0
Orquidea,25.0,Baixa,Meia-sombra,1,0
Cacto,86.0,Alta,Sol-pleno,0,1
Orquidea,63.0,Media,Sol-pleno,0,1
Samambaia,50.0,Media,Sol-pleno,0,1
Espada-de-sao-jorge,82.0,Media,Sombra,1,0
Suculenta,53.0,Baixa,Sol-pleno,0,1
Orquidea,49.0,Alta,Meia-sombra,0,1
Espada-de-sao-jorge,37.0,Media,Meia-sombra,1,1
Orquidea,62.0,Baixa,Meia-sombra,0,1
Espada-de-sao-jorge,60.0,Media,Sombra,1,1
Suculenta,50.0,Baixa,Sol-pleno,0,1
Ficus,34.0,Baixa,Meia-sombra,0,1
Cacto,53.0,Media,Sol-pleno,0,1
Samambaia,49.0,Baixa,Sol-pleno,0,0
Espada-de-sao-jorge,23.0,Baixa,Meia-sombra,0,1
Samambaia,21.0,Media,Sol-pleno,0,1
Samambaia,61.0,Media,Meia-sombra,1,0
Samambaia,5.0,Baixa,Meia-sombra,1,1
Suculenta,54.0,Alta,,1,1
Suculenta,40.0,Alta,Sol-pleno,0,1
Espada-de-sao-jorge,76.0,Baixa,Sol-pleno,0,1
Cacto,40.0,Baixa,Sol-pleno,0,1
Samambaia,63.0,Media,Meia-sombra,0,1
Ficus,42.0,Alta,Sol-pleno,1,0
Ficus,52.0,Baixa,Sombra,0,1
Cacto,65.0,Alta,Sol-pleno,0,1
Espada-de-sao-jorge,41.0,Baixa,,0,1
Suculenta,70.0,Baixa,Meia-sombra,0,1
Espada-de-sao-jorge,30.0,Alta,Sol-pleno,0,0
Ficus,56.0,Baixa,Sombra,0,1
Ficus,68.0,Baixa,Sol-pleno,0,1
Espada-de-sao-jorge,63.0,Alta,Meia-sombra,0,0
Ficus,88.0,Media,Meia-sombra,0,1
Ficus,35.0,Media,Sombra,1,1
Cacto,22.0,Alta,Meia-sombra,0,1
Espada-de-sao-jorge,30.0,Media,Sol-pleno,0,1
Orquidea,63.0,Media,Sombra,0,1
Ficus,60.0,Baixa,Meia-sombra,0,1
Espada-de-sao-jorge,52.0,Media,Sol-pleno,1,0
Espada-de-sao-jorge,28.0,Baixa,Meia-sombra,0,1
Orquidea,65.0,Alta,Meia-sombra,1,1
Espada-de-sao-jorge,26.0,Media,Meia-sombra,1,1
Samambaia,73.0,Baixa,Sombra,0,1
Espada-de-sao-jorge,107.0,Alta,Meia-sombra,0,1
Samambaia,57.0,Baixa,Sol-pleno,0,1
Orquidea,,Baixa,Meia-sombra,0,1
Suculenta,40.0,Alta,Meia-sombra,0,1
Orquidea,14.0,Alta,Sombra,0,1
Suculenta,38.0,Alta,Sol-pleno,0,1
Suculenta,28.0,Media,Sol-pleno,0,1
Suculenta,21.0,Alta,Sol-pleno,0,1
Orquidea,84.0,Baixa,Meia-sombra,0,1
Orquidea,55.0,Media,Meia-sombra,1,1
Ficus,58.0,Baixa,Meia-sombra,0,1
Orquidea,44.0,Media,Sombra,0,1
Suculenta,47.0,Baixa,Sombra,1,1
Samambaia,69.0,Baixa,Meia-sombra,0,1
Suculenta,49.0,Media,Meia-sombra,0,1
Espada-de-sao-jorge,61.0,Alta,Sombra,0,1
Espada-de-sao-jorge,46.0,Media,Sol-pleno,0,1
Espada-de-sao-jorge,43.0,Media,,1,1
Cacto,22.0,Media,Sol-pleno,0,0
Orquidea,10.0,Media,Sombra,0,1
Cacto,45.0,Baixa,Sombra,0,1
Orquidea,51.0,Media,Sombra,0,1
Suculenta,24.0,Alta,Sol-pleno,0,0
Samambaia,49.0,Baixa,Sombra,1,1
Samambaia,51.0,Media,Sol-pleno,0,1
Ficus,7.0,Alta,Sol-pleno,0,1
Ficus,32.0,Media,Sombra,0,1
Cacto,58.0,Baixa,Meia-sombra,1,1
Cacto,58.0,Media,Sombra,0,1
Ficus,,Alta,Meia-sombra,0,1
Cacto,53.0,Baixa,Sombra,0,1
Suculenta,70.0,Media,Sol-pleno,1,1
Samambaia,66.0,Alta,Sol-pleno,0,1
Cacto,,Baixa,Sombra,1,1
Cacto,41.0,Media,Sombra,0,1
Suculenta,37.0,Alta,,1,0
Cacto,59.0,Media,Meia-sombra,1,0
Orquidea,54.0,Media,Meia-sombra,0,1
Samambaia,63.0,Baixa,Sol-pleno,0,1
Cacto,53.0,Alta,Sombra,0,1
Cacto,66.0,Media,Sol-pleno,0,1
Samambaia,52.0,Alta,Meia-sombra,0,1
Orquidea,,Media,Meia-sombra,0,1
Samambaia,67.0,Media,Meia-sombra,1,1
Samambaia,34.0,Media,Sol-pleno,0,1
Orquidea,14.0,Alta,Meia-sombra,0,1
Espada-de-sao-jorge,,Alta,Sombra,0,1
Orquidea,55.0,Baixa,Sombra,0,1
Espada-de-sao-jorge,16.0,Alta,Sol-pleno,0,1
Espada-de-sao-jorge,36.0,Alta,Meia-sombra,0,1
Cacto,65.0,Baixa,Sombra,0,1
Orquidea,44.0,Baixa,Sombra,1,1
Samambaia,40.0,Alta,Sombra,0,1
Cacto,78.0,Alta,Sol-pleno,1,0
Suculenta,29.0,Media,Sol-pleno,0,1
Espada-de-sao-jorge,34.0,Media,Meia-sombra,0,1
Espada-de-sao-jorge,54.0,Alta,Sombra,0,1
Cacto,,Baixa,Meia-sombra,0,1
Suculenta,60.0,Baixa,Sombra,1,1
Samambaia,68.0,Alta,Meia-sombra,0,1
Orquidea,54.0,Baixa,Meia-sombra,0,1
Suculenta,60.0,Media,Sol-pleno,1,1
Suculenta,,Media,Sombra,0,1
Orquidea,51.0,Media,Sombra,1,0
Suculenta,52.0,Baixa,Sombra,0,1
Ficus,54.0,Alta,Meia-sombra,1,1
Samambaia,65.0,Alta,Meia-sombra,0,1
Samambaia,61.0,Baixa,Sombra,0,1
Orquidea,51.0,Media,Sol-pleno,0,1
Ficus,34.0,Baixa,Meia-sombra,0,1
Samambaia,51.0,Baixa,Sol-pleno,1,0
Suculenta,49.0,Alta,Meia-sombra,0,1
Orquidea,54.0,Media,Sombra,0,1
Suculenta,94.0,Media,,0,1
Espada-de-sao-jorge,40.0,Alta,Meia-sombra,1,1
Espada-de-sao-jorge,58.0,Alta,Meia-sombra,0,1
Ficus,71.0,Alta,Sol-pleno,1,1
Espada-de-sao-jorge,52.0,Alta,Sol-pleno,0,1
Suculenta,97.0,Media,Sombra,1,1
Suculenta,42.0,Media,Sombra,0,1
Ficus,56.0,Baixa,Sombra,0,1
Suculenta,34.0,Alta,Sombra,0,1
Orquidea,43.0,Baixa,Sombra,0,1
Suculenta,,Alta,Sombra,1,1
Ficus,67.0,Alta,Meia-sombra,1,1
Suculenta,56.0,Baixa,Sombra,0,1
Espada-de-sao-jorge,75.0,Alta,Sombra,1,1
Orquidea,48.0,Alta,Sombra,0,1
Ficus,43.0,Media,Sol-pleno,0,1
Espada-de-sao-jorge,104.0,Media,Meia-sombra,0,1
Espada-de-sao-jorge,58.0,Alta,Sol-pleno,0,1
Samambaia,36.0,Media,Sombra,0,1
Orquidea,36.0,Baixa,Sombra,0,1
Cacto,31.0,Baixa,Meia-sombra,0,1
Suculenta,69.0,Alta,Meia-sombra,1,1
Cacto,43.0,Media,Sombra,1,1
Orquidea,53.0,Baixa,Sombra,0,1
Espada-de-sao-jorge,,Alta,Meia-sombra,0,1
Orquidea,65.0,Baixa,Sombra,1,1
Espada-de-sao-jorge,33.0,Baixa,Meia-sombra,0,1
Espada-de-sao-jorge,28.0,Media,Sol-pleno,1,1
Ficus,54.0,Baixa,Meia-sombra,0,1
Samambaia,62.0,Media,Meia-sombra,0,1
Orquidea,57.0,Alta,Meia-sombra,0,1
Suculenta,34.0,Alta,Sol-pleno,1,1
Ficus,64.0,Alta,Meia-sombra,1,1
Ficus,35.0,Baixa,Meia-sombra,0,1
Suculenta,,Baixa,Sol-pleno,1,1
Suculenta,31.0,Alta,Sombra,1,1
Samambaia,76.0,Media,Sombra,0,1
Samambaia,63.0,Alta,Meia-sombra,1,1
Ficus,62.0,Baixa,Sombra,0,1
Suculenta,,Alta,Sombra,0,1
Ficus,106.0,Media,Sombra,0,1
Suculenta,16.0,Alta,Sol-pleno,1,0
Cacto,35.0,Baixa,Meia-sombra,1,1
Cacto,38.0,Media,Sol-pleno,0,1
Orquidea,33.0,Alta,Sombra,0,1
Suculenta,28.0,Media,Meia-sombra,0,1
Orquidea,44.0,Media,Meia-sombra,1,1
Orquidea,26.0,Baixa,Meia-sombra,1,0
Espada-de-sao-jorge,57.0,Alta,Sol-pleno,0,1
Orquidea,51.0,Baixa,Sol-pleno,0,1
Suculenta,60.0,Media,,0,1
Cacto,,Alta,Sol-pleno,0,1
Samambaia,62.0,Media,Sombra,0,1
Suculenta,43.0,Media,Sombra,0,1
Ficus,92.0,Baixa,Sol-pleno,0,1
Espada-de-sao-jorge,,Media,Sombra,0,1
Espada-de-sao-jorge,13.0,Alta,Sombra,1,0
Ficus,,Baixa,Sombra,0,1
Orquidea,15.0,Media,Sombra,0,1
Ficus,50.0,Media,Meia-sombra,1,1
Orquidea,48.0,Baixa,Sombra,1,1
Ficus,41.0,Alta,Meia-sombra,0,1
Cacto,90.0,Media,Sol-pleno,0,1
Suculenta,61.0,Baixa,Sombra,0,1
Orquidea,65.0,Media,Sol-pleno,0,1
Cacto,31.0,Alta,Meia-sombra,0,1
Espada-de-sao-jorge,30.0,Alta,Meia-sombra,0,1
Orquidea,51.0,Media,Meia-sombra,0,1
Samambaia,53.0,Media,Sombra,0,1
Orquidea,13.0,Alta,Sombra,1,1
Orquidea,46.0,Baixa,Meia-sombra,0,1
Cacto,50.0,Baixa,Sol-pleno,0,1
Orquidea,46.0,Media,Meia-sombra,0,1
Espada-de-sao-jorge,34.0,Media,Meia-sombra,1,1
Orquidea,39.0,Media,Meia-sombra,0,1
Orquidea,,Baixa,Meia-sombra,0,1
Suculenta,52.0,Alta,Sombra,0,1
Samambaia,62.0,Media,,0,1
Orquidea,72.0,Alta,Sol-pleno,1,1
Cacto,44.0,Alta,Sombra,1,1
Suculenta,41.0,Alta,Sol-pleno,0,0
Samambaia,59.0,Media,Sol-pleno,0,1
Samambaia,62.0,Media,Sombra,0,1
Ficus,,Baixa,Meia-sombra,0,1
Espada-de-sao-jorge,66.0,Media,Sol-pleno,0,1
Ficus,70.0,Alta,Meia-sombra,1,1
Ficus,,Media,,1,1
Espada-de-sao-jorge,86.0,Baixa,Sol-pleno,0,1
Suculenta,33.0,Baixa,Meia-sombra,0,1
Cacto,50.0,Media,Sol-pleno,0,1
Orquidea,50.0,Media,Sol-pleno,0,1
Cacto,48.0,Alta,Sol-pleno,0,1
Ficus,37.0,Alta,,1,0
Orquidea,20.0,Media,Sombra,1,1
Samambaia,52.0,Media,Sombra,0,1
Suculenta,35.0,Alta,Sombra,0,1
Espada-de-sao-jorge,52.0,Baixa,Sombra,0,1
Espada-de-sao-jorge,34.0,Media,Sol-pleno,1,1
Cacto,28.0,Media,Meia-sombra,0,1
Orquidea,55.0,Alta,Meia-sombra,0,1
Suculenta,53.0,Alta,,0,1
Cacto,62.0,Media,Sol-pleno,0,1
Ficus,,Media,Meia-sombra,0,1
Cacto,56.0,Alta,Sol-pleno,0,0
Suculenta,60.0,Media,Sombra,0,1
Espada-de-sao-jorge,28.0,Baixa,Sombra,1,1
Ficus,24.0,Baixa,Sombra,0,1
Orquidea,82.0,Alta,Sombra,0,1
Espada-de-sao-jorge,,Media,Sol-pleno,1,1
Espada-de-sao-jorge,29.0,Baixa,Meia-sombra,0,1
Cacto,49.0,Alta,Meia-sombra,0,1
Ficus,48.0,Alta,Sombra,0,1
Samambaia,32.0,Media,Sombra,0,1
Espada-de-sao-jorge,,Baixa,Sol-pleno,1,0
Espada-de-sao-jorge,75.0,Alta,Sol-pleno,0,1
Suculenta,34.0,Baixa,Sol-pleno,0,1
Ficus,22.0,Media,Sol-pleno,0,1
Ficus,,Alta,Meia-sombra,0,1
Cacto,60.0,Media,Sombra,0,1
Suculenta,38.0,Baixa,,1,1
Ficus,18.0,Baixa,Sol-pleno,1,1
Orquidea,35.0,Media,Meia-sombra,1,1
Suculenta,49.0,Alta,Sombra,0,1
Ficus,73.0,Alta,Sol-pleno,0,1
Ficus,29.0,Baixa,Sol-pleno,1,1
Cacto,48.0,Baixa,Sombra,0,1
Orquidea,64.0,Alta,Sombra,0,1
Orquidea,5.0,Baixa,Sol-pleno,1,0
Cacto,71.0,Baixa,Sombra,0,1
Samambaia,26.0,Media,,0,1
Espada-de-sao-jorge,57.0,Media,Sol-pleno,1,1
Cacto,55.0,Baixa,Sombra,0,1
Samambaia,72.0,Baixa,Sombra,0,1
Cacto,61.0,Baixa,Meia-sombra,0,1
Ficus,5.0,Media,Meia-sombra,1,1
Samambaia,34.0,Baixa,Sol-pleno,0,1
Suculenta,53.0,Baixa,Meia-sombra,1,1
Espada-de-sao-jorge,46.0,Media,Sombra,0,1
Orquidea,60.0,Baixa,Sol-pleno,0,1
Orquidea,66.0,Baixa,Sol-pleno,0,1
Suculenta,62.0,Media,Meia-sombra,0,1
Ficus,,Baixa,Sol-pleno,0,1
Cacto,13.0,Media,Sol-pleno,0,1
Espada-de-sao-jorge,41.0,Media,Sol-pleno,0,1
Ficus,58.0,Media,Sol-pleno,0,0
Espada-de-sao-jorge,28.0,Media,Meia-sombra,1,1
Orquidea,63.0,Alta,Sombra,1,1
Samambaia,68.0,Baixa,Meia-sombra,0,1
Orquidea,53.0,Baixa,Sol-pleno,0,1
Espada-de-sao-jorge,5.0,Baixa,Sol-pleno,0,1
Ficus,24.0,Alta,Sol-pleno,0,1
Ficus,88.0,Alta,Meia-sombra,0,1
Suculenta,39.0,Alta,Meia-sombra,0,1
Espada-de-sao-jorge,10.0,Media,Sombra,0,1
Ficus,75.0,Media,Sombra,0,1
Suculenta,50.0,Media,Sombra,1,1
Ficus,72.0,Baixa,Sol-pleno,0,1
Suculenta,56.0,Media,Sol-pleno,0,1
Suculenta,59.0,Media,Sombra,0,1
Ficus,57.0,Baixa,Meia-sombra,0,1
Orquidea,64.0,Alta,Meia-sombra,0,1
Espada-de-sao-jorge,96.0,Alta,Sombra,0,1
Espada-de-sao-jorge,69.0,Baixa,Meia-sombra,1,1
Ficus,18.0,Alta,Meia-sombra,0,1
Samambaia,59.0,Baixa,Sol-pleno,0,1
Samambaia,73.0,Alta,Sol-pleno,0,0
Cacto,74.0,Alta,Sombra,1,1
Ficus,41.0,Baixa,Meia-sombra,1,0
Espada-de-sao-jorge,73.0,Media,Sol-pleno,1,1
Orquidea,69.0,Baixa,Sol-pleno,0,1
Orquidea,101.0,Alta,Sol-pleno,0,0
Samambaia,35.0,Baixa,Sol-pleno,0,1
Ficus,40.0,Baixa,Sombra,1,1
Espada-de-sao-jorge,44.0,Baixa,Sol-pleno,1,1
Samambaia,40.0,Baixa,Sol-pleno,1,1
Suculenta,,Baixa,Sol-pleno,0,1
Espada-de-sao-jorge,5.0,Media,Sol-pleno,1,1
Ficus,41.0,Media,Sombra,1,0
Ficus,57.0,Media,Sombra,0,1
Ficus,40.0,Baixa,Meia-sombra,0,1
Ficus,89.0,Baixa,Meia-sombra,0,1
Ficus,50.0,Alta,Sombra,0,1
Orquidea,76.0,Baixa,Sombra,0,1
Suculenta,55.0,Baixa,Sol-pleno,0,1
Espada-de-sao-jorge,67.0,Media,Meia-sombra,1,1
Orquidea,56.0,Baixa,Sombra,1,1
Espada-de-sao-jorge,77.0,Media,Meia-sombra,1,0
Samambaia,51.0,Alta,Meia-sombra,0,1
Samambaia,60.0,Baixa,Sombra,0,1
Espada-de-sao-jorge,57.0,Alta,Sol-pleno,0,0
Samambaia,44.0,Media,Meia-sombra,1,1
Ficus,58.0,Media,Sombra,0,1
Orquidea,95.0,Media,Sombra,1,1
Orquidea,45.0,Media,Sol-pleno,0,1
Espada-de-sao-jorge,58.0,Baixa,Sombra,0,1
Espada-de-sao-jorge,75.0,Baixa,Sombra,1,1
Ficus,73.0,Alta,Meia-sombra,0,1
Orquidea,50.0,Baixa,Meia-sombra,1,1
Espada-de-sao-jorge,5.0,Alta,Sombra,0,1
Orquidea,60.0,Media,Meia-sombra,0,1
Orquidea,6.0,Alta,Sombra,0,0
Espada-de-sao-jorge,79.0,Media,,1,0
Cacto,53.0,Media,Sombra,0,1
Ficus,70.0,Media,Meia-sombra,1,0
Cacto,32.0,Media,Sol-pleno,1,0
Samambaia,19.0,Baixa,Sol-pleno,0,1
Ficus,55.0,Media,Sombra,1,1
Ficus,,Media,Sombra,1,1
Orquidea,40.0,Baixa,Sombra,0,1
Suculenta,52.0,Alta,Meia-sombra,1,1
Suculenta,105.0,Media,Meia-sombra,0,1
Orquidea,67.0,Baixa,Sol-pleno,0,1
Suculenta,71.0,Alta,Sol-pleno,0,1
Suculenta,67.0,Baixa,Sol-pleno,1,0
Ficus,80.0,Media,Sombra,0,1
Espada-de-sao-jorge,46.0,Media,Sombra,0,1
Cacto,9.0,Media,Sol-pleno,0,0
Ficus,46.0,Alta,,0,0
Orquidea,66.0,Alta,Sombra,1,1
Orquidea,31.0,Media,Sombra,1,1
Ficus,46.0,Alta,Sol-pleno,0,1
Samambaia,36.0,Alta,Meia-sombra,0,1
Ficus,80.0,Alta,Sol-pleno,1,1
Samambaia,65.0,Media,Meia-sombra,0,1
Ficus,63.0,Baixa,Sol-pleno,0,1
Orquidea,62.0,Baixa,Sol-pleno,1,1
Suculenta,49.0,Media,Sombra,1,1
Espada-de-sao-jorge,54.0,Media,Sombra,0,0
Orquidea,26.0,Baixa,Sol-pleno,0,0
Suculenta,6.0,Baixa,,1,1
Suculenta,53.0,Alta,Sombra,0,1
Ficus,56.0,Alta,Sol-pleno,0,0
Ficus,74.0,Alta,Sombra,1,1
Suculenta,81.0,Baixa,Sombra,0,1
Ficus,81.0,Baixa,Sombra,0,1
Ficus,30.0,Baixa,Meia-sombra,0,1
Samambaia,43.0,Alta,Meia-sombra,0,1
Espada-de-sao-jorge,60.0,Media,Sol-pleno,0,1
Cacto,101.0,Alta,Sol-pleno,0,1
Orquidea,80.0,Media,Meia-sombra,0,1
Cacto,72.0,Media,Sol-pleno,1,1
Samambaia,42.0,Media,Sombra,0,1
Cacto,32.0,Alta,Meia-sombra,0,1
Ficus,66.0,Media,Sombra,0,1
Orquidea,28.0,Media,Sombra,0,1
Samambaia,45.0,Alta,Sol-pleno,1,0
Cacto,48.0,Media,,0,1
Espada-de-sao-jorge,82.0,Alta,Meia-sombra,0,1
Suculenta,,Media,Meia-sombra,1,1
Cacto,5.0,Alta,Sombra,0,1
Suculenta,60.0,Media,Sol-pleno,0,1
Orquidea,36.0,Media,Sombra,1,0
Samambaia,51.0,Baixa,Sombra,0,0
Suculenta,48.0,Media,Meia-sombra,1,1
Espada-de-sao-jorge,45.0,Baixa,Sombra,1,1
Suculenta,66.0,Media,Sol-pleno,1,1
Cacto,19.0,Alta,Sombra,0,1
Ficus,40.0,Media,Sombra,1,1
Samambaia,64.0,Media,Sombra,1,1
Espada-de-sao-jorge,38.0,Baixa,Sombra,0,1
Suculenta,18.0,Alta,Sombra,1,0
Samambaia,63.0,Media,Meia-sombra,0,1
Cacto,72.0,Media,Sombra,1,1
Suculenta,49.0,Baixa,Sombra,0,1
Suculenta,11.0,Baixa,Sombra,0,1
Orquidea,64.0,Baixa,,0,1
Samambaia,17.0,Alta,Meia-sombra,1,1
Suculenta,,Alta,Sol-pleno,0,1
Cacto,32.0,Baixa,Sombra,0,1
Espada-de-sao-jorge,27.0,Baixa,Sol-pleno,0,1
Ficus,41.0,Alta,Sol-pleno,1,0
Ficus,46.0,Media,Sombra,0,1
Cacto,37.0,Baixa,Meia-sombra,0,1
Suculenta,62.0,Media,Meia-sombra,0,1
Orquidea,41.0,Baixa,Meia-sombra,0,1
Cacto,70.0,Baixa,Sombra,0,1
Espada-de-sao-jorge,56.0,Media,Meia-sombra,0,1
Cacto,36.0,Alta,Sombra,1,1
Ficus,33.0,Alta,,1,0
Ficus,17.0,Baixa,,0,1
Espada-de-sao-jorge,56.0,Media,Sombra,0,1
Ficus,43.0,Alta,Meia-sombra,0,0
Espada-de-sao-jorge,5.0,Alta,Sol-pleno,1,0
Samambaia,39.0,Alta,Sol-pleno,0,0
Ficus,32.0,Baixa,Sombra,0,1
Samambaia,82.0,Baixa,Sol-pleno,1,0
Suculenta,16.0,Baixa,Sombra,0,1
Cacto,21.0,Baixa,Sombra,0,1
Orquidea,72.0,Baixa,Sombra,0,1
Suculenta,77.0,Baixa,Sol-pleno,0,1
Cacto,35.0,Media,Sol-pleno,0,1
Suculenta,37.0,Media,Meia-sombra,1,1
Espada-de-sao-jorge,62.0,Media,,0,1
Cacto,5.0,Baixa,Sombra,0,1
Ficus,13.0,Baixa,Sombra,1,1
Cacto,44.0,Alta,Sol-pleno,1,0
Espada-de-sao-jorge,81.0,Media,Sol-pleno,0,1
Samambaia,41.0,Baixa,Sombra,1,1
Espada-de-sao-jorge,52.0,Alta,Sombra,0,1
Suculenta,73.0,Alta,Meia-sombra,0,1
Suculenta,,Alta,Sombra,0,1
Samambaia,38.0,Baixa,Sol-pleno,0,1
Espada-de-sao-jorge,50.0,Media,Sol-pleno,1,0
Ficus,86.0,Alta,Sombra,1,1
Samambaia,20.0,Alta,Sombra,0,1
Cacto,71.0,Baixa,Sol-pleno,0,1
Cacto,30.0,Alta,Meia-sombra,1,1
Cacto,52.0,Media,Sombra,0,1
Ficus,45.0,Media,Sombra,0,1
Samambaia,31.0,Media,Sol-pleno,0,1
Ficus,30.0,Alta,Sol-pleno,0,1
Suculenta,56.0,Baixa,Sombra,0,1
Cacto,70.0,Media,Sol-pleno,1,0
Suculenta,47.0,Alta,Sombra,0,1
Suculenta,51.0,Media,Sombra,0,1
Orquidea,61.0,Baixa,,1,1
Suculenta,31.0,Baixa,Meia-sombra,0,1
Suculenta,65.0,Media,Sol-pleno,1,0
Suculenta,66.0,Alta,Sol-pleno,0,1
Suculenta,102.0,Media,Sombra,0,1
Suculenta,42.0,Alta,Meia-sombra,0,1
Samambaia,41.0,Media,Sol-pleno,1,1
Samambaia,65.0,Media,Meia-sombra,1,1
Orquidea,66.0,Baixa,Sombra,1,1
Cacto,39.0,Media,Sombra,0,1
Suculenta,42.0,Baixa,Meia-sombra,0,1
Samambaia,61.0,Alta,Meia-sombra,1,1
Cacto,33.0,Baixa,Meia-sombra,0,1
Suculenta,42.0,Alta,Sombra,1,1
Suculenta,52.0,Baixa,Sombra,0,0
Suculenta,70.0,Media,Meia-sombra,0,1
Cacto,38.0,Baixa,Sol-pleno,1,0
Espada-de-sao-jorge,13.0,Baixa,Meia-sombra,0,1
Suculenta,12.0,Alta,Meia-sombra,0,1
Orquidea,25.0,Baixa,Sol-pleno,0,1
Orquidea,24.0,Media,Sol-pleno,1,0
Suculenta,47.0,Alta,Sol-pleno,0,1
Espada-de-sao-jorge,26.0,Media,Meia-sombra,0,1
Ficus,36.0,Baixa,Sol-pleno,1,0
Espada-de-sao-jorge,35.0,Media,,0,1
Espada-de-sao-jorge,41.0,Media,Meia-sombra,1,1
Suculenta,76.0,Baixa,Meia-sombra,1,1
Orquidea,63.0,Baixa,Sol-pleno,0,1
Suculenta,50.0,Media,Sol-pleno,1,1
Samambaia,41.0,Media,Sombra,0,1
Orquidea,41.0,Baixa,Sol-pleno,0,1
Samambaia,57.0,Media,Sombra,0,0
Samambaia,62.0,Media,Meia-sombra,0,1
Suculenta,32.0,Baixa,Sol-pleno,0,1
Espada-de-sao-jorge,51.0,Media,Meia-sombra,0,1
Cacto,9.0,Alta,Sombra,0,1
Cacto,54.0,Media,Meia-sombra,0,1
Ficus,65.0,Media,Meia-sombra,0,1
Ficus,44.0,Alta,Meia-sombra,1,1
Ficus,86.0,Media,Sombra,0,1
Ficus,32.0,Baixa,Meia-sombra,0,1
Espada-de-sao-jorge,54.0,Media,Sombra,0,1
Espada-de-sao-jorge,49.0,Media,Meia-sombra,0,1
Orquidea,48.0,Media,Sol-pleno,0,1
Ficus,48.0,Baixa,Sol-pleno,0,1
Ficus,52.0,Baixa,Meia-sombra,0,1
Samambaia,67.0,Media,,1,1
Suculenta,78.0,Alta,Sombra,0,1
Cacto,50.0,Alta,,0,1
Cacto,66.0,Alta,Meia-sombra,1,1
Samambaia,36.0,Baixa,Sol-pleno,0,1
Orquidea,65.0,Media,Sol-pleno,0,1
Samambaia,35.0,Media,Meia-sombra,0,1
Ficus,72.0,Media,Meia-sombra,0,1
Orquidea,94.0,Media,Sol-pleno,0,1
Espada-de-sao-jorge,48.0,Media,Sombra,0,1
Ficus,6.0,Baixa,Sombra,0,1
Cacto,39.0,Alta,Meia-sombra,1,0
Orquidea,75.0,Alta,Meia-sombra,0,1
Orquidea,61.0,Baixa,Sol-pleno,0,1
Espada-de-sao-jorge,55.0,Media,Sombra,0,1
Cacto,70.0,Media,Meia-sombra,1,1
Cacto,60.0,Alta,Sombra,0,1
Orquidea,74.0,Alta,Sombra,0,1
Ficus,68.0,Media,Sol-pleno,0,0
Samambaia,,Alta,Sol-pleno,1,0
Suculenta,,Alta,Sol-pleno,0,1
Orquidea,68.0,Alta,Sombra,0,1
Ficus,44.0,Baixa,Meia-sombra,0,1
Suculenta,38.0,Alta,Sol-pleno,0,0
Cacto,84.0,Media,Sombra,0,1
Suculenta,54.0,Baixa,Sol-pleno,0,1
Espada-de-sao-jorge,66.0,Alta,Sol-pleno,0,0
Ficus,52.0,Alta,Meia-sombra,1,0
Espada-de-sao-jorge,38.0,Media,Meia-sombra,1,1
Cacto,50.0,Media,Sombra,0,1
Orquidea,79.0,Media,Sol-pleno,0,1
Cacto,61.0,Baixa,Sol-pleno,0,1
Samambaia,,Alta,Sol-pleno,0,1
Orquidea,46.0,Baixa,Sol-pleno,0,1
Orquidea,86.0,Media,Meia-sombra,0,1
Ficus,46.0,Baixa,Sol-pleno,1,1
Orquidea,14.0,Alta,Sombra,0,1
Orquidea,88.0,Alta,Sol-pleno,1,0
Cacto,64.0,Media,Sombra,0,1
Espada-de-sao-jorge,49.0,Media,Meia-sombra,0,1
Suculenta,43.0,Alta,Sombra,0,1
Cacto,72.0,Alta,Sombra,0,1
Ficus,39.0,Alta,Meia-sombra,0,1
Orquidea,73.0,Baixa,Meia-sombra,0,1
Samambaia,61.0,Media,Sombra,0,1
Orquidea,55.0,Alta,Sol-pleno,0,1
Suculenta,53.0,Baixa,Sombra,0,1
Cacto,47.0,Alta,Sol-pleno,0,1
Ficus,71.0,Baixa,,0,1
Orquidea,33.0,Alta,Meia-sombra,1,0
Ficus,,Media,Sombra,0,1
Cacto,62.0,Alta,Sol-pleno,0,1
Espada-de-sao-jorge,63.0,Alta,,0,1
Espada-de-sao-jorge,60.0,Baixa,Sombra,0,1
Espada-de-sao-jorge,58.0,Media,Sombra,0,1
Espada-de-sao-jorge,44.0,Alta,Meia-sombra,0,1
Suculenta,66.0,Baixa,Sol-pleno,0,1
Samambaia,49.0,Alta,Sombra,0,1
Espada-de-sao-jorge,40.0,Baixa,Sombra,0,1
Orquidea,44.0,Media,Meia-sombra,1,1
Espada-de-sao-jorge,90.0,Media,Sombra,1,1
Suculenta,15.0,Alta,Sombra,0,1
Ficus,60.0,Alta,Sombra,0,1
Suculenta,16.0,Media,Meia-sombra,0,1
Cacto,48.0,Baixa,Sol-pleno,0,1
Espada-de-sao-jorge,41.0,Media,Meia-sombra,0,1
Cacto,8.0,Media,Sombra,0,1
Samambaia,58.0,Alta,Meia-sombra,0,1
Ficus,42.0,Alta,Meia-sombra,0,1
Espada-de-sao-jorge,8.0,Media,Sombra,0,1
Orquidea,67.0,Alta,Sombra,1,1
Ficus,79.0,Baixa,Sombra,1,1
Cacto,80.0,Baixa,Sol-pleno,0,1
Cacto,57.0,Baixa,Sol-pleno,0,0
Cacto,51.0,Alta,Sombra,0,1
Espada-de-sao-jorge,77.0,Baixa,Sombra,0,1
Ficus,84.0,Media,Meia-sombra,0,1
Samambaia,73.0,Alta,Sombra,1,0
Samambaia,31.0,Alta,Sol-pleno,0,0
Samambaia,54.0,Alta,Sol-pleno,0,1
Espada-de-sao-jorge,59.0,Baixa,Sombra,1,1
Espada-de-sao-jorge,14.0,Media,,0,1
Ficus,59.0,Media,Sombra,0,1
Suculenta,95.0,Alta,Meia-sombra,1,0
Samambaia,63.0,Media,Sol-pleno,1,0
Samambaia,79.0,Media,Meia-sombra,0,1
Samambaia,54.0,Baixa,Sombra,1,1
Samambaia,49.0,Baixa,Sombra,0,1
Cacto,,Media,Sombra,0,1
Espada-de-sao-jorge,34.0,Baixa,Sombra,0,1
Suculenta,31.0,Media,Meia-sombra,1,1
Orquidea,75.0,Alta,Meia-sombra,1,1
Cacto,77.0,Media,Sombra,0,1
Ficus,30.0,Media,Sombra,0,1
Ficus,69.0,Baixa,Sol-pleno,1,0
Samambaia,48.0,Media,Sol-pleno,0,1
Samambaia,57.0,Media,Meia-sombra,0,1
Espada-de-sao-jorge,59.0,Baixa,Meia-sombra,1,1
Espada-de-sao-jorge,70.0,Baixa,Meia-sombra,0,1
Espada-de-sao-jorge,52.0,Alta,Meia-sombra,0,1
Suculenta,78.0,Alta,Sombra,0,1
Suculenta,56.0,Media,Meia-sombra,0,1
Suculenta,62.0,Alta,Sol-pleno,1,1
Cacto,33.0,Baixa,Meia-sombra,0,1
Orquidea,93.0,Baixa,Sol-pleno,0,1
Orquidea,59.0,Alta,Meia-sombra,0,1
Orquidea,64.0,Baixa,Sombra,0,1
Suculenta,18.0,Media,Meia-sombra,0,1
Ficus,34.0,Baixa,Sol-pleno,0,1
Orquidea,75.0,Baixa,Meia-sombra,0,1
Cacto,56.0,Media,Meia-sombra,0,1
Orquidea,12.0,Media,Sombra,0,1
Suculenta,71.0,Alta,Sol-pleno,0,0
Espada-de-sao-jorge,39.0,Alta,Meia-sombra,0,1
Cacto,78.0,Media,Sombra,0,1
Espada-de-sao-jorge,48.0,Media,Meia-sombra,0,1
Espada-de-sao-jorge,54.0,Baixa,Sombra,0,1
Samambaia,74.0,Baixa,Sol-pleno,0,1
Cacto,32.0,Baixa,Sol-pleno,1,0
Suculenta,30.0,Alta,Sombra,0,1
Orquidea,,Baixa,Sol-pleno,1,0
Orquidea,67.0,Media,Sombra,1,0
Espada-de-sao-jorge,23.0,Alta,Meia-sombra,0,1
Cacto,17.0,Alta,Meia-sombra,0,1
Suculenta,66.0,Media,Sombra,0,1
Cacto,38.0,Baixa,Sol-pleno,0,1
Espada-de-sao-jorge,42.0,Media,Sol-pleno,0,1
Samambaia,,Media,Meia-sombra,0,1
Suculenta,36.0,Baixa,Sombra,1,1
Ficus,50.0,Alta,Sol-pleno,0,1
Espada-de-sao-jorge,69.0,Alta,Meia-sombra,1,1
Cacto,35.0,Baixa,Sol-pleno,1,1
Cacto,83.0,Baixa,Meia-sombra,0,1
Suculenta,36.0,Baixa,Sombra,1,1
Cacto,36.0,Alta,Sombra,1,1
Espada-de-sao-jorge,81.0,Baixa,Sombra,0,1
Suculenta,54.0,Alta,Sombra,0,1
Suculenta,39.0,Alta,,0,1
Ficus,47.0,Media,Sombra,0,1
Ficus,77.0,Media,Sol-pleno,0,1
Cacto,79.0,Alta,Sol-pleno,0,1
Espada-de-sao-jorge,34.0,Alta,Sombra,0,1
Espada-de-sao-jorge,49.0,Baixa,Sombra,1,1
Suculenta,52.0,Baixa,Sol-pleno,0,1
Suculenta,30.0,Media,Meia-sombra,0,1
Cacto,49.0,Baixa,Meia-sombra,0,1
Samambaia,50.0,Baixa,Sol-pleno,1,0
Ficus,73.0,Alta,Meia-sombra,0,1
Cacto,74.0,Media,Sol-pleno,0,1
Samambaia,43.0,Media,Meia-sombra,0,1
Samambaia,46.0,Baixa,Meia-sombra,0,1
Samambaia,63.0,Baixa,Sombra,1,1
Ficus,38.0,Baixa,Meia-sombra,0,1
Suculenta,62.0,Media,Sol-pleno,0,1
Espada-de-sao-jorge,48.0,Baixa,Meia-sombra,0,1
Orquidea,31.0,Media,Sombra,1,0
Cacto,31.0,Baixa,Meia-sombra,1,1
Cacto,79.0,Media,Sol-pleno,0,1
Samambaia,47.0,Media,Sol-pleno,1,1
Ficus,83.0,Baixa,Meia-sombra,0,1
Suculenta,40.0,Media,Sol-pleno,1,0
Suculenta,56.0,Baixa,Sombra,1,1
Ficus,98.0,Baixa,Meia-sombra,0,1
Cacto,29.0,Alta,Meia-sombra,0,1
Samambaia,12.0,Alta,Sombra,0,1
Samambaia,,Media,Sol-pleno,0,1
Orquidea,33.0,Alta,Sol-pleno,0,1
Suculenta,50.0,Media,Sombra,0,1
Suculenta,38.0,Baixa,Sombra,0,1
Orquidea,55.0,Alta,Sol-pleno,0,1
Espada-de-sao-jorge,31.0,Media,Sol-pleno,0,1
Orquidea,46.0,Media,Sol-pleno,0,1
Suculenta,59.0,Media,Sombra,0,1
Espada-de-sao-jorge,30.0,Baixa,Sol-pleno,0,1
Cacto,36.0,Alta,Sol-pleno,1,1
Espada-de-sao-jorge,43.0,Media,Sol-pleno,1,1
Orquidea,21.0,Media,Sol-pleno,0,1
Suculenta,42.0,Baixa,Sol-pleno,0,1
Espada-de-sao-jorge,52.0,Alta,Meia-sombra,0,1
Suculenta,42.0,Baixa,Sombra,1,1
Orquidea,45.0,Baixa,Sombra,0,1
Samambaia,50.0,Alta,Sol-pleno,1,0
Espada-de-sao-jorge,37.0,Baixa,Sol-pleno,0,1
Suculenta,64.0,Media,Sombra,0,1
Orquidea,79.0,Alta,Meia-sombra,0,1
Cacto,41.0,Alta,,1,1
Espada-de-sao-jorge,60.0,Media,Sombra,1,1
Ficus,45.0,Alta,Meia-sombra,0,1
Ficus,57.0,Alta,Meia-sombra,0,1
Suculenta,81.0,Alta,Meia-sombra,0,1
Orquidea,60.0,Baixa,Meia-sombra,1,1
Orquidea,,Alta,Meia-sombra,0,1
Cacto,59.0,Baixa,Sol-pleno,1,1
Suculenta,75.0,Alta,Sombra,0,1
Suculenta,46.0,Baixa,Sombra,0,1
Espada-de-sao-jorge,70.0,Baixa,Meia-sombra,0,1
Suculenta,36.0,Baixa,,0,1
Cacto,20.0,Media,Sol-pleno,1,1
Espada-de-sao-jorge,53.0,Baixa,Sol-pleno,1,1
Ficus,15.0,Baixa,Meia-sombra,1,1
Espada-de-sao-jorge,45.0,Media,Sombra,0,1
Ficus,76.0,Alta,Sombra,1,1
Samambaia,12.0,Media,Meia-sombra,0,1
Orquidea,24.0,Media,Meia-sombra,0,1
Orquidea,29.0,Media,Meia-sombra,0,1
Espada-de-sao-jorge,49.0,Media,Sombra,0,1
Orquidea,43.0,Media,Sol-pleno,0,1
Suculenta,78.0,Media,Meia-sombra,0,1
Cacto,69.0,Baixa,Meia-sombra,0,1
Ficus,60.0,Baixa,Sombra,0,1
Ficus,53.0,Alta,Sol-pleno,0,1
Samambaia,58.0,Media,Meia-sombra,0,1
Ficus,,Baixa,,1,1
Suculenta,67.0,Baixa,Sombra,0,1
Orquidea,28.0,Alta,Meia-sombra,0,1
Espada-de-sao-jorge,67.0,Baixa,Sombra,1,1
Cacto,74.0,Baixa,Sol-pleno,1,0
Espada-de-sao-jorge,54.0,Alta,Sol-pleno,1,0
Espada-de-sao-jorge,46.0,Media,Sol-pleno,1,1
Espada-de-sao-jorge,58.0,Media,Meia-sombra,1,0
Cacto,5.0,Alta,Meia-sombra,0,1
Samambaia,56.0,Baixa,,1,1
Espada-de-sao-jorge,48.0,Media,Meia-sombra,1,1
Samambaia,49.0,Alta,Meia-sombra,0,1
Cacto,64.0,Media,Meia-sombra,1,0
Ficus,49.0,Baixa,Sol-pleno,1,1
Orquidea,27.0,Alta,Sombra,1,1
Suculenta,47.0,Alta,Sombra,1,1
Ficus,51.0,Baixa,,0,1
Samambaia,52.0,Baixa,Sol-pleno,0,1
Suculenta,53.0,Alta,Sol-pleno,0,1
Suculenta,71.0,Baixa,Meia-sombra,1,1
Orquidea,28.0,Alta,Meia-sombra,1,1
Samambaia,54.0,Baixa,Sombra,1,1
Espada-de-sao-jorge,,Alta,Sombra,1,0
Cacto,15.0,Alta,Sol-pleno,1,1
Orquidea,54.0,Media,Meia-sombra,0,1
Samambaia,38.0,Baixa,Meia-sombra,1,1
Ficus,43.0,Media,Sombra,0,1
Ficus,32.0,Alta,,0,1
Cacto,47.0,Alta,Sol-pleno,0,1
Espada-de-sao-jorge,87.0,Baixa,Meia-sombra,0,1
Ficus,25.0,Media,Meia-sombra,0,1
Cacto,27.0,Alta,Sol-pleno,0,1
Ficus,24.0,Baixa,Sombra,0,1
Espada-de-sao-jorge,85.0,Alta,Sombra,1,0
Orquidea,41.0,Baixa,,0,1
Orquidea,49.0,Alta,Meia-sombra,0,1
Orquidea,42.0,Baixa,Sol-pleno,0,1
Suculenta,31.0,Baixa,Sombra,0,1
Orquidea,45.0,Media,,0,1
Ficus,99.0,Media,Meia-sombra,0,1
Espada-de-sao-jorge,78.0,Baixa,Meia-sombra,1,1
Orquidea,33.0,Media,Sol-pleno,0,1
Orquidea,63.0,Baixa,Meia-sombra,1,1
Cacto,33.0,Alta,Meia-sombra,0,1
Orquidea,14.0,Baixa,Sombra,1,1
Cacto,70.0,Media,Meia-sombra,1,1
Ficus,73.0,Alta,Meia-sombra,0,1
Espada-de-sao-jorge,71.0,Baixa,Meia-sombra,0,1
Samambaia,41.0,Baixa,Meia-sombra,0,1
Ficus,47.0,Alta,Meia-sombra,0,1
Suculenta,65.0,Baixa,Sombra,0,1
Samambaia,58.0,Alta,Sombra,0,1
Espada-de-sao-jorge,42.0,Media,Sombra,1,1
Cacto,18.0,Alta,Meia-sombra,1,1
Ficus,52.0,Baixa,Sol-pleno,0,1
Espada-de-sao-jorge,72.0,Baixa,Sol-pleno,0,1
Suculenta,26.0,Alta,Sombra,0,1
Samambaia,63.0,Alta,Sombra,0,1
Orquidea,57.0,Alta,Meia-sombra,1,0
Suculenta,,Baixa,Sombra,0,1
Ficus,67.0,Media,Meia-sombra,0,1
Orquidea,36.0,Media,Meia-sombra,0,1
Cacto,18.0,Media,Sol-pleno,0,1
Orquidea,39.0,Baixa,Meia-sombra,0,1
Espada-de-sao-jorge,68.0,Media,Sol-pleno,0,1
Suculenta,39.0,Media,Meia-sombra,0,1
Orquidea,36.0,Baixa,Sol-pleno,0,1
Samambaia,14.0,Media,Meia-sombra,1,1
Samambaia,85.0,Baixa,Meia-sombra,0,1
Cacto,67.0,Baixa,Meia-sombra,1,1
Espada-de-sao-jorge,65.0,Baixa,Meia-sombra,0,1
Suculenta,69.0,Media,Sol-pleno,0,1
Cacto,62.0,Baixa,Meia-sombra,1,1
Orquidea,45.0,Media,Sombra,0,1
Espada-de-sao-jorge,47.0,Media,Meia-sombra,0,1
Espada-de-sao-jorge,41.0,Alta,Meia-sombra,0,1
Samambaia,103.0,Baixa,Meia-sombra,1,1
Orquidea,61.0,Media,Sombra,1,1
Suculenta,41.0,Baixa,Sombra,0,1
Cacto,59.0,Media,Sombra,0,1
Cacto,30.0,Media,Meia-sombra,0,1
Ficus,80.0,Alta,Sombra,0,1
Samambaia,37.0,Media,Meia-sombra,0,1
Suculenta,60.0,Alta,Sombra,0,0
Espada-de-sao-jorge,71.0,Baixa,Sombra,1,1
Espada-de-sao-jorge,58.0,Baixa,Sombra,0,1
Samambaia,52.0,Baixa,Sombra,1,0
Orquidea,50.0,Media,Sombra,1,1
Ficus,49.0,Baixa,Sol-pleno,1,0
Orquidea,38.0,Baixa,Sombra,0,1
Cacto,41.0,Baixa,Meia-sombra,0,1
Cacto,80.0,Alta,Meia-sombra,0,1
Orquidea,48.0,Alta,Sol-pleno,0,0
Cacto,34.0,Baixa,Meia-sombra,0,1
Orquidea,40.0,Alta,Meia-sombra,0,1
Suculenta,72.0,Baixa,Sol-pleno,0,1
Espada-de-sao-jorge,64.0,Media,Sol-pleno,0,1
Suculenta,61.0,Baixa,Sombra,1,1
Samambaia,45.0,Media,Sol-pleno,1,0
Orquidea,61.0,Alta,Meia-sombra,0,1
Cacto,37.0,Alta,Sombra,1,0
Suculenta,45.0,Media,Meia-sombra,0,1
Ficus,69.0,Media,Sol-pleno,0,1
Ficus,,Alta,Sombra,1,1
Suculenta,30.0,Baixa,Sombra,0,1
Samambaia,33.0,Media,Sol-pleno,0,1
Espada-de-sao-jorge,52.0,Baixa,Meia-sombra,0,1
Espada-de-sao-jorge,,Alta,Sombra,0,1
Orquidea,12.0,Media,Sol-pleno,0,1
Orquidea,56.0,Media,Meia-sombra,0,1
Suculenta,22.0,Media,Sombra,0,1
Ficus,37.0,Baixa,Sombra,0,1
Cacto,43.0,Baixa,Meia-sombra,0,1
Cacto,42.0,Alta,Sombra,0,1
Espada-de-sao-jorge,39.0,Baixa,Meia-sombra,1,1
Samambaia,50.0,Baixa,Sombra,1,1
Cacto,39.0,Baixa,Sombra,0,1
Cacto,21.0,Alta,Sol-pleno,1,1
Ficus,66.0,Baixa,Sombra,0,1
Ficus,65.0,Alta,Sol-pleno,0,1
Cacto,67.0,Media,Sombra,0,1
Ficus,19.0,Alta,Meia-sombra,0,1
Ficus,56.0,Media,Sombra,1,1
Cacto,64.0,Baixa,Meia-sombra,1,1
Samambaia,29.0,Media,Meia-sombra,0,0
Suculenta,50.0,Media,Sombra,0,1
Ficus,48.0,Baixa,Meia-sombra,0,1
Samambaia,87.0,Media,Sol-pleno,0,1
Cacto,88.0,Baixa,Meia-sombra,0,1
Espada-de-sao-jorge,17.0,Alta,Sombra,1,1
Suculenta,100.0,Alta,Sol-pleno,1,0
Espada-de-sao-jorge,32.0,Baixa,Sombra,1,1
Cacto,70.0,Media,Sombra,0,1
Cacto,69.0,Media,Meia-sombra,0,1
Cacto,30.0,Baixa,Sombra,0,1
Espada-de-sao-jorge,60.0,Media,Sombra,1,1
Espada-de-sao-jorge,48.0,Baixa,Sol-pleno,0,1
Espada-de-sao-jorge,61.0,Baixa,Meia-sombra,0,1
Orquidea,55.0,Alta,Sol-pleno,0,0
Suculenta,74.0,Media,Meia-sombra,1,1
Suculenta,52.0,Alta,Meia-sombra,1,1
Espada-de-sao-jorge,47.0,Media,Sol-pleno,0,1
Samambaia,72.0,Alta,Sombra,0,1
Cacto,62.0,Alta,Meia-sombra,1,1
Espada-de-sao-jorge,65.0,Media,Sol-pleno,0,1
Cacto,37.0,Media,Sombra,0,1
Samambaia,29.0,Media,Sol-pleno,0,1
Suculenta,39.0,Alta,Sombra,0,1
Samambaia,38.0,Media,Meia-sombra,0,1
Espada-de-sao-jorge,66.0,Media,Sol-pleno,1,1
Espada-de-sao-jorge,70.0,Baixa,Sombra,0,1
Samambaia,47.0,Alta,Sol-pleno,0,0
Suculenta,,Media,Sombra,0,1
Espada-de-sao-jorge,77.0,Baixa,Sombra,0,1
Orquidea,55.0,Media,Meia-sombra,0,1
Samambaia,34.0,Media,Meia-sombra,0,1
Suculenta,82.0,Baixa,Sol-pleno,0,1
Suculenta,49.0,Alta,Sol-pleno,0,1
Suculenta,53.0,Alta,Sol-pleno,1,0
Ficus,43.0,Alta,Meia-sombra,0,1
Samambaia,32.0,Media,Sombra,0,1
Espada-de-sao-jorge,21.0,Baixa,Sol-pleno,0,1
Samambaia,63.0,Baixa,Meia-sombra,0,1
Samambaia,34.0,Alta,Sombra,0,1
Samambaia,111.0,Baixa,Sol-pleno,1,0
Samambaia,28.0,Alta,Meia-sombra,0,1
Ficus,25.0,Alta,Meia-sombra,1,0
Cacto,60.0,Baixa,Meia-sombra,0,1
Espada-de-sao-jorge,81.0,Alta,Sol-pleno,1,0
Ficus,51.0,Baixa,Sombra,0,1
Samambaia,,Media,Meia-sombra,0,1
Ficus,13.0,Media,Sombra,0,1
Suculenta,36.0,Alta,Meia-sombra,0,1
Samambaia,29.0,Media,Sombra,1,1
Orquidea,12.0,Alta,Meia-sombra,1,1
Suculenta,52.0,Media,Sol-pleno,0,1
Orquidea,5.0,Alta,Meia-sombra,0,1
Suculenta,24.0,Alta,Sol-pleno,0,1
Cacto,,Alta,Sol-pleno,0,0
Espada-de-sao-jorge,33.0,Media,Sombra,1,1
Cacto,58.0,Media,Meia-sombra,0,1
Espada-de-sao-jorge,56.0,Alta,Meia-sombra,1,1
Espada-de-sao-jorge,68.0,Alta,Meia-sombra,0,1
Suculenta,65.0,Alta,,1,0
Orquidea,73.0,Media,Meia-sombra,0,1
Samambaia,50.0,Alta,Sombra,0,1
Orquidea,56.0,Alta,Meia-sombra,1,1
Orquidea,60.0,Alta,Sombra,0,1
Espada-de-sao-jorge,53.0,Baixa,Meia-sombra,0,1
Samambaia,42.0,Media,Meia-sombra,0,1
Orquidea,43.0,Alta,Sol-pleno,0,1
Cacto,34.0,Alta,Sombra,1,1
Samambaia,58.0,Alta,Meia-sombra,1,1
Samambaia,48.0,Baixa,Sombra,0,1
Suculenta,37.0,Baixa,Meia-sombra,1,1
Samambaia,37.0,Alta,Meia-sombra,0,1
Ficus,26.0,Alta,Meia-sombra,1,1
Cacto,70.0,Baixa,Sombra,0,1
Suculenta,52.0,Media,Sombra,0,1
Samambaia,33.0,Alta,Meia-sombra,0,1
Espada-de-sao-jorge,66.0,Baixa,Meia-sombra,0,1
Orquidea,39.0,Alta,Sombra,1,1
Suculenta,22.0,Baixa,Meia-sombra,0,1
Espada-de-sao-jorge,70.0,Baixa,Sombra,0,1
Cacto,39.0,Alta,Meia-sombra,0,1
Ficus,42.0,Media,Meia-sombra,0,1
Ficus,51.0,Media,Sol-pleno,0,1
Espada-de-sao-jorge,73.0,Alta,Sol-pleno,0,1
Espada-de-sao-jorge,50.0,Baixa,Sol-pleno,1,0
Orquidea,26.0,Media,Sombra,0,1
Ficus,61.0,Media,Sol-pleno,1,0
Samambaia,40.0,Alta,Meia-sombra,1,1
Ficus,88.0,Baixa,Meia-sombra,0,1
Ficus,50.0,Media,Sol-pleno,0,1
Samambaia,5.0,Media,Sombra,1,1
Suculenta,57.0,Media,Sombra,1,0
Ficus,89.0,Alta,Sol-pleno,0,1
Espada-de-sao-jorge,82.0,Media,Meia-sombra,1,1
Cacto,87.0,Alta,Meia-sombra,1,1
Samambaia,30.0,Alta,Sombra,0,1
Suculenta,68.0,Alta,Meia-sombra,1,1
Orquidea,36.0,Alta,Sombra,0,1
Samambaia,54.0,Media,,1,1
Ficus,25.0,Baixa,Meia-sombra,1,1
Ficus,37.0,Alta,Sol-pleno,0,1
Espada-de-sao-jorge,36.0,Media,Sol-pleno,0,1
Ficus,68.0,Baixa,Sombra,0,1
Suculenta,66.0,Baixa,Sombra,1,1
Cacto,56.0,Baixa,Meia-sombra,0,1
Orquidea,23.0,Alta,Sol-pleno,1,0
Ficus,44.0,Baixa,Sombra,0,1
Espada-de-sao-jorge,35.0,Alta,Meia-sombra,0,1
Orquidea,67.0,Media,Meia-sombra,1,1
Cacto,74.0,Baixa,Sombra,0,1
Samambaia,71.0,Media,Meia-sombra,0,1
Espada-de-sao-jorge,35.0,Alta,Sombra,0,1
Samambaia,5.0,Alta,Meia-sombra,0,1
Cacto,15.0,Media,,0,1
Cacto,78.0,Media,Meia-sombra,0,1
Samambaia,42.0,Baixa,Sombra,0,1
Cacto,35.0,Baixa,Sol-pleno,0,1
Ficus,83.0,Media,Sombra,0,1
Ficus,75.0,Media,Sol-pleno,0,1
Samambaia,50.0,Baixa,Sol-pleno,0,1
Ficus,44.0,Alta,Meia-sombra,1,1
Cacto,47.0,Media,Sombra,0,1
Espada-de-sao-jorge,55.0,Baixa,,0,1
Ficus,82.0,Alta,Sol-pleno,0,0
Ficus,,Baixa,Meia-sombra,1,1
Ficus,65.0,Alta,Sol-pleno,1,0
Suculenta,73.0,Baixa,Sol-pleno,1,1
Samambaia,27.0,Media,Sol-pleno,1,0
Cacto,65.0,Media,Sombra,0,1
Ficus,44.0,Alta,Meia-sombra,1,1
Samambaia,5.0,Baixa,Sombra,0,1
Cacto,7.0,Alta,Sombra,1,1
Cacto,30.0,Media,Meia-sombra,1,1
Suculenta,61.0,Baixa,Sombra,1,1
Orquidea,52.0,Media,Sombra,0,1
Cacto,54.0,Alta,Sol-pleno,1,1
Espada-de-sao-jorge,89.0,Media,Meia-sombra,0,1
Suculenta,25.0,Baixa,Meia-sombra,0,1
Samambaia,49.0,Media,Sombra,0,1
Samambaia,56.0,Media,Sol-pleno,0,1
Samambaia,35.0,Baixa,Meia-sombra,0,1
Suculenta,51.0,Baixa,Meia-sombra,0,1
Samambaia,18.0,Alta,,0,1
Espada-de-sao-jorge,78.0,Baixa,Sombra,0,1
Cacto,36.0,Media,Sombra,0,1
Espada-de-sao-jorge,91.0,Alta,Sombra,0,1
Orquidea,49.0,Baixa,Sol-pleno,1,1
Cacto,71.0,Media,Meia-sombra,0,1
Samambaia,49.0,Baixa,Meia-sombra,1,1
Orquidea,49.0,Alta,Sol-pleno,0,1
Samambaia,38.0,Media,Sol-pleno,0,1
Samambaia,52.0,Alta,Sombra,0,1
Espada-de-sao-jorge,56.0,Alta,Meia-sombra,0,1
Cacto,34.0,Media,Meia-sombra,0,1
Ficus,47.0,Baixa,Sombra,0,1
Cacto,38.0,Media,Sol-pleno,0,1
Cacto,96.0,Baixa,Meia-sombra,0,1
Espada-de-sao-jorge,48.0,Media,Meia-sombra,0,1
Orquidea,,Baixa,Meia-sombra,0,1
Samambaia,46.0,Alta,Sol-pleno,1,1
Ficus,55.0,Media,Sombra,0,1
Suculenta,24.0,Baixa,Meia-sombra,0,1
Ficus,41.0,Alta,Sol-pleno,0,0
Samambaia,54.0,Alta,Sol-pleno,0,1
Ficus,82.0,Media,Meia-sombra,0,1
Ficus,54.0,Baixa,Sombra,0,1
Espada-de-sao-jorge,78.0,Media,Sol-pleno,0,1
Ficus,63.0,Media,,0,1
Ficus,,Alta,Meia-sombra,0,1
Espada-de-sao-jorge,,Baixa,Meia-sombra,0,1
Samambaia,98.0,Alta,Meia-sombra,0,1
Orquidea,40.0,Baixa,,1,1
Ficus,35.0,Baixa,Sombra,0,1
Ficus,26.0,Media,Sol-pleno,0,1
Ficus,97.0,Baixa,,0,1
Orquidea,66.0,Media,Sombra,1,1
Suculenta,43.0,Media,Meia-sombra,1,1
Cacto,75.0,Baixa,Sol-pleno,1,0
Samambaia,64.0,Alta,Sombra,0,1
Ficus,89.0,Baixa,Sombra,0,1
Suculenta,19.0,Alta,Sombra,1,1
Samambaia,45.0,Alta,Sombra,0,1
Suculenta,41.0,Media,Meia-sombra,1,1
Orquidea,11.0,Baixa,Meia-sombra,0,1
Espada-de-sao-jorge,71.0,Alta,Sol-pleno,0,1
Cacto,45.0,Baixa,Sol-pleno,0,1
Ficus,65.0,Baixa,Sol-pleno,0,1
Samambaia,97.0,Alta,Sol-pleno,1,0
Espada-de-sao-jorge,43.0,Media,Sol-pleno,0,1
Suculenta,,Alta,Meia-sombra,0,1
Suculenta,52.0,Baixa,Sol-pleno,0,1
Cacto,70.0,Media,Sombra,1,1
Ficus,39.0,Alta,Sol-pleno,0,0
Espada-de-sao-jorge,37.0,Alta,Sombra,1,1
Orquidea,71.0,Media,,1,1
Espada-de-sao-jorge,58.0,Alta,Sombra,0,1
Espada-de-sao-jorge,9.0,Baixa,Meia-sombra,1,1
Samambaia,,Media,Sol-pleno,1,1
Samambaia,80.0,Baixa,Sombra,0,1
Samambaia,58.0,Alta,Meia-sombra,0,1
Espada-de-sao-jorge,35.0,Alta,Sombra,0,1
Suculenta,47.0,Alta,Sombra,0,1
Cacto,,Alta,Meia-sombra,0,1
Espada-de-sao-jorge,65.0,Baixa,Meia-sombra,1,1
Suculenta,23.0,Media,Sombra,0,1
Espada-de-sao-jorge,33.0,Alta,Meia-sombra,0,1
Espada-de-sao-jorge,55.0,Baixa,,0,1
Ficus,48.0,Media,Meia-sombra,0,1
Cacto,61.0,Alta,Sol-pleno,0,1
Orquidea,25.0,Media,Sol-pleno,0,1
Orquidea,57.0,Alta,Meia-sombra,0,1
Ficus,72.0,Media,Meia-sombra,0,1
Samambaia,60.0,Media,Sol-pleno,0,1
Suculenta,53.0,Media,Meia-sombra,1,1
Orquidea,48.0,Media,Meia-sombra,0,1
Ficus,33.0,Alta,Sombra,0,1
Suculenta,49.0,Alta,Sombra,0,1
Samambaia,75.0,Baixa,Sombra,1,1
Samambaia,48.0,Alta,Meia-sombra,0,1
Suculenta,32.0,Media,Sol-pleno,0,1
Cacto,40.0,Media,Sombra,0,1
Suculenta,,Baixa,,0,1
Samambaia,43.0,Media,Sombra,0,1
Orquidea,60.0,Media,Meia-sombra,0,1
Ficus,60.0,Media,Sombra,0,1
Espada-de-sao-jorge,68.0,Baixa,Sombra,1,1
Ficus,78.0,Alta,Sombra,0,1
Orquidea,70.0,Media,Sombra,1,1
Cacto,31.0,Media,Sombra,0,1
Cacto,32.0,Baixa,Sol-pleno,0,1
Ficus,48.0,Baixa,Sol-pleno,0,1
Orquidea,41.0,Alta,Meia-sombra,0,1
Ficus,,Baixa,Sombra,0,1
Suculenta,41.0,Alta,Sombra,1,1
Orquidea,,Alta,Sombra,0,1
Espada-de-sao-jorge,37.0,Media,Meia-sombra,0,1
Orquidea,44.0,Alta,Meia-sombra,0,1
Samambaia,74.0,Media,Sombra,0,1
Orquidea,54.0,Alta,Meia-sombra,0,1
Orquidea,99.0,Baixa,Sombra,0,1
Samambaia,53.0,Media,Meia-sombra,0,1
Ficus,44.0,Media,Sol-pleno,0,1
Espada-de-sao-jorge,50.0,Alta,Sombra,0,1
Ficus,55.0,Baixa,Meia-sombra,0,1
Suculenta,59.0,Alta,Meia-sombra,0,1
Samambaia,92.0,Baixa,Sol-pleno,0,0
Ficus,33.0,Baixa,Meia-sombra,1,1
Orquidea,67.0,Media,Meia-sombra,1,1
Ficus,54.0,Baixa,Sol-pleno,0,1
Orquidea,19.0,Media,Meia-sombra,0,1
Orquidea,65.0,Alta,Meia-sombra,1,1
Ficus,75.0,Alta,Sombra,0,1
Samambaia,33.0,Baixa,Meia-sombra,0,1
Orquidea,50.0,Media,Sombra,0,1
Suculenta,15.0,Media,Meia-sombra,0,1
Ficus,25.0,Baixa,Sombra,1,1
Espada-de-sao-jorge,71.0,Media,Sombra,1,1
Samambaia,41.0,Media,Meia-sombra,1,1
Ficus,28.0,Alta,Meia-sombra,1,1
Espada-de-sao-jorge,55.0,Baixa,Sol-pleno,0,1
Ficus,40.0,Baixa,Sombra,1,1
Suculenta,41.0,Alta,Sol-pleno,0,1
Espada-de-sao-jorge,65.0,Alta,Sombra,0,1
Suculenta,27.0,Baixa,Sol-pleno,0,1
Suculenta,32.0,Baixa,Sol-pleno,0,1
Cacto,53.0,Media,Sol-pleno,0,1
Ficus,69.0,Alta,Sombra,0,1
Suculenta,75.0,Baixa,Sol-pleno,0,1
Espada-de-sao-jorge,37.0,Baixa,Sombra,0,1
Ficus,69.0,Alta,Sol-pleno,0,1
Espada-de-sao-jorge,34.0,Alta,Meia-sombra,0,1
Cacto,87.0,Alta,Meia-sombra,0,1
Suculenta,27.0,Alta,Meia-sombra,0,0
Ficus,77.0,Alta,Sombra,1,0
Suculenta,37.0,Baixa,Sol-pleno,0,1
Samambaia,90.0,Baixa,Sol-pleno,0,0
Samambaia,62.0,Baixa,Sol-pleno,0,1
Orquidea,30.0,Baixa,Sol-pleno,1,1
Ficus,40.0,Alta,Sol-pleno,0,1
Cacto,66.0,Media,Sol-pleno,0,0
Suculenta,71.0,Baixa,Meia-sombra,0,1
Ficus,,Baixa,Sol-pleno,1,0
Samambaia,51.0,Baixa,Sombra,1,1
Cacto,65.0,Media,Sol-pleno,0,1
Suculenta,53.0,Media,Meia-sombra,0,1
Espada-de-sao-jorge,24.0,Baixa,,0,1
Espada-de-sao-jorge,34.0,Alta,Meia-sombra,0,1
Samambaia,55.0,Baixa,Sombra,1,1
Ficus,74.0,Media,Meia-sombra,1,1
Ficus,82.0,Media,Meia-sombra,1,1
Suculenta,66.0,Media,Sombra,1,1
Ficus,56.0,Alta,Sol-pleno,0,1
Samambaia,65.0,Alta,Sombra,1,0
Espada-de-sao-jorge,37.0,Baixa,Sol-pleno,0,1
Espada-de-sao-jorge,47.0,Media,Sombra,0,1
Espada-de-sao-jorge,34.0,Baixa,Sombra,0,1
Samambaia,25.0,Media,Sombra,0,1
Suculenta,57.0,Media,Sombra,1,1
Suculenta,54.0,Media,Sombra,1,1
Samambaia,64.0,Baixa,Sol-pleno,1,1
Suculenta,61.0,Baixa,Sol-pleno,1,0
Suculenta,55.0,Baixa,Meia-sombra,0,1
Cacto,61.0,Baixa,Sombra,0,1
Orquidea,49.0,Media,Sol-pleno,1,0
Orquidea,58.0,Alta,Meia-sombra,0,1
Suculenta,35.0,Baixa,Meia-sombra,1,1
Orquidea,57.0,Baixa,,0,1
Orquidea,,Media,Meia-sombra,0,1
Suculenta,37.0,Alta,Meia-sombra,0,1
Samambaia,,Baixa,Sol-pleno,0,1
Orquidea,38.0,Baixa,Meia-sombra,1,1
Orquidea,39.0,Media,Sol-pleno,1,1
Espada-de-sao-jorge,,Media,Sol-pleno,0,1
Ficus,75.0,Alta,Sol-pleno,0,1
Cacto,71.0,Baixa,Sombra,0,1
Espada-de-sao-jorge,61.0,Baixa,Sombra,0,1
Suculenta,89.0,Media,Meia-sombra,0,1
Espada-de-sao-jorge,46.0,Media,Meia-sombra,0,1
Ficus,111.0,Alta,Sol-pleno,0,0
Ficus,45.0,Media,Sombra,0,1
Orquidea,55.0,Media,Sol-pleno,0,1
Cacto,42.0,Baixa,Sol-pleno,1,0
Suculenta,57.0,Baixa,Sol-pleno,0,1
Cacto,67.0,Alta,Sol-pleno,0,1
Cacto,48.0,Baixa,Sol-pleno,1,0
Espada-de-sao-jorge,86.0,Media,Meia-sombra,1,1
Ficus,55.0,Alta,Meia-sombra,1,1
Orquidea,55.0,Alta,Meia-sombra,0,1
Espada-de-sao-jorge,32.0,Baixa,Sol-pleno,0,1
Suculenta,58.0,Baixa,Sombra,1,0
Cacto,47.0,Alta,Meia-sombra,0,1
Ficus,38.0,Alta,Meia-sombra,0,1
Orquidea,34.0,Baixa,Meia-sombra,1,1
Cacto,103.0,Media,Meia-sombra,0,1
Ficus,45.0,Baixa,Sol-pleno,1,0
Cacto,21.0,Alta,Sombra,1,1
Espada-de-sao-jorge,36.0,Alta,Sol-pleno,0,1
Samambaia,49.0,Baixa,Sol-pleno,1,1
Samambaia,61.0,Media,Sol-pleno,0,1
Orquidea,61.0,Media,Sol-pleno,1,1
Samambaia,64.0,Baixa,Meia-sombra,1,1
Espada-de-sao-jorge,37.0,Baixa,Sombra,1,1
Espada-de-sao-jorge,57.0,Alta,Meia-sombra,0,1
Espada-de-sao-jorge,32.0,Media,Sombra,1,1
Espada-de-sao-jorge,38.0,Baixa,Sombra,1,1
Samambaia,32.0,Baixa,Sol-pleno,0,0
Samambaia,26.0,Media,Meia-sombra,0,1
Cacto,71.0,Alta,,0,1
Cacto,,Media,,1,1
Espada-de-sao-jorge,,Alta,Sombra,0,1
Orquidea,51.0,Media,Sol-pleno,0,1
Suculenta,66.0,Alta,Meia-sombra,1,1
Espada-de-sao-jorge,15.0,Alta,Meia-sombra,1,1
Suculenta,67.0,Baixa,Meia-sombra,1,1
Cacto,54.0,Baixa,Meia-sombra,0,1
Cacto,,Alta,Meia-sombra,0,1
Suculenta,58.0,Alta,Meia-sombra,0,1
Ficus,30.0,Baixa,Sombra,0,1
Orquidea,20.0,Media,Sombra,1,1
Suculenta,36.0,Alta,Meia-sombra,0,1
Orquidea,61.0,Alta,Sombra,0,1
Suculenta,,Baixa,Meia-sombra,0,1
Orquidea,23.0,Alta,Sol-pleno,0,1
Espada-de-sao-jorge,30.0,Media,Sombra,1,1
Suculenta,36.0,Alta,Sombra,1,1
Cacto,43.0,Baixa,Sombra,0,1
Ficus,23.0,Media,Sol-pleno,0,1
Orquidea,,Baixa,Sol-pleno,0,1
Espada-de-sao-jorge,34.0,Media,Sombra,0,1
Orquidea,52.0,Baixa,Meia-sombra,1,1
Espada-de-sao-jorge,26.0,Media,Sol-pleno,0,1
Espada-de-sao-jorge,48.0,Alta,Sol-pleno,0,1
Orquidea,71.0,Media,Meia-sombra,1,1
Suculenta,24.0,Baixa,Sombra,0,1
Ficus,46.0,Media,Sol-pleno,0,1
Ficus,70.0,Media,Sol-pleno,0,1
Samambaia,42.0,Alta,Meia-sombra,0,1
Cacto,39.0,Baixa,Sombra,0,1
Orquidea,73.0,Baixa,Sol-pleno,1,1
Cacto,44.0,Media,Sombra,1,1
Ficus,72.0,Alta,Sol-pleno,0,1
Samambaia,59.0,Media,Sol-pleno,0,1
Espada-de-sao-jorge,43.0,Baixa,Meia-sombra,0,1
Espada-de-sao-jorge,60.0,Baixa,Meia-sombra,0,1
Cacto,56.0,Alta,Sombra,0,1
Orquidea,70.0,Alta,Sol-pleno,0,1
Orquidea,39.0,Baixa,Sombra,0,1
Espada-de-sao-jorge,51.0,Baixa,Sombra,1,1
Espada-de-sao-jorge,49.0,Baixa,Sol-pleno,1,0
Suculenta,64.0,Media,Sol-pleno,0,1
Cacto,29.0,Alta,Meia-sombra,1,1
Suculenta,70.0,Baixa,Meia-sombra,0,1
Samambaia,59.0,Alta,Meia-sombra,1,1
Cacto,24.0,Baixa,Sombra,0,1
Suculenta,74.0,Alta,Meia-sombra,0,1
Suculenta,95.0,Baixa,Sol-pleno,0,1
Suculenta,70.0,Alta,Meia-sombra,0,1
Cacto,79.0,Media,,0,1
Cacto,52.0,Baixa,,0,0
Ficus,17.0,Baixa,Sol-pleno,0,1
Suculenta,13.0,Alta,Sol-pleno,0,1
Suculenta,55.0,Media,Sol-pleno,0,1
Espada-de-sao-jorge,38.0,Media,Sol-pleno,0,1
Suculenta,32.0,Alta,Sol-pleno,0,0
Cacto,49.0,Media,Sol-pleno,0,1
Ficus,62.0,Media,Sol-pleno,0,0
Samambaia,,Media,Sol-pleno,0,1
Cacto,,Baixa,Sol-pleno,1,1
Cacto,80.0,Baixa,Meia-sombra,0,1
Cacto,28.0,Baixa,Sol-pleno,0,1
Cacto,67.0,Media,Sol-pleno,0,1
Orquidea,40.0,Media,Meia-sombra,0,1
Ficus,61.0,Alta,Sombra,0,1
Samambaia,72.0,Alta,Sol-pleno,0,1
Ficus,,Baixa,Meia-sombra,1,1
Samambaia,68.0,Alta,Meia-sombra,0,1
Orquidea,27.0,Alta,Sol-pleno,0,1
Ficus,72.0,Media,Sombra,0,1
Cacto,33.0,Media,Meia-sombra,0,1
Ficus,55.0,Baixa,Sombra,1,1
Espada-de-sao-jorge,55.0,Baixa,Sombra,0,1
Orquidea,60.0,Baixa,Sol-pleno,0,1
Samambaia,57.0,Media,Meia-sombra,1,0
Samambaia,33.0,Media,Sombra,0,1
Ficus,23.0,Baixa,Meia-sombra,0,1
Cacto,67.0,Baixa,Sombra,1,1
Orquidea,54.0,Baixa,Sol-pleno,0,1
Suculenta,73.0,Media,Sombra,0,1
Espada-de-sao-jorge,49.0,Alta,Meia-sombra,1,1
Cacto,22.0,Media,Meia-sombra,0,1
Samambaia,69.0,Baixa,Sombra,0,1
Cacto,43.0,Baixa,Sol-pleno,0,0
Samambaia,57.0,Baixa,Meia-sombra,0,1
Espada-de-sao-jorge,37.0,Alta,,0,1
Samambaia,83.0,Alta,Meia-sombra,0,1
Cacto,32.0,Baixa,,0,1
Suculenta,43.0,Baixa,Sombra,1,1
Ficus,52.0,Baixa,Sol-pleno,0,1
Cacto,28.0,Alta,Meia-sombra,1,1
Cacto,57.0,Baixa,Sombra,1,1
Samambaia,82.0,Alta,Meia-sombra,1,1
Ficus,40.0,Media,Sol-pleno,1,0
Ficus,58.0,Baixa,Sombra,1,1
Ficus,5.0,Alta,Meia-sombra,0,1
Cacto,49.0,Media,Meia-sombra,0,1
Ficus,44.0,Alta,Sol-pleno,1,0
Espada-de-sao-jorge,34.0,Baixa,Meia-sombra,0,1
Samambaia,72.0,Media,Sol-pleno,0,1
Suculenta,43.0,Media,Sol-pleno,1,0
Orquidea,46.0,Media,Sol-pleno,0,1
Cacto,42.0,Baixa,Meia-sombra,0,1
Espada-de-sao-jorge,12.0,Media,Sol-pleno,0,1
Ficus,27.0,Alta,Sombra,0,1
Samambaia,69.0,Alta,Sol-pleno,0,1
Samambaia,8.0,Baixa,Sol-pleno,0,1
Ficus,35.0,Alta,Sombra,1,0
Samambaia,42.0,Alta,Meia-sombra,0,1
Samambaia,85.0,Baixa,Sol-pleno,0,1
Orquidea,65.0,Baixa,Sombra,1,1
Samambaia,39.0,Alta,Sol-pleno,1,0
Espada-de-sao-jorge,76.0,Baixa,Sol-pleno,0,1
Orquidea,35.0,Baixa,Sol-pleno,0,1
Espada-de-sao-jorge,70.0,Media,Sombra,0,1
Ficus,23.0,Media,Sol-pleno,1,0
Espada-de-sao-jorge,71.0,Media,Sol-pleno,0,1
Suculenta,42.0,Media,Sombra,0,1
Espada-de-sao-jorge,29.0,Alta,Sol-pleno,1,0
Cacto,46.0,Alta,Meia-sombra,0,1
Espada-de-sao-jorge,56.0,Baixa,Sol-pleno,0,1
Suculenta,40.0,Baixa,Sombra,1,1
Ficus,61.0,Baixa,Sol-pleno,1,0
Cacto,38.0,Media,Meia-sombra,0,1
Ficus,62.0,Media,Sombra,0,1
Espada-de-sao-jorge,59.0,Alta,Meia-sombra,0,1
Samambaia,49.0,Media,Sol-pleno,0,1
Samambaia,41.0,Baixa,Sol-pleno,0,1
Suculenta,53.0,Alta,Sombra,1,1
Cacto,61.0,Baixa,Sol-pleno,0,1
Ficus,91.0,Alta,Meia-sombra,0,1
Orquidea,69.0,Alta,Sombra,0,1
Espada-de-sao-jorge,70.0,Alta,Meia-sombra,1,0
Orquidea,112.0,Alta,Sol-pleno,0,0
Suculenta,60.0,Baixa,Sombra,0,1
Cacto,60.0,Media,Sombra,0,1
Suculenta,64.0,Media,Sombra,0,1
Suculenta,,Media,Meia-sombra,1,1
Ficus,41.0,Alta,Sombra,1,1
Ficus,40.0,Media,Sol-pleno,0,1
Samambaia,63.0,Baixa,Sombra,0,1
Cacto,47.0,Alta,Sombra,1,0
Ficus,53.0,Media,Sombra,0,1
Ficus,72.0,Alta,Sol-pleno,1,1
Espada-de-sao-jorge,67.0,Baixa,Sol-pleno,0,1
Cacto,47.0,Alta,Sombra,0,1
Suculenta,37.0,Baixa,Meia-sombra,0,1
Suculenta,73.0,Media,Sol-pleno,0,1
Orquidea,65.0,Alta,Sol-pleno,0,0
Orquidea,18.0,Media,Sombra,1,1
Samambaia,44.0,Baixa,Sol-pleno,0,1
Espada-de-sao-jorge,53.0,Alta,Sol-pleno,0,0
Cacto,66.0,Alta,Sol-pleno,0,1
Espada-de-sao-jorge,68.0,Baixa,Meia-sombra,1,1
Cacto,56.0,Baixa,Meia-sombra,0,1
Ficus,62.0,Baixa,Sol-pleno,0,1
Orquidea,51.0,Baixa,Sol-pleno,0,1
Ficus,37.0,Media,Meia-sombra,0,0
Orquidea,45.0,Baixa,Sol-pleno,1,1
Ficus,50.0,Alta,Meia-sombra,0,1
Samambaia,49.0,Baixa,Sol-pleno,0,1
Suculenta,12.0,Media,Sombra,1,1
Espada-de-sao-jorge,42.0,Media,Sol-pleno,0,1
Cacto,51.0,Media,Meia-sombra,0,1
Ficus,44.0,Baixa,Meia-sombra,0,1
Samambaia,45.0,Media,Sombra,1,1
Espada-de-sao-jorge,60.0,Media,Meia-sombra,1,1
Orquidea,28.0,Media,Sombra,0,1
Ficus,17.0,Alta,Sol-pleno,1,1
Cacto,43.0,Media,Sol-pleno,0,1
Samambaia,65.0,Media,Meia-sombra,0,1
Samambaia,84.0,Baixa,Sol-pleno,0,1
Espada-de-sao-jorge,66.0,Baixa,Sol-pleno,0,1
Suculenta,21.0,Media,Sombra,0,1
Samambaia,,Media,Sombra,1,1
Suculenta,55.0,Alta,Sombra,0,1
Cacto,54.0,Alta,Sombra,1,0
Ficus,61.0,Baixa,Meia-sombra,0,1
Cacto,32.0,Media,Meia-sombra,0,0
Samambaia,51.0,Media,Meia-sombra,0,1
Samambaia,58.0,Baixa,Sombra,0,1
Espada-de-sao-jorge,67.0,Media,Sol-pleno,0,1
Orquidea,34.0,Media,Sol-pleno,0,1
Ficus,43.0,Baixa,Meia-sombra,1,1
Espada-de-sao-jorge,5.0,Media,,1,0
Suculenta,38.0,Alta,Meia-sombra,0,1
Espada-de-sao-jorge,40.0,Baixa,Sol-pleno,0,1
Orquidea,30.0,Media,,0,1
Cacto,53.0,Baixa,Sombra,1,1
Suculenta,49.0,Baixa,Sol-pleno,0,1
Suculenta,5.0,Alta,,0,1
Orquidea,54.0,Media,Meia-sombra,0,1
Samambaia,31.0,Baixa,Meia-sombra,0,1
Samambaia,60.0,Media,Meia-sombra,0,1
Samambaia,24.0,Baixa,Sombra,0,1
Samambaia,51.0,Media,Meia-sombra,0,1
Ficus,44.0,Baixa,Sombra,0,1
Ficus,56.0,Media,Sombra,0,1
Espada-de-sao-jorge,52.0,Media,Meia-sombra,0,1
Ficus,45.0,Media,Meia-sombra,1,1
Espada-de-sao-jorge,19.0,Media,Sol-pleno,0,1
Ficus,20.0,Baixa,Meia-sombra,1,0
Orquidea,38.0,Baixa,Sol-pleno,0,1
Samambaia,50.0,Baixa,Sol-pleno,1,1
Suculenta,38.0,Media,Meia-sombra,1,1
Samambaia,63.0,Media,Sol-pleno,0,1
Cacto,44.0,Alta,Meia-sombra,1,0
Cacto,31.0,Baixa,Meia-sombra,0,1
Suculenta,,Baixa,Sombra,1,0
Cacto,55.0,Alta,Sombra,0,1
Suculenta,56.0,Alta,Meia-sombra,0,1
Orquidea,88.0,Alta,Sombra,0,1
Cacto,37.0,Baixa,Meia-sombra,1,1
Cacto,49.0,Baixa,Sombra,1,1
Ficus,59.0,Baixa,Sombra,0,1
Cacto,50.0,Baixa,Meia-sombra,1,1
Ficus,40.0,Alta,Meia-sombra,1,0
Samambaia,19.0,Alta,Sol-pleno,0,1
Espada-de-sao-jorge,40.0,Alta,Sol-pleno,0,1
Ficus,29.0,Alta,Sol-pleno,0,1
Cacto,15.0,Media,Sombra,0,1
Espada-de-sao-jorge,34.0,Media,Meia-sombra,0,1
Espada-de-sao-jorge,29.0,Alta,Sombra,1,1
Ficus,62.0,Alta,Sombra,0,1
Ficus,62.0,Media,Sombra,0,1
Cacto,32.0,Alta,Meia-sombra,0,1
Suculenta,45.0,Media,Sombra,0,1
Espada-de-sao-jorge,13.0,Media,Meia-sombra,0,1
Samambaia,40.0,Alta,Sombra,0,1
Ficus,58.0,Media,Meia-sombra,0,1
Samambaia,66.0,Alta,Meia-sombra,0,1
Espada-de-sao-jorge,36.0,Media,Sombra,0,1
Ficus,,Baixa,Sombra,1,1
Cacto,20.0,Baixa,Sol-pleno,0,1
Ficus,,Media,Sol-pleno,0,1
Ficus,64.0,Media,Sombra,0,1
Espada-de-sao-jorge,83.0,Media,Sol-pleno,0,1
Ficus,60.0,Alta,,1,1
Samambaia,49.0,Baixa,Sol-pleno,0,1
Espada-de-sao-jorge,6.0,Baixa,Sombra,1,1
Suculenta,10.0,Alta,Meia-sombra,1,1
Ficus,53.0,Media,Sombra,0,1
Cacto,43.0,Media,Sombra,0,1
Espada-de-sao-jorge,28.0,Baixa,Meia-sombra,0,1
Cacto,51.0,Media,Sombra,1,1
Suculenta,52.0,Media,Meia-sombra,0,1
Suculenta,69.0,Media,Sombra,0,1
Suculenta,53.0,Baixa,Sombra,0,1
Samambaia,75.0,Media,Sol-pleno,0,1
Espada-de-sao-jorge,50.0,Media,Sol-pleno,0,1
Espada-de-sao-jorge,,Baixa,Sol-pleno,0,1
Ficus,71.0,Baixa,Sombra,0,1
Orquidea,30.0,Alta,Meia-sombra,1,0
Orquidea,106.0,Alta,Sombra,0,1
Orquidea,58.0,Media,Sombra,0,1
Cacto,58.0,Alta,,0,1
Cacto,61.0,Alta,Meia-sombra,1,1
Espada-de-sao-jorge,88.0,Baixa,Meia-sombra,0,1
Ficus,66.0,Media,Sombra,1,1
Orquidea,18.0,Alta,Sol-pleno,0,1
Espada-de-sao-jorge,78.0,Baixa,Sol-pleno,1,1
Orquidea,,Alta,,0,1
Cacto,52.0,Baixa,Sombra,1,1
Suculenta,24.0,Baixa,Meia-sombra,0,1
Ficus,61.0,Media,Meia-sombra,1,1
Espada-de-sao-jorge,37.0,Media,Sol-pleno,1,0
Cacto,52.0,Baixa,Meia-sombra,0,1
Ficus,,Baixa,Sombra,0,1
Orquidea,89.0,Media,Sombra,0,1
Suculenta,90.0,Baixa,Sombra,0,1
Suculenta,51.0,Alta,Meia-sombra,0,1
Ficus,51.0,Alta,Sombra,0,1
Orquidea,43.0,Baixa,Sol-pleno,0,1
Suculenta,72.0,Media,Sol-pleno,0,1
Orquidea,43.0,Baixa,Sombra,1,1
Orquidea,42.0,Media,Sol-pleno,0,1
Samambaia,70.0,Alta,Meia-sombra,0,1
Samambaia,39.0,Baixa,Sombra,0,1
Espada-de-sao-jorge,,Baixa,Meia-sombra,0,1
Suculenta,18.0,Baixa,Meia-sombra,0,1
Cacto,64.0,Alta,Sombra,0,1
Samambaia,89.0,Baixa,Sol-pleno,0,1
Suculenta,64.0,Media,Sombra,0,1
Orquidea,79.0,Media,Sombra,0,1
Ficus,33.0,Baixa,Sombra,0,1
Suculenta,55.0,Baixa,Sombra,0,1
Espada-de-sao-jorge,31.0,Baixa,Sombra,0,1
Samambaia,45.0,Alta,Meia-sombra,0,1
Samambaia,65.0,Alta,Meia-sombra,0,1
Espada-de-sao-jorge,52.0,Alta,Sombra,0,1
Ficus,22.0,Baixa,Sol-pleno,0,1
Cacto,24.0,Media,Sol-pleno,1,1
Cacto,22.0,Media,Sol-pleno,0,1
Orquidea,60.0,Alta,Meia-sombra,0,1
Ficus,91.0,Baixa,Sol-pleno,0,1
Cacto,77.0,Alta,Meia-sombra,0,1
Ficus,12.0,Baixa,Meia-sombra,0,1
Orquidea,78.0,Media,Sombra,1,1
Suculenta,69.0,Alta,Sol-pleno,0,1
Cacto,19.0,Baixa,Sombra,0,1
Cacto,44.0,Baixa,Meia-sombra,0,1
Ficus,72.0,Alta,Sol-pleno,0,1
Espada-de-sao-jorge,61.0,Baixa,Sombra,0,1
Suculenta,24.0,Alta,Meia-sombra,0,1
Samambaia,62.0,Media,Sombra,1,1
Cacto,7.0,Media,Meia-sombra,0,1
Orquidea,46.0,Alta,Meia-sombra,0,1
Orquidea,73.0,Alta,Sombra,1,1
Cacto,50.0,Baixa,Sol-pleno,1,0
Samambaia,40.0,Baixa,Meia-sombra,1,1
Suculenta,68.0,Baixa,Meia-sombra,0,1
Suculenta,69.0,Baixa,Sol-pleno,0,1
Suculenta,76.0,Alta,Sombra,1,0
Ficus,67.0,Media,Meia-sombra,0,1
Cacto,72.0,Alta,Sol-pleno,1,1
Suculenta,65.0,Baixa,Meia-sombra,0,1
Espada-de-sao-jorge,55.0,Alta,Sombra,1,1
Suculenta,52.0,Alta,Sombra,0,1
Cacto,45.0,Alta,Sol-pleno,0,1
Suculenta,26.0,Media,Sol-pleno,0,1
Samambaia,,Alta,Sol-pleno,0,1
Ficus,44.0,Media,Sombra,0,1
Orquidea,55.0,Media,Sol-pleno,1,1
Espada-de-sao-jorge,79.0,Media,Meia-sombra,0,1
Espada-de-sao-jorge,49.0,Baixa,Sol-pleno,0,1
Suculenta,70.0,Alta,Sol-pleno,0,1
Ficus,72.0,Alta,Sombra,0,1
Espada-de-sao-jorge,,Alta,Sol-pleno,0,1
Cacto,62.0,Alta,Meia-sombra,0,1
Samambaia,45.0,Media,Sol-pleno,1,1
Espada-de-sao-jorge,76.0,Alta,Sol-pleno,0,1
Orquidea,63.0,Baixa,Sombra,0,1
Orquidea,26.0,Media,Sol-pleno,1,1
Samambaia,53.0,Baixa,Sombra,0,1
Espada-de-sao-jorge,,Baixa,Sombra,1,0
Cacto,46.0,Media,Sombra,0,1
Suculenta,59.0,Media,Sombra,0,1
Orquidea,61.0,Alta,Sol-pleno,0,1
Suculenta,29.0,Media,Sombra,0,1
Samambaia,60.0,Media,Meia-sombra,0,1
Samambaia,22.0,Media,Meia-sombra,0,1
Cacto,37.0,Media,Sol-pleno,0,0
Espada-de-sao-jorge,72.0,Alta,Meia-sombra,0,1
Orquidea,57.0,Baixa,Meia-sombra,1,1
Cacto,44.0,Media,Sol-pleno,0,1
Orquidea,59.0,Media,Meia-sombra,1,1
Orquidea,49.0,Baixa,Sol-pleno,1,0
Cacto,50.0,Alta,Sol-pleno,1,1
Cacto,63.0,Media,Sol-pleno,1,0
Espada-de-sao-jorge,35.0,Baixa,Sombra,1,1
Suculenta,51.0,Media,Sombra,0,1
Ficus,44.0,Alta,Meia-sombra,0,1
Orquidea,18.0,Alta,Meia-sombra,1,0
Suculenta,32.0,Baixa,Sombra,0,1
Suculenta,81.0,Media,Meia-sombra,1,1
Orquidea,58.0,Baixa,Sombra,1,0
Espada-de-sao-jorge,24.0,Media,Sombra,0,1
Samambaia,,Media,Sol-pleno,0,1
Cacto,48.0,Media,Sombra,0,1
Samambaia,81.0,Alta,Sol-pleno,0,1
Suculenta,46.0,Media,Meia-sombra,0,1
Cacto,76.0,Media,Sol-pleno,1,1
Cacto,57.0,Baixa,Sombra,0,1
Orquidea,59.0,Baixa,Sol-pleno,0,1
Cacto,23.0,Alta,Meia-sombra,1,0
Cacto,69.0,Media,Sol-pleno,0,1
Cacto,43.0,Alta,Sombra,1,1
Samambaia,67.0,Media,Sol-pleno,0,1
Ficus,34.0,Media,Sombra,1,1
Orquidea,54.0,Media,Meia-sombra,0,1
Ficus,57.0,Media,,0,1
Samambaia,47.0,Baixa,Sol-pleno,0,1
Orquidea,58.0,Baixa,Meia-sombra,0,1
Ficus,45.0,Media,Sol-pleno,0,0
Suculenta,37.0,Media,Meia-sombra,1,0
Orquidea,82.0,Media,Sombra,1,1
Suculenta,71.0,Media,Meia-sombra,0,1
Samambaia,35.0,Baixa,Meia-sombra,0,1
Ficus,61.0,Alta,Sombra,1,1
Espada-de-sao-jorge,35.0,Media,Sol-pleno,1,0
Samambaia,,Baixa,Sol-pleno,0,1
Orquidea,71.0,Media,,0,1
Samambaia,16.0,Alta,Meia-sombra,1,0
Ficus,69.0,Alta,,0,1
Orquidea,45.0,Baixa,Sol-pleno,0,1
Espada-de-sao-jorge,46.0,Alta,Sombra,1,1
Espada-de-sao-jorge,,Media,Meia-sombra,0,1
Orquidea,62.0,Media,,1,0
Samambaia,33.0,Media,Sol-pleno,0,0
Espada-de-sao-jorge,64.0,Alta,Meia-sombra,1,1
Orquidea,52.0,Baixa,Sol-pleno,1,1
Samambaia,25.0,Baixa,Meia-sombra,1,1
Ficus,47.0,Media,Meia-sombra,1,1
Espada-de-sao-jorge,78.0,Baixa,Meia-sombra,1,1
Samambaia,84.0,Alta,Sol-pleno,0,1
Orquidea,64.0,Alta,Sol-pleno,1,1
Ficus,26.0,Media,Sombra,1,1
Samambaia,60.0,Alta,Sombra,0,1
Samambaia,,Baixa,,0,1
Samambaia,65.0,Media,Sol-pleno,0,1
Orquidea,66.0,Media,Meia-sombra,0,1
Espada-de-sao-jorge,57.0,Baixa,Meia-sombra,1,1
Espada-de-sao-jorge,49.0,Baixa,Sombra,0,1
Orquidea,38.0,Media,Sombra,0,1
Samambaia,12.0,Media,Sol-pleno,0,1
Espada-de-sao-jorge,57.0,Baixa,Meia-sombra,0,1
Suculenta,,Media,Sol-pleno,1,0
Suculenta,61.0,Alta,Sombra,0,1
Orquidea,23.0,Baixa,Sombra,0,1
Orquidea,63.0,Alta,Sol-pleno,0,1
Espada-de-sao-jorge,91.0,Media,Sol-pleno,1,1
Suculenta,52.0,Media,Sol-pleno,1,1
Suculenta,49.0,Alta,Sombra,0,1
Orquidea,56.0,Media,Sol-pleno,0,1
Samambaia,91.0,Alta,Meia-sombra,0,1
Samambaia,30.0,Baixa,Sol-pleno,0,0
Suculenta,54.0,Baixa,Sol-pleno,1,1
Ficus,34.0,Media,Meia-sombra,0,1
Samambaia,39.0,Baixa,Sombra,0,1
Orquidea,49.0,Baixa,Sol-pleno,0,1
Espada-de-sao-jorge,77.0,Media,Meia-sombra,0,1
Suculenta,86.0,Alta,,0,1
Cacto,59.0,Baixa,Meia-sombra,0,0
Cacto,,Alta,Sol-pleno,0,1
Orquidea,100.0,Media,Sombra,0,1
Suculenta,41.0,Baixa,Sol-pleno,0,1
Ficus,39.0,Baixa,Meia-sombra,1,1
Suculenta,15.0,Alta,Sombra,0,1
Cacto,78.0,Baixa,Sombra,0,1
Orquidea,69.0,Media,Meia-sombra,0,1
Espada-de-sao-jorge,98.0,Alta,Sol-pleno,1,1
Espada-de-sao-jorge,22.0,Media,Meia-sombra,1,0
Suculenta,,Baixa,Sombra,1,1
Cacto,51.0,Baixa,Meia-sombra,0,1
Cacto,66.0,Alta,Sombra,1,0
Samambaia,17.0,Media,Sombra,0,1
Espada-de-sao-jorge,79.0,Baixa,Sol-pleno,1,0
Espada-de-sao-jorge,66.0,Baixa,Sol-pleno,1,0
Espada-de-sao-jorge,49.0,Media,Sombra,0,1
Samambaia,63.0,Baixa,Meia-sombra,0,1
Samambaia,35.0,Media,Meia-sombra,0,1
Espada-de-sao-jorge,38.0,Baixa,Meia-sombra,0,1
Suculenta,41.0,Alta,Sol-pleno,1,0
Orquidea,13.0,Media,Sombra,0,1
Cacto,67.0,Alta,Sol-pleno,1,0
Cacto,74.0,Baixa,Meia-sombra,1,1
Suculenta,36.0,Media,Sombra,0,1
Orquidea,57.0,Baixa,Sol-pleno,0,1
Cacto,45.0,Media,Sol-pleno,0,0
Orquidea,57.0,Alta,Meia-sombra,1,0
Samambaia,37.0,Baixa,Sol-pleno,0,1
Cacto,32.0,Alta,Sombra,0,1
Espada-de-sao-jorge,,Media,Meia-sombra,0,1
Espada-de-sao-jorge,49.0,Alta,Meia-sombra,1,1
Espada-de-sao-jorge,90.0,Baixa,Sol-pleno,0,1
Samambaia,51.0,Alta,Meia-sombra,0,1
Espada-de-sao-jorge,31.0,Media,Sol-pleno,1,0
Espada-de-sao-jorge,75.0,Baixa,Sombra,0,1
Espada-de-sao-jorge,63.0,Baixa,Meia-sombra,0,1
Ficus,65.0,Alta,Sombra,0,1
Orquidea,74.0,Alta,Meia-sombra,0,1
Espada-de-sao-jorge,37.0,Baixa,Sombra,0,1
Orquidea,47.0,Media,Sol-pleno,0,1
Samambaia,47.0,Alta,Sombra,0,1
Orquidea,24.0,Media,Sol-pleno,0,1
Ficus,45.0,Baixa,,0,1
Cacto,77.0,Media,Meia-sombra,0,1
Suculenta,55.0,Media,Sol-pleno,0,1
Cacto,23.0,Baixa,Sol-pleno,1,1
Orquidea,19.0,Alta,Sombra,1,1
Samambaia,83.0,Baixa,Sol-pleno,0,1
Suculenta,48.0,Alta,Meia-sombra,1,1
Suculenta,37.0,Alta,,1,0
Suculenta,45.0,Alta,Sol-pleno,0,0
Samambaia,20.0,Alta,Sol-pleno,1,1
Samambaia,78.0,Baixa,,1,0
Samambaia,42.0,Baixa,Sombra,0,1
Cacto,77.0,Alta,Sombra,0,1
Suculenta,51.0,Alta,Sombra,0,1
Cacto,79.0,Alta,Sol-pleno,0,1
Cacto,55.0,Media,Meia-sombra,1,1
Samambaia,67.0,Media,Meia-sombra,0,1
Samambaia,64.0,Baixa,Meia-sombra,0,1
Suculenta,62.0,Baixa,Sombra,0,1
Orquidea,57.0,Media,Meia-sombra,1,1
Samambaia,45.0,Baixa,Meia-sombra,0,1
Espada-de-sao-jorge,88.0,Baixa,Sol-pleno,1,0
Suculenta,32.0,Baixa,Sombra,0,1
Samambaia,50.0,Baixa,Sol-pleno,0,1
Cacto,50.0,Alta,Sombra,0,1
Ficus,58.0,Alta,Meia-sombra,0,1
Ficus,41.0,Alta,,0,1
Cacto,56.0,Baixa,Sol-pleno,0,1
Cacto,47.0,Media,Meia-sombra,0,0
Orquidea,18.0,Alta,Sombra,0,1
Ficus,50.0,Media,Meia-sombra,1,1
Espada-de-sao-jorge,28.0,Media,Meia-sombra,1,1
Samambaia,15.0,Alta,Meia-sombra,0,1
Ficus,53.0,Alta,Sombra,1,1
Orquidea,60.0,Alta,Sombra,0,1
Orquidea,61.0,Media,Meia-sombra,0,1
Suculenta,61.0,Media,Sombra,0,1
Ficus,11.0,Alta,Meia-sombra,0,1
Ficus,23.0,Alta,Sombra,1,1
Cacto,89.0,Media,Sol-pleno,0,0
Cacto,29.0,Media,Sombra,0,1
Espada-de-sao-jorge,62.0,Media,Meia-sombra,0,1
Samambaia,36.0,Baixa,Sol-pleno,0,1
Samambaia,52.0,Media,Meia-sombra,0,1
Espada-de-sao-jorge,37.0,Media,Sombra,0,1
Ficus,61.0,Alta,Sombra,0,1
Ficus,53.0,Media,Meia-sombra,0,1
Cacto,41.0,Baixa,Sombra,0,1
Cacto,29.0,Alta,Sol-pleno,1,0
Suculenta,55.0,Media,Sol-pleno,0,0
Espada-de-sao-jorge,26.0,Baixa,Sol-pleno,0,1
Espada-de-sao-jorge,,Alta,Sol-pleno,0,0
Samambaia,103.0,Media,Meia-sombra,0,1
Espada-de-sao-jorge,77.0,Media,Sombra,0,1
Suculenta,64.0,Alta,Meia-sombra,0,0
Ficus,48.0,Alta,Sombra,0,1
Espada-de-sao-jorge,11.0,Media,Sol-pleno,0,1
Ficus,24.0,Media,Meia-sombra,0,1
Suculenta,76.0,Alta,Meia-sombra,0,1
Orquidea,34.0,Baixa,Sol-pleno,0,1
Samambaia,36.0,Alta,Meia-sombra,0,1
Samambaia,47.0,Media,Meia-sombra,0,1
Cacto,29.0,Alta,Sombra,1,1
Espada-de-sao-jorge,25.0,Media,Sombra,0,1
Samambaia,49.0,Alta,Sombra,1,1
Suculenta,32.0,Baixa,Meia-sombra,0,1
Cacto,35.0,Alta,Sol-pleno,0,0
Ficus,34.0,Baixa,Sombra,0,1
Orquidea,60.0,Media,Meia-sombra,1,0
Orquidea,45.0,Baixa,Sombra,0,1
Suculenta,46.0,Alta,Sombra,0,1
Samambaia,62.0,Alta,Sombra,0,1
Ficus,47.0,Baixa,Meia-sombra,0,1
Cacto,44.0,Alta,,1,1
Suculenta,59.0,Baixa,Meia-sombra,0,1
Suculenta,63.0,Media,Meia-sombra,0,1
Samambaia,47.0,Baixa,Meia-sombra,0,1
Suculenta,52.0,Baixa,Sombra,0,1
Samambaia,34.0,Baixa,Sol-pleno,1,1
Orquidea,33.0,Media,Meia-sombra,1,1
Orquidea,65.0,Media,Sombra,1,1
Suculenta,59.0,Alta,Meia-sombra,0,1
Ficus,59.0,Baixa,Meia-sombra,0,1
Espada-de-sao-jorge,56.0,Alta,Sol-pleno,0,0
Ficus,51.0,Baixa,Sombra,0,1
Espada-de-sao-jorge,64.0,Baixa,Sol-pleno,1,1
Ficus,69.0,Baixa,Meia-sombra,0,1
Suculenta,68.0,Baixa,Sombra,0,1
Ficus,48.0,Media,Meia-sombra,0,1
Ficus,78.0,Alta,,1,0
Orquidea,55.0,Alta,Sombra,0,1
Orquidea,63.0,Alta,Sol-pleno,1,0
Ficus,56.0,Media,Sol-pleno,1,1
Espada-de-sao-jorge,55.0,Baixa,Sol-pleno,1,0
Samambaia,35.0,Media,Sombra,0,1
Samambaia,64.0,Alta,Meia-sombra,0,1
Samambaia,107.0,Baixa,Meia-sombra,0,1
Cacto,43.0,Baixa,Meia-sombra,1,1
Samambaia,,Alta,Sol-pleno,1,0
Cacto,41.0,Baixa,Sombra,0,1
Samambaia,40.0,Alta,Meia-sombra,0,1
Ficus,81.0,Alta,Sol-pleno,0,1
Cacto,37.0,Media,Sol-pleno,0,1
Orquidea,41.0,Media,Meia-sombra,0,1
Orquidea,18.0,Baixa,Sol-pleno,0,1
Cacto,35.0,Media,,1,1
Samambaia,16.0,Alta,Meia-sombra,0,1
Orquidea,63.0,Alta,Meia-sombra,0,1
Orquidea,106.0,Media,Sombra,0,1
Orquidea,43.0,Alta,Sombra,0,1
Espada-de-sao-jorge,17.0,Alta,Sol-pleno,0,0
Orquidea,68.0,Baixa,Sombra,0,1
Espada-de-sao-jorge,35.0,Media,Meia-sombra,0,1
Cacto,76.0,Media,Meia-sombra,0,1
Cacto,44.0,Media,Meia-sombra,0,1
Samambaia,37.0,Alta,Meia-sombra,0,1
Samambaia,46.0,Alta,,0,0
Orquidea,65.0,Media,Sol-pleno,0,1
Orquidea,45.0,Baixa,,0,1
Orquidea,40.0,Alta,Meia-sombra,0,1
Samambaia,46.0,Alta,Sol-pleno,0,1
Cacto,25.0,Alta,Meia-sombra,0,1
Samambaia,58.0,Media,Meia-sombra,1,1
Espada-de-sao-jorge,14.0,Baixa,Sol-pleno,0,1
Samambaia,41.0,Media,Sol-pleno,0,1
Ficus,65.0,Baixa,Sombra,0,1
Suculenta,56.0,Media,Sol-pleno,1,1
Espada-de-sao-jorge,62.0,Alta,Sol-pleno,0,1
Espada-de-sao-jorge,49.0,Baixa,Sol-pleno,1,1
Ficus,73.0,Alta,Sol-pleno,0,1
Samambaia,68.0,Baixa,Sol-pleno,1,1
Ficus,59.0,Baixa,Sombra,0,1
Samambaia,69.0,Alta,Sombra,0,1
Suculenta,,Baixa,Sombra,0,1
Samambaia,41.0,Alta,Sombra,0,1
Ficus,23.0,Alta,Sombra,1,0
Suculenta,58.0,Baixa,Meia-sombra,1,1
Ficus,,Baixa,Sombra,0,1
Samambaia,72.0,Baixa,Sombra,0,1
Ficus,31.0,Baixa,Meia-sombra,0,1
Ficus,32.0,Alta,Sol-pleno,0,1
Cacto,59.0,Alta,Sombra,0,1
Espada-de-sao-jorge,49.0,Alta,Meia-sombra,0,1
Orquidea,12.0,Alta,,0,0
Ficus,58.0,Alta,Sol-pleno,1,0
Ficus,13.0,Alta,Sombra,1,1
Cacto,31.0,Alta,Sol-pleno,1,0
Suculenta,77.0,Media,Sombra,0,1
Orquidea,86.0,Alta,Sombra,1,1
Orquidea,26.0,Baixa,Sombra,0,1
Cacto,43.0,Media,Sol-pleno,0,1
Samambaia,51.0,Alta,Sombra,0,1
Ficus,86.0,Baixa,Sol-pleno,1,0
Ficus,40.0,Baixa,Sol-pleno,0,1
Ficus,40.0,Baixa,Sol-pleno,1,0
Espada-de-sao-jorge,81.0,Baixa,Sombra,0,1
Samambaia,43.0,Media,Sombra,1,1
Orquidea,64.0,Alta,Sombra,0,1
Suculenta,20.0,Baixa,,1,1
Suculenta,47.0,Alta,Sombra,0,1
Cacto,17.0,Alta,Meia-sombra,0,1
Orquidea,29.0,Alta,Meia-sombra,1,1
Ficus,,Alta,Sol-pleno,0,1
Ficus,,Baixa,Meia-sombra,0,1
Cacto,44.0,Media,Meia-sombra,1,1
Cacto,35.0,Alta,Sol-pleno,0,1
Suculenta,46.0,Alta,,1,1
Orquidea,56.0,Media,Meia-sombra,0,1
Suculenta,70.0,Alta,Meia-sombra,1,1
Samambaia,5.0,Alta,Meia-sombra,0,1
Samambaia,33.0,Baixa,Sol-pleno,0,1
Orquidea,53.0,Alta,Meia-sombra,1,0
Samambaia,48.0,Baixa,Meia-sombra,0,1
Suculenta,58.0,Media,,0,1
Suculenta,55.0,Baixa,Sol-pleno,0,1
Orquidea,44.0,Alta,Meia-sombra,0,1
Orquidea,39.0,Baixa,Sombra,0,1
Cacto,45.0,Media,Sombra,0,1
Samambaia,73.0,Alta,Meia-sombra,1,0
Cacto,35.0,Alta,Sol-pleno,0,1
Cacto,,Baixa,Sol-pleno,0,1
Samambaia,54.0,Alta,Sol-pleno,0,1
Suculenta,81.0,Media,Sombra,0,1
Samambaia,44.0,Alta,,0,1
Suculenta,69.0,Media,Sol-pleno,1,1
Orquidea,75.0,Baixa,Sol-pleno,0,0
Espada-de-sao-jorge,49.0,Baixa,Sombra,0,1
Ficus,46.0,Baixa,Sol-pleno,1,1
Orquidea,,Alta,Sombra,0,1
Ficus,45.0,Alta,Sombra,0,1
Cacto,67.0,Media,Sol-pleno,0,1
Samambaia,55.0,Alta,Sol-pleno,0,1
Ficus,55.0,Baixa,Sol-pleno,0,1
Samambaia,27.0,Alta,Meia-sombra,1,1
Ficus,31.0,Baixa,Meia-sombra,0,1
Orquidea,93.0,Baixa,Meia-sombra,0,1
Ficus,46.0,Alta,Meia-sombra,0,1
Cacto,35.0,Media,Meia-sombra,1,1
Orquidea,79.0,Baixa,Sombra,1,1
Espada-de-sao-jorge,56.0,Alta,Sol-pleno,1,0
Espada-de-sao-jorge,62.0,Baixa,,0,1
Ficus,47.0,Alta,Meia-sombra,1,0
Espada-de-sao-jorge,44.0,Baixa,Sol-pleno,0,0
Suculenta,47.0,Baixa,Meia-sombra,0,1
Samambaia,22.0,Baixa,Meia-sombra,0,1
Cacto,48.0,Media,Sombra,1,0
Espada-de-sao-jorge,56.0,Baixa,Sombra,0,1
Cacto,87.0,Baixa,Meia-sombra,0,0
Samambaia,,Alta,Meia-sombra,0,1
Espada-de-sao-jorge,5.0,Media,Sol-pleno,0,1
Espada-de-sao-jorge,48.0,Media,Sol-pleno,1,0
Espada-de-sao-jorge,105.0,Baixa,Sol-pleno,1,0
Espada-de-sao-jorge,67.0,Baixa,Meia-sombra,0,1
Espada-de-sao-jorge,34.0,Baixa,Sombra,0,1
Cacto,62.0,Alta,Sol-pleno,0,1
Samambaia,35.0,Baixa,Sol-pleno,1,0
Suculenta,23.0,Baixa,Meia-sombra,0,1
Samambaia,43.0,Alta,Sol-pleno,0,1
Cacto,52.0,Media,Sol-pleno,0,1
Suculenta,13.0,Alta,Meia-sombra,0,1
Espada-de-sao-jorge,27.0,Media,Sombra,0,1
Samambaia,50.0,Alta,Sombra,0,1
Samambaia,42.0,Alta,Sol-pleno,1,1
Orquidea,58.0,Media,,0,1
Ficus,26.0,Alta,Sombra,0,1
Suculenta,64.0,Media,Sombra,0,1
Orquidea,26.0,Alta,Sol-pleno,0,1
Suculenta,83.0,Media,Sombra,0,1
Cacto,16.0,Alta,Sombra,0,1
Orquidea,28.0,Media,Meia-sombra,1,1
Cacto,58.0,Media,Meia-sombra,0,1
Orquidea,83.0,Media,Sol-pleno,1,1
Cacto,56.0,Alta,Sol-pleno,0,0
Ficus,61.0,Alta,Meia-sombra,0,1
Suculenta,,Alta,Sombra,0,1
Ficus,29.0,Alta,Sol-pleno,1,0
Espada-de-sao-jorge,40.0,Baixa,Meia-sombra,1,0
Suculenta,26.0,Alta,Sol-pleno,0,1
Cacto,24.0,Alta,Meia-sombra,0,1
Cacto,58.0,Baixa,Sombra,0,1
Suculenta,28.0,Alta,Sol-pleno,0,1
Samambaia,56.0,Media,Sombra,1,1
Samambaia,24.0,Baixa,Sol-pleno,0,1
Cacto,56.0,Baixa,Sol-pleno,0,1
Samambaia,40.0,Media,Sombra,1,1
Orquidea,78.0,Baixa,Sol-pleno,1,0
Ficus,56.0,Alta,Sombra,1,1
Orquidea,75.0,Alta,Meia-sombra,0,1
Cacto,35.0,Alta,Meia-sombra,0,1
Suculenta,51.0,Media,Meia-sombra,0,1
Ficus,30.0,Media,Meia-sombra,0,1
Cacto,42.0,Alta,Meia-sombra,0,1
Orquidea,45.0,Alta,Meia-sombra,0,1
Samambaia,35.0,Baixa,Sol-pleno,0,1
Ficus,26.0,Media,Sombra,0,1
Suculenta,,Alta,Sol-pleno,0,1
Ficus,5.0,Alta,Sombra,0,1
Samambaia,29.0,Alta,Sombra,0,1
Cacto,63.0,Baixa,Sol-pleno,0,1
Suculenta,18.0,Media,Sombra,1,1
Suculenta,23.0,Baixa,Sol-pleno,1,1
Orquidea,86.0,Alta,Sombra,0,1
Espada-de-sao-jorge,37.0,Media,Sombra,0,1
Ficus,56.0,Baixa,Sol-pleno,0,1
Cacto,63.0,Baixa,Sombra,0,1
Ficus,63.0,Alta,Sol-pleno,0,1
Ficus,20.0,Alta,Meia-sombra,1,1
Samambaia,45.0,Alta,Sol-pleno,0,1
Suculenta,18.0,Alta,Sol-pleno,0,1
Espada-de-sao-jorge,99.0,Alta,Sombra,1,1
Orquidea,18.0,Alta,Sombra,0,1
Suculenta,29.0,Alta,Meia-sombra,0,1
Orquidea,29.0,Alta,Sol-pleno,0,1
Samambaia,20.0,Media,Sombra,1,1
Espada-de-sao-jorge,77.0,Alta,Sombra,0,1
Espada-de-sao-jorge,98.0,Alta,Meia-sombra,0,1
Ficus,40.0,Baixa,Sombra,1,1
Cacto,24.0,Alta,Sombra,0,1
Orquidea,,Media,Sombra,1,1
Cacto,45.0,Baixa,Sol-pleno,0,0
Espada-de-sao-jorge,44.0,Baixa,Sol-pleno,0,1
Espada-de-sao-jorge,37.0,Baixa,Sombra,0,1
Cacto,54.0,Alta,Meia-sombra,1,1
Ficus,58.0,Alta,Meia-sombra,0,1
Cacto,56.0,Baixa,Meia-sombra,0,1
Samambaia,44.0,Media,Sol-pleno,1,1
Cacto,28.0,Media,Meia-sombra,0,1
Suculenta,63.0,Media,Sol-pleno,1,0
Cacto,50.0,Media,Sombra,0,1
Samambaia,68.0,Alta,Sombra,0,1
Samambaia,66.0,Media,Meia-sombra,1,1
Orquidea,22.0,Media,Sol-pleno,1,1
Ficus,21.0,Media,,0,1
Samambaia,35.0,Media,Meia-sombra,1,0
Espada-de-sao-jorge,29.0,Alta,Sombra,1,1
Ficus,65.0,Media,Meia-sombra,1,1
Cacto,57.0,Alta,Sol-pleno,0,1
Samambaia,72.0,Media,Meia-sombra,0,0
Ficus,58.0,Alta,Sombra,0,1
Cacto,54.0,Alta,Sol-pleno,0,0
Suculenta,74.0,Alta,Sol-pleno,0,1
Samambaia,59.0,Media,Meia-sombra,0,0
Ficus,51.0,Media,Meia-sombra,0,1
Ficus,,Media,Meia-sombra,0,1
Suculenta,52.0,Media,Sol-pleno,0,1
Espada-de-sao-jorge,44.0,Alta,Meia-sombra,0,1
Samambaia,33.0,Alta,Sombra,0,1
Samambaia,64.0,Alta,Sombra,1,1
Cacto,75.0,Alta,Sol-pleno,1,0
Cacto,49.0,Alta,Sol-pleno,0,1
Samambaia,76.0,Media,Sol-pleno,0,1
Ficus,11.0,Baixa,Sombra,0,1
Suculenta,49.0,Media,Sombra,0,1
Cacto,49.0,Alta,Meia-sombra,1,1
Cacto,35.0,Alta,Sombra,0,1
Samambaia,98.0,Media,Meia-sombra,0,1
Espada-de-sao-jorge,49.0,Alta,Meia-sombra,0,1
Suculenta,42.0,Baixa,Sombra,1,1
Cacto,51.0,Media,Sombra,1,1
Samambaia,10.0,Alta,Meia-sombra,1,0
Orquidea,35.0,Media,Sol-pleno,0,1
Espada-de-sao-jorge,70.0,Alta,Meia-sombra,1,1
Ficus,37.0,Media,Sombra,0,1
Espada-de-sao-jorge,33.0,Media,Sombra,0,0
Orquidea,76.0,Media,Meia-sombra,1,1
Ficus,77.0,Alta,Sombra,0,1
Orquidea,60.0,Baixa,Sol-pleno,1,1
Ficus,41.0,Baixa,,0,1
Ficus,45.0,Media,Sombra,0,1
Ficus,34.0,Baixa,Sol-pleno,0,1
Cacto,30.0,Media,Sombra,1,1
Suculenta,29.0,Media,Meia-sombra,0,1
Cacto,38.0,Baixa,Sol-pleno,1,1
Ficus,29.0,Media,Sombra,0,1
Samambaia,19.0,Media,Sombra,1,1
Espada-de-sao-jorge,54.0,Alta,Sombra,0,1
Espada-de-sao-jorge,55.0,Baixa,,0,1
Orquidea,84.0,Alta,Sombra,1,0
Ficus,37.0,Media,Meia-sombra,1,1
Orquidea,56.0,Alta,Meia-sombra,0,0
Orquidea,56.0,Baixa,Sol-pleno,0,1
Suculenta,45.0,Baixa,Sol-pleno,0,1
Ficus,65.0,Media,Sol-pleno,1,0
Espada-de-sao-jorge,66.0,Media,Sol-pleno,0,1
Cacto,57.0,Media,Meia-sombra,1,1
Ficus,45.0,Baixa,Meia-sombra,0,1
Samambaia,43.0,Media,Sombra,1,1
Cacto,23.0,Alta,Sol-pleno,0,1
Ficus,34.0,Alta,Meia-sombra,0,1
Samambaia,38.0,Baixa,Meia-sombra,0,1
Cacto,28.0,Media,Sombra,0,1
Espada-de-sao-jorge,59.0,Media,Sombra,0,1
Ficus,74.0,Media,Meia-sombra,0,1
Suculenta,32.0,Alta,,1,1
Espada-de-sao-jorge,56.0,Media,,0,1
Orquidea,29.0,Alta,Sombra,0,1
Espada-de-sao-jorge,44.0,Alta,Sombra,1,1
Samambaia,36.0,Baixa,Sol-pleno,0,1
Orquidea,62.0,Alta,Meia-sombra,0,1
Espada-de-sao-jorge,36.0,Baixa,Meia-sombra,1,1
Samambaia,70.0,Media,Sombra,1,0
Cacto,45.0,Media,Meia-sombra,1,1
Suculenta,37.0,Media,Meia-sombra,1,1
Cacto,25.0,Media,Meia-sombra,0,1
Samambaia,55.0,Baixa,Sol-pleno,0,1
Espada-de-sao-jorge,68.0,Baixa,Sol-pleno,0,1
Espada-de-sao-jorge,55.0,Alta,Sombra,1,0
Cacto,95.0,Alta,Meia-sombra,1,1
Orquidea,79.0,Alta,Sol-pleno,0,0
Cacto,44.0,Media,Meia-sombra,0,1
Orquidea,44.0,Alta,Sombra,0,1
Suculenta,59.0,Media,Sombra,0,1
Cacto,33.0,Baixa,,1,0
Ficus,73.0,Baixa,Sol-pleno,0,1
Suculenta,57.0,Baixa,,0,1
Samambaia,55.0,Media,Meia-sombra,1,1
Samambaia,64.0,Alta,Meia-sombra,0,1
Samambaia,84.0,Baixa,Sombra,0,1
Espada-de-sao-jorge,53.0,Media,Meia-sombra,0,1
Ficus,48.0,Baixa,Sol-pleno,0,1
Orquidea,80.0,Media,Sombra,0,1
Espada-de-sao-jorge,69.0,Media,Sombra,0,1
Ficus,44.0,Baixa,Meia-sombra,0,1
Suculenta,50.0,Media,Sombra,0,1
Suculenta,54.0,Baixa,Sol-pleno,0,1
Cacto,57.0,Alta,Meia-sombra,0,1
Orquidea,,Alta,Sombra,1,0
Cacto,19.0,Alta,Meia-sombra,0,1
Cacto,32.0,Alta,,0,1
Cacto,31.0,Baixa,Meia-sombra,1,1
Orquidea,37.0,Alta,Meia-sombra,0,1
Suculenta,63.0,Baixa,Sombra,0,1
Cacto,47.0,Alta,Sombra,1,1
Espada-de-sao-jorge,54.0,Alta,Sombra,0,1
Orquidea,26.0,Alta,Sombra,0,1
Espada-de-sao-jorge,41.0,Alta,Sombra,1,1
Orquidea,62.0,Alta,Meia-sombra,0,1
Cacto,62.0,Alta,Sombra,0,1
Orquidea,36.0,Baixa,Meia-sombra,0,1
Samambaia,53.0,Baixa,Sol-pleno,0,1
Samambaia,94.0,Alta,Sol-pleno,1,1
Cacto,,Baixa,Meia-sombra,0,1
Espada-de-sao-jorge,36.0,Media,,0,1
Suculenta,47.0,Baixa,,0,1
Cacto,52.0,Media,Sol-pleno,1,1
Cacto,47.0,Alta,Meia-sombra,0,1
Samambaia,,Alta,Sol-pleno,0,0
Suculenta,21.0,Media,Sol-pleno,0,1
Cacto,31.0,Media,,0,1
Suculenta,47.0,Media,Sombra,0,1
Cacto,47.0,Media,Sombra,1,1
Samambaia,39.0,Media,Sombra,0,1
Espada-de-sao-jorge,46.0,Alta,Sombra,0,1
Cacto,51.0,Baixa,Meia-sombra,0,1
Ficus,68.0,Media,Meia-sombra,0,1
Cacto,,Media,Meia-sombra,0,1
Suculenta,58.0,Media,Sol-pleno,1,0
Ficus,39.0,Baixa,Sol-pleno,0,1
Samambaia,61.0,Baixa,Sol-pleno,1,1
Ficus,58.0,Media,Sol-pleno,0,0
Suculenta,67.0,Alta,Meia-sombra,0,1
Orquidea,64.0,Alta,Sol-pleno,0,0
Espada-de-sao-jorge,62.0,Alta,Meia-sombra,0,1
Cacto,48.0,Alta,Sombra,0,1
Espada-de-sao-jorge,55.0,Media,Sombra,1,1
Samambaia,71.0,Baixa,Sombra,1,1
Orquidea,,Media,Sol-pleno,1,1
Suculenta,37.0,Alta,Sombra,1,1
Orquidea,54.0,Media,Sol-pleno,0,1
Orquidea,58.0,Alta,Sol-pleno,0,0
Suculenta,34.0,Baixa,Meia-sombra,0,1
Samambaia,49.0,Baixa,Sol-pleno,1,1
Suculenta,48.0,Baixa,Sol-pleno,0,1
Orquidea,6.0,Baixa,Sol-pleno,0,1
Espada-de-sao-jorge,46.0,Media,Meia-sombra,0,1
Espada-de-sao-jorge,,Media,Sombra,0,1
Samambaia,47.0,Media,Sombra,1,1
Suculenta,78.0,Baixa,Sol-pleno,0,1
Ficus,26.0,Media,,0,1
Orquidea,34.0,Baixa,Meia-sombra,1,1
Espada-de-sao-jorge,5.0,Media,Sombra,0,1
Ficus,40.0,Baixa,Sol-pleno,0,1
Suculenta,42.0,Baixa,Sombra,0,0
Espada-de-sao-jorge,40.0,Baixa,Meia-sombra,0,1
Espada-de-sao-jorge,72.0,Baixa,Meia-sombra,0,1
Cacto,67.0,Media,Sombra,0,1
Ficus,52.0,Media,Sombra,0,1
Espada-de-sao-jorge,43.0,Media,Sombra,0,1
Espada-de-sao-jorge,71.0,Media,Sol-pleno,0,0
Suculenta,,Baixa,Sol-pleno,1,0
Espada-de-sao-jorge,,Baixa,Meia-sombra,0,1
Ficus,16.0,Alta,Meia-sombra,0,0
Suculenta,41.0,Alta,Meia-sombra,0,1
Ficus,65.0,Baixa,Meia-sombra,0,1
Espada-de-sao-jorge,96.0,Baixa,Meia-sombra,1,1
Orquidea,,Baixa,Meia-sombra,0,1
Espada-de-sao-jorge,,Baixa,Meia-sombra,0,1
Suculenta,26.0,Baixa,Meia-sombra,0,1
Ficus,61.0,Media,Meia-sombra,1,1
Ficus,15.0,Alta,Sol-pleno,0,1
Cacto,61.0,Alta,Sombra,1,0
Orquidea,66.0,Alta,Sombra,0,1
Ficus,59.0,Media,Meia-sombra,0,1
Espada-de-sao-jorge,46.0,Media,Sombra,1,1
Samambaia,61.0,Media,Sombra,0,1
Cacto,53.0,Baixa,Sol-pleno,0,1
Samambaia,34.0,Media,Meia-sombra,0,1
Cacto,87.0,Baixa,,0,1
Cacto,43.0,Media,,0,1
Ficus,66.0,Baixa,Sombra,0,1
Suculenta,,Alta,Meia-sombra,0,1
Orquidea,76.0,Alta,Sombra,0,1
Espada-de-sao-jorge,79.0,Alta,Meia-sombra,0,1
Samambaia,,Baixa,Sombra,1,1
Espada-de-sao-jorge,61.0,Baixa,Sol-pleno,0,1
Espada-de-sao-jorge,61.0,Alta,Sombra,0,1
Espada-de-sao-jorge,37.0,Alta,Sombra,0,1
Cacto,61.0,Media,Sombra,0,0
Espada-de-sao-jorge,34.0,Baixa,Sombra,0,1
Suculenta,38.0,Media,Sombra,1,1
Ficus,73.0,Media,Sombra,1,1
Samambaia,69.0,Alta,Sol-pleno,0,0
Orquidea,36.0,Media,Sol-pleno,1,0
Ficus,35.0,Baixa,Sol-pleno,1,1
Cacto,37.0,Alta,Sol-pleno,1,0
Orquidea,65.0,Alta,Sol-pleno,1,0
Ficus,30.0,Baixa,Meia-sombra,0,1
Cacto,57.0,Baixa,Meia-sombra,0,1
Samambaia,65.0,Baixa,Meia-sombra,0,0
Suculenta,48.0,Alta,Sombra,0,1
Samambaia,70.0,Media,Meia-sombra,1,1
Espada-de-sao-jorge,44.0,Media,Sol-pleno,0,1
Ficus,46.0,Alta,Sombra,0,1
Espada-de-sao-jorge,30.0,Baixa,Sol-pleno,1,0
Orquidea,70.0,Baixa,Sol-pleno,0,1
Espada-de-sao-jorge,35.0,Alta,Meia-sombra,1,0
Espada-de-sao-jorge,57.0,Media,Meia-sombra,0,1
Samambaia,49.0,Baixa,Sombra,0,1
Espada-de-sao-jorge,29.0,Alta,Sombra,0,1
Suculenta,38.0,Baixa,Sombra,0,1
Espada-de-sao-jorge,78.0,Alta,Sol-pleno,0,0
Espada-de-sao-jorge,54.0,Alta,Meia-sombra,0,1
Suculenta,30.0,Alta,Sombra,0,1
Cacto,56.0,Media,Meia-sombra,0,1
Ficus,47.0,Baixa,Sol-pleno,1,1
Ficus,,Alta,Sombra,0,1
Cacto,56.0,Media,Sombra,0,1
Orquidea,,Media,Sol-pleno,0,1
Suculenta,78.0,Baixa,Sol-pleno,1,1
Cacto,13.0,Media,Meia-sombra,1,1
Samambaia,52.0,Media,Sol-pleno,1,1
Suculenta,90.0,Baixa,Meia-sombra,1,1
Suculenta,48.0,Alta,Meia-sombra,0,0
Espada-de-sao-jorge,15.0,Baixa,Sombra,0,1
Orquidea,42.0,Alta,Sol-pleno,0,1
Suculenta,79.0,Alta,Sol-pleno,1,0
Espada-de-sao-jorge,58.0,Media,Sombra,0,1
Cacto,33.0,Baixa,Sol-pleno,0,0
Espada-de-sao-jorge,36.0,Media,Sol-pleno,1,1
Cacto,39.0,Media,Sombra,1,1
Ficus,57.0,Media,Sombra,1,1
Cacto,77.0,Baixa,Meia-sombra,0,1
Ficus,71.0,Media,Meia-sombra,0,1
Ficus,59.0,Baixa,Meia-sombra,0,1
Espada-de-sao-jorge,23.0,Media,Meia-sombra,0,1
Orquidea,23.0,Media,Sol-pleno,0,1
Samambaia,61.0,Media,Meia-sombra,0,1
Espada-de-sao-jorge,23.0,Alta,Sombra,1,0
Ficus,45.0,Alta,Sombra,0,0
Samambaia,56.0,Alta,Sol-pleno,0,1
Orquidea,27.0,Alta,Sol-pleno,1,1
Samambaia,,Alta,Meia-sombra,0,1
Orquidea,48.0,Baixa,Sombra,0,1
Espada-de-sao-jorge,60.0,Baixa,Sombra,0,1
Ficus,71.0,Media,Sombra,0,1
Ficus,,Media,Sombra,1,1
Espada-de-sao-jorge,51.0,Alta,Meia-sombra,0,1
Suculenta,,Baixa,Sombra,0,1
Suculenta,29.0,Baixa,Sombra,1,1
Cacto,40.0,Alta,Sombra,0,0
Cacto,58.0,Alta,Sol-pleno,1,1
Orquidea,57.0,Baixa,Meia-sombra,0,1
Suculenta,8.0,Baixa,Sombra,1,1
Ficus,34.0,Media,Sol-pleno,0,1
Suculenta,74.0,Media,Meia-sombra,0,1
Orquidea,52.0,Baixa,Sombra,1,1
Ficus,22.0,Media,Sol-pleno,1,1
Cacto,97.0,Alta,Sol-pleno,0,1
Orquidea,49.0,Alta,Meia-sombra,0,1
Suculenta,58.0,Alta,Sombra,0,1
Ficus,58.0,Media,Sombra,1,1
Ficus,43.0,Alta,Meia-sombra,1,1
Suculenta,35.0,Baixa,Sol-pleno,0,1
Cacto,92.0,Baixa,Sol-pleno,0,1
Espada-de-sao-jorge,70.0,Baixa,Sol-pleno,0,1
Suculenta,66.0,Alta,Sol-pleno,1,0
Espada-de-sao-jorge,62.0,Media,Meia-sombra,0,1
Samambaia,30.0,Baixa,Meia-sombra,0,1
Cacto,76.0,Alta,Sol-pleno,1,1
Ficus,33.0,Baixa,Sol-pleno,0,1
Suculenta,,Media,Meia-sombra,0,0
Samambaia,17.0,Baixa,Sombra,0,1
Cacto,9.0,Baixa,Sol-pleno,0,1
Cacto,56.0,Baixa,Sombra,1,1
Samambaia,,Baixa,Meia-sombra,0,1
Ficus,10.0,Media,,0,1
Suculenta,61.0,Baixa,Sol-pleno,0,1
Espada-de-sao-jorge,92.0,Baixa,Sombra,1,1
Samambaia,78.0,Media,Meia-sombra,0,1
Cacto,45.0,Media,Meia-sombra,0,1
Samambaia,50.0,Media,Sombra,0,1
Orquidea,68.0,Media,Sombra,0,1
Cacto,72.0,Alta,Meia-sombra,1,1
Espada-de-sao-jorge,43.0,Alta,Sol-pleno,1,0
Samambaia,51.0,Baixa,Meia-sombra,1,1
Ficus,56.0,Alta,Sol-pleno,0,1
Suculenta,61.0,Media,Sol-pleno,0,1
Suculenta,47.0,Media,Sol-pleno,1,0
Espada-de-sao-jorge,48.0,Alta,Sol-pleno,0,1
Espada-de-sao-jorge,78.0,Baixa,Sol-pleno,1,0
Espada-de-sao-jorge,74.0,Media,Sol-pleno,0,1
Suculenta,60.0,Alta,Sombra,0,1
Cacto,84.0,Alta,Sol-pleno,0,1
Cacto,42.0,Baixa,Sombra,0,1
Ficus,82.0,Media,Sol-pleno,0,1
Cacto,61.0,Baixa,Meia-sombra,0,1
Cacto,115.0,Baixa,Sol-pleno,0,1
Ficus,26.0,Baixa,Meia-sombra,0,1
Samambaia,36.0,Media,Meia-sombra,1,0
Suculenta,58.0,Alta,Meia-sombra,0,1
Cacto,58.0,Media,Meia-sombra,1,1
Espada-de-sao-jorge,89.0,Media,Meia-sombra,0,1
Cacto,37.0,Alta,Meia-sombra,0,1
Espada-de-sao-jorge,68.0,Media,Meia-sombra,0,1
Suculenta,73.0,Alta,Meia-sombra,1,1
Ficus,64.0,Media,Sombra,0,1
Samambaia,31.0,Baixa,Meia-sombra,1,1
Orquidea,78.0,Media,Sombra,0,1
Suculenta,75.0,Media,,1,1
Samambaia,62.0,Media,Meia-sombra,1,1
Suculenta,54.0,Alta,Sombra,1,0
Espada-de-sao-jorge,55.0,Baixa,Meia-sombra,0,1
Cacto,48.0,Media,Sol-pleno,1,1
Ficus,63.0,Media,Sol-pleno,0,1
Samambaia,51.0,Baixa,Sombra,1,0
Espada-de-sao-jorge,33.0,Media,Meia-sombra,0,1
Orquidea,29.0,Alta,Meia-sombra,0,1
Espada-de-sao-jorge,35.0,Media,Sol-pleno,0,1
Espada-de-sao-jorge,54.0,Baixa,Meia-sombra,1,1
Ficus,49.0,Baixa,Sol-pleno,0,1
Samambaia,54.0,Media,Sol-pleno,0,1
Ficus,60.0,Alta,Sombra,0,1
Ficus,37.0,Baixa,Meia-sombra,1,1
Espada-de-sao-jorge,,Baixa,Meia-sombra,0,1
Espada-de-sao-jorge,45.0,Alta,Meia-sombra,0,1
Ficus,41.0,Baixa,Meia-sombra,0,1
Orquidea,60.0,Baixa,Sombra,0,1
Suculenta,13.0,Baixa,Meia-sombra,0,1
Ficus,34.0,Alta,,1,1
Espada-de-sao-jorge,70.0,Media,Sombra,1,1
Espada-de-sao-jorge,,Baixa,,0,1
Suculenta,72.0,Baixa,Sol-pleno,0,0
Orquidea,80.0,Alta,Meia-sombra,0,1
Cacto,43.0,Alta,Sol-pleno,0,1
Orquidea,56.0,Baixa,Meia-sombra,0,1
Cacto,72.0,Baixa,Sombra,1,0
Espada-de-sao-jorge,41.0,Baixa,Sol-pleno,0,1
Ficus,67.0,Alta,Sombra,0,1
Samambaia,37.0,Baixa,Sombra,1,1
Espada-de-sao-jorge,40.0,Baixa,Sombra,0,1
Samambaia,34.0,Media,Sol-pleno,0,1
Samambaia,57.0,Media,Sol-pleno,0,1
Orquidea,73.0,Media,,0,1
Samambaia,46.0,Alta,Meia-sombra,1,1
Suculenta,25.0,Baixa,Meia-sombra,1,1
Samambaia,28.0,Media,Sombra,0,1
Samambaia,58.0,Media,Sol-pleno,0,1
Espada-de-sao-jorge,87.0,Baixa,Sol-pleno,0,1
Samambaia,58.0,Alta,,0,1
Ficus,42.0,Media,Meia-sombra,0,1
Orquidea,65.0,Media,Sol-pleno,0,1
Espada-de-sao-jorge,45.0,Alta,Meia-sombra,0,1
Ficus,42.0,Baixa,Meia-sombra,1,1
Orquidea,31.0,Alta,Meia-sombra,1,1
Suculenta,78.0,Alta,Meia-sombra,0,1
Orquidea,5.0,Baixa,Meia-sombra,0,1
Ficus,66.0,Alta,Sombra,0,1
Espada-de-sao-jorge,41.0,Alta,,0,0
Suculenta,42.0,Media,Meia-sombra,0,1
Espada-de-sao-jorge,84.0,Media,Sombra,0,1
Cacto,36.0,Alta,Meia-sombra,1,1
Espada-de-sao-jorge,36.0,Baixa,Meia-sombra,0,1
Suculenta,47.0,Baixa,Meia-sombra,0,1
Ficus,58.0,Media,Sol-pleno,0,0
Espada-de-sao-jorge,41.0,Alta,Meia-sombra,0,1
Orquidea,19.0,Media,Meia-sombra,0,1
Samambaia,33.0,Baixa,Sombra,0,1
Suculenta,76.0,Media,Sol-pleno,1,1
Cacto,51.0,Baixa,Sombra,1,1
Suculenta,59.0,Alta,Meia-sombra,1,1
Espada-de-sao-jorge,45.0,Media,Sombra,0,1
Espada-de-sao-jorge,37.0,Media,Sol-pleno,0,1
Samambaia,84.0,Media,Meia-sombra,0,1
Espada-de-sao-jorge,46.0,Alta,Sombra,0,1
Cacto,41.0,Alta,Sombra,0,1
Orquidea,72.0,Media,Sol-pleno,1,0
Orquidea,36.0,Media,Meia-sombra,0,1
Cacto,38.0,Baixa,Sombra,0,1
Cacto,50.0,Media,Sol-pleno,0,1
Cacto,50.0,Media,Sombra,0,1
Espada-de-sao-jorge,55.0,Media,Meia-sombra,0,1
Cacto,92.0,Alta,,0,1
Samambaia,57.0,Alta,Sombra,0,1
Cacto,5.0,Media,Sombra,0,1
Samambaia,57.0,Media,Sombra,1,1
Cacto,51.0,Baixa,Sol-pleno,0,1
Ficus,51.0,Media,Meia-sombra,0,1
Ficus,55.0,Alta,Sol-pleno,0,1
Orquidea,49.0,Alta,Sombra,1,0
Ficus,49.0,Alta,Sol-pleno,0,1
Suculenta,62.0,Media,Sombra,0,1
Orquidea,39.0,Alta,Sombra,0,1
Orquidea,31.0,Alta,Sombra,0,1
Cacto,110.0,Media,Sol-pleno,0,0
Samambaia,36.0,Baixa,Sol-pleno,0,1
Espada-de-sao-jorge,52.0,Media,Sol-pleno,0,1
Espada-de-sao-jorge,20.0,Alta,Sol-pleno,1,1
Suculenta,52.0,Media,Sombra,0,1
Ficus,31.0,Alta,Sol-pleno,0,1
Ficus,41.0,Alta,Meia-sombra,0,1
Samambaia,71.0,Baixa,Meia-sombra,0,1
Ficus,59.0,Alta,Meia-sombra,0,1
Espada-de-sao-jorge,61.0,Media,Meia-sombra,0,1
Samambaia,15.0,Alta,Sombra,0,1
Samambaia,87.0,Media,Sombra,1,1
Espada-de-sao-jorge,26.0,Media,Meia-sombra,0,1
Orquidea,,Baixa,Meia-sombra,1,1
Samambaia,70.0,Baixa,Sol-pleno,1,0
Cacto,62.0,Media,Meia-sombra,0,1
Suculenta,33.0,Media,Sombra,0,1
Suculenta,53.0,Media,Meia-sombra,0,1
Espada-de-sao-jorge,41.0,Baixa,Meia-sombra,1,1
Espada-de-sao-jorge,,Media,Sol-pleno,0,1
Espada-de-sao-jorge,45.0,Baixa,Meia-sombra,0,1
Ficus,9.0,Baixa,Meia-sombra,0,1
Samambaia,72.0,Media,Sol-pleno,1,1
Suculenta,48.0,Media,Meia-sombra,0,1
Ficus,40.0,Media,Sol-pleno,0,1
Cacto,39.0,Alta,Sol-pleno,0,1
Ficus,57.0,Alta,Sol-pleno,0,1
Espada-de-sao-jorge,32.0,Media,Sol-pleno,1,1
Ficus,5.0,Alta,Meia-sombra,1,1
Ficus,58.0,Baixa,Sombra,0,1
Samambaia,60.0,Alta,,0,1
Ficus,46.0,Media,Sombra,1,1
Suculenta,27.0,Alta,Meia-sombra,0,1
Cacto,52.0,Alta,Sol-pleno,0,1
Espada-de-sao-jorge,21.0,Alta,Meia-sombra,0,1
Samambaia,29.0,Alta,Sombra,0,1
Suculenta,35.0,Baixa,Sombra,1,1
Suculenta,,Baixa,Sol-pleno,0,0
Suculenta,43.0,Media,Sol-pleno,0,1
Orquidea,41.0,Media,Meia-sombra,1,1
Samambaia,89.0,Baixa,Sol-pleno,0,0
Suculenta,57.0,Alta,Sol-pleno,1,0
Orquidea,57.0,Baixa,Meia-sombra,0,1
Espada-de-sao-jorge,43.0,Alta,Sombra,0,1
Suculenta,38.0,Baixa,,0,1
Suculenta,6.0,Media,Meia-sombra,0,1
Espada-de-sao-jorge,69.0,Alta,Sol-pleno,0,0
Suculenta,59.0,Media,Sol-pleno,0,1
Espada-de-sao-jorge,46.0,Alta,Meia-sombra,1,0
Ficus,47.0,Alta,Meia-sombra,1,1
Cacto,65.0,Alta,Sombra,0,1
Ficus,19.0,Media,,0,1
Ficus,38.0,Alta,Sombra,0,1
Cacto,,Media,Meia-sombra,0,1
Samambaia,85.0,Alta,Meia-sombra,0,1
Cacto,68.0,Alta,Sombra,1,1
Cacto,,Baixa,Meia-sombra,1,1
Suculenta,20.0,Media,Sol-pleno,0,0
Espada-de-sao-jorge,47.0,Alta,Sombra,1,1
Espada-de-sao-jorge,,Baixa,Sombra,0,1
Cacto,24.0,Alta,Sombra,0,1
Samambaia,89.0,Baixa,Sombra,0,0
Orquidea,56.0,Alta,Sombra,0,1
Ficus,59.0,Alta,Meia-sombra,0,1
Suculenta,36.0,Baixa,Sol-pleno,1,0
Cacto,64.0,Alta,Sol-pleno,0,1
Samambaia,42.0,Baixa,Sol-pleno,0,1
Suculenta,44.0,Media,Sol-pleno,0,1
Samambaia,62.0,Alta,Meia-sombra,1,1
Samambaia,17.0,Baixa,Sol-pleno,0,1
Suculenta,82.0,Baixa,Sombra,1,1
Samambaia,54.0,Media,Sol-pleno,1,0
Orquidea,76.0,Media,Sombra,0,1
Ficus,28.0,Baixa,Sol-pleno,0,1
Cacto,32.0,Media,Sombra,0,1
Orquidea,27.0,Baixa,,1,1
Samambaia,55.0,Baixa,Meia-sombra,0,1
Orquidea,51.0,Baixa,Sol-pleno,0,1
Orquidea,41.0,Baixa,Sombra,0,1
Espada-de-sao-jorge,30.0,Alta,Sombra,0,1
Samambaia,25.0,Alta,Meia-sombra,1,0
Orquidea,49.0,Media,,1,0
Espada-de-sao-jorge,41.0,Alta,Sol-pleno,0,1
Orquidea,36.0,Media,Meia-sombra,0,1
Samambaia,81.0,Alta,Meia-sombra,0,0
Orquidea,48.0,Baixa,Meia-sombra,1,0
Ficus,75.0,Baixa,Sol-pleno,0,1
Suculenta,,Alta,Sombra,1,1
Cacto,55.0,Baixa,Sombra,0,1
Suculenta,49.0,Alta,,0,1
Suculenta,16.0,Media,Sombra,1,1
Ficus,79.0,Media,Meia-sombra,0,1
Suculenta,47.0,Media,Sol-pleno,0,1
Espada-de-sao-jorge,65.0,Alta,,0,1
Cacto,35.0,Baixa,Meia-sombra,0,1
Samambaia,47.0,Alta,Sombra,1,0
Espada-de-sao-jorge,33.0,Alta,Meia-sombra,1,1
Ficus,75.0,Alta,Sombra,1,0
Cacto,56.0,Alta,Sol-pleno,0,1
Suculenta,57.0,Alta,Meia-sombra,0,1
Cacto,77.0,Media,Meia-sombra,1,1
Espada-de-sao-jorge,73.0,Media,Sol-pleno,0,1
Cacto,65.0,Media,Sombra,1,1
Espada-de-sao-jorge,22.0,Alta,Meia-sombra,0,1
Ficus,36.0,Media,Meia-sombra,0,1
Orquidea,30.0,Media,Sombra,0,1
Suculenta,65.0,Baixa,Sombra,0,1
Samambaia,53.0,Baixa,Sombra,0,1
Samambaia,22.0,Baixa,Sombra,0,1
Orquidea,46.0,Media,Sol-pleno,1,1
Suculenta,20.0,Media,Sombra,0,1
Suculenta,49.0,Alta,Sombra,0,1
Ficus,17.0,Media,Sol-pleno,0,1
Suculenta,61.0,Baixa,Meia-sombra,1,1
Espada-de-sao-jorge,58.0,Media,Sol-pleno,0,1
Ficus,88.0,Baixa,,1,0
Cacto,67.0,Alta,Sombra,1,0
Cacto,42.0,Alta,Meia-sombra,0,1
Espada-de-sao-jorge,66.0,Baixa,,0,1
Samambaia,22.0,Baixa,Meia-sombra,1,1
Cacto,31.0,Baixa,,0,1
Orquidea,,Media,Sol-pleno,1,1
Ficus,7.0,Baixa,,0,1
Orquidea,49.0,Alta,Sombra,0,1
Orquidea,30.0,Baixa,Sombra,0,1
Orquidea,52.0,Media,Meia-sombra,0,1
Suculenta,28.0,Media,Sombra,1,1
Orquidea,58.0,Baixa,Meia-sombra,0,1
Orquidea,50.0,Alta,Sol-pleno,1,1
Espada-de-sao-jorge,78.0,Baixa,Sombra,0,1
Cacto,50.0,Alta,Sol-pleno,1,1
Cacto,35.0,Alta,Sol-pleno,1,0
Suculenta,45.0,Media,Sol-pleno,0,1
Samambaia,23.0,Alta,Sombra,0,0
Espada-de-sao-jorge,58.0,Media,Sombra,1,1
Orquidea,62.0,Baixa,Sombra,1,1
Suculenta,99.0,Baixa,Sombra,0,1
Samambaia,38.0,Alta,Sombra,0,1
Cacto,45.0,Media,Meia-sombra,1,1
Cacto,38.0,Alta,Sombra,0,1
Suculenta,54.0,Baixa,Sombra,0,1
