id_patrulheiro,nivel,tempo_jogo_horas,medalhas_pt,raca,quest_sucess,ki_maximo,stamina_maxima,mentor_atual
PT-0001,76,269.4,413,Saiyan,57.03,94,165,dodoria
PT-0002,49,156.0,326,Human,27.95,47,66,tien
PT-0003,85,258.4,840,Namekian,46.13,150,109,lord slug
PT-0004,89,277.8,210,Namekian,58.26,85,55,tien
PT-0005,31,99.1,271,Human,27.43,0,87,vegeta
PT-0006,44,95.4,405,Human,31.53,56,106,raditz
PT-0007,73,174.9,1298,Human,45.32,108,61,yamcha
PT-0008,64,156.5,928,Human,51.44,95,98,captain ginyu
PT-0009,70,125.6,184,Saiyan,40.54,99,90,lord slug
PT-0010,53,114.5,1109,Saiyan,40.77,132,83,dodoria
PT-0011,88,155.7,1107,Saiyan,52.17,56,124,gohan (adult) and videl
PT-0012,86,251.6,244,Majin,60.96,82,111,whis
PT-0013,71,189.8,109,Saiyan,55.18,149,74,gohan (adult) and videl
PT-0014,93,258.8,472,Saiyan,42.52,26,128,goku
PT-0015,79,178.4,966,Frieza,59.96,91,130,pan
PT-0016,53,59.6,1280,Majin,36.31,122,45,gotenks
PT-0017,77,203.7,292,Saiyan,52.69,140,84,gohan (kid)
PT-0018,51,104.9,1410,Saiyan,32.89,97,0,piccolo
PT-0019,88,306.4,129,Majin,58.17,128,115,lord slug
PT-0020,69,210.9,395,Saiyan,68.01,44,127,gotenks
PT-0021,66,235.7,384,Human,47.42,138,66,gohan (adult) and videl
PT-0022,56,227.4,984,Human,38.72,27,75,android 18
PT-0023,94,288.2,1074,Saiyan,55.74,60,87,gotenks
PT-0024,67,173.3,874,Majin,35.05,99,62,cell
PT-0025,61,70.2,219,Saiyan,55.99,59,82,android 16
PT-0026,63,111.4,827,Human,47.7,89,43,krillin
PT-0027,81,181.6,669,Saiyan,44.01,112,77,dodoria
PT-0028,77,157.1,181,Saiyan,42.67,163,48,krillin
PT-0029,78,129.8,143,Saiyan,51.32,110,108,tien
PT-0030,79,280.8,919,Namekian,59.06,68,95,frieza
PT-0031,113,191.9,442,Saiyan,55.99,147,92,krillin
PT-0032,62,230.6,228,Saiyan,53.71,46,75,whis
PT-0033,60,175.2,435,Saiyan,43.27,115,63,zarbon
PT-0034,54,129.2,613,Majin,34.16,76,114,cell
PT-0035,82,257.8,469,Saiyan,49.06,112,70,yamcha
PT-0036,93,200.1,194,Frieza,71.19,33,121,turles
PT-0037,68,218.5,1527,Human,36.09,0,49,dodoria
PT-0038,53,117.6,900,Human,35.34,12,100,frieza
PT-0039,54,170.3,403,Human,49.22,143,109,android 16
PT-0040,83,173.3,413,Saiyan,54.93,50,131,frieza
PT-0041,85,172.7,611,Frieza,47.67,127,148,frieza
PT-0042,81,259.6,250,Frieza,60.12,69,98,majin buu
PT-0043,57,166.9,598,Saiyan,50.9,66,119,gohan (adult) and videl
PT-0044,75,182.8,222,Human,52.65,88,147,gohan (kid)
PT-0045,72,196.1,472,Saiyan,43.9,153,36,whis
PT-0046,74,133.8,244,Human,45.93,113,58,nappa
PT-0047,87,267.2,252,Majin,57.08,115,31,gohan (kid)
PT-0048,74,151.1,1323,Frieza,39.1,141,124,gohan (kid)
PT-0049,84,165.9,511,Saiyan,64.22,72,28,nappa
PT-0050,71,121.1,558,Human,62.0,130,9,gohan (kid)
PT-0051,76,156.2,147,Majin,48.51,127,39,gotenks
PT-0052,83,158.5,344,Saiyan,56.05,132,19,frieza
PT-0053,41,87.5,650,Human,45.89,57,70,gohan (future)
PT-0054,64,142.9,554,Human,61.24,64,31,tien
PT-0055,61,111.9,135,Majin,56.86,44,5,android 18
PT-0056,57,157.8,558,Frieza,28.92,43,68,tien
PT-0057,64,75.3,614,Saiyan,43.08,45,75,dodoria
PT-0058,100,296.3,1064,Saiyan,64.01,125,25,vegeta
PT-0059,53,177.1,333,Saiyan,37.25,63,39,cell
PT-0060,89,202.2,128,Saiyan,69.86,118,89,majin buu
PT-0061,36,121.6,271,Human,47.44,78,41,raditz
PT-0062,63,99.5,255,Namekian,38.67,38,61,piccolo
PT-0063,73,83.9,767,Saiyan,47.9,45,128,zarbon
PT-0064,82,255.1,97,Human,46.8,86,173,raditz
PT-0065,84,257.5,377,Saiyan,52.04,66,76,android 16
PT-0066,86,269.3,1159,Saiyan,52.6,64,37,captain ginyu
PT-0067,63,87.2,495,Namekian,52.83,148,65,gotenks
PT-0068,61,164.2,844,Human,37.29,17,80,bardock
PT-0069,87,199.4,184,Saiyan,33.87,181,89,vegeta
PT-0070,66,163.2,188,Frieza,33.56,94,101,whis
PT-0071,44,84.3,1167,Human,29.37,105,149,hercule
PT-0072,47,143.4,524,Saiyan,33.55,102,0,yamcha
PT-0073,52,88.0,524,Human,42.3,96,46,gotenks
PT-0074,80,251.5,252,Human,43.36,160,148,dodoria
PT-0075,73,215.8,523,Saiyan,39.51,45,60,cell
PT-0076,84,258.6,248,Namekian,46.16,91,120,cell
PT-0077,61,133.5,1004,Human,35.47,45,98,broly
PT-0078,73,243.0,2532,Human,44.76,21,131,majin buu
PT-0079,83,140.0,659,Namekian,48.42,70,165,gotenks
PT-0080,64,74.8,337,Human,51.11,156,88,nappa
PT-0081,79,210.2,108,Saiyan,43.68,86,15,gohan (future)
PT-0082,57,132.0,179,Saiyan,39.94,155,42,android 16
PT-0083,63,85.5,1253,Saiyan,40.84,164,162,hercule
PT-0084,62,126.6,266,Saiyan,51.27,199,17,turles
PT-0085,46,111.0,394,Saiyan,37.17,143,82,yamcha
PT-0086,80,131.9,730,Human,60.41,188,0,nappa
PT-0087,61,85.4,1199,Saiyan,35.18,92,19,gotenks
PT-0088,70,218.6,437,Saiyan,47.61,95,114,whis
PT-0089,80,185.3,387,Human,47.39,106,87,majin buu
PT-0090,79,251.0,514,Saiyan,41.79,93,70,dodoria
PT-0091,83,300.6,338,Human,52.66,102,56,raditz
PT-0092,68,118.9,349,Human,61.06,114,0,captain ginyu
PT-0093,62,180.2,631,Saiyan,37.98,61,101,vegeta
PT-0094,68,158.1,551,Saiyan,46.18,29,66,broly
PT-0095,36,101.5,1770,Human,23.9,73,0,frieza
PT-0096,41,78.6,641,Saiyan,24.73,35,60,vegeta
PT-0097,44,62.5,983,Human,31.3,42,84,captain ginyu
PT-0098,50,90.1,259,Majin,36.4,64,57,pan
PT-0099,78,212.6,675,Human,47.96,78,89,android 18
PT-0100,52,170.9,319,Saiyan,38.99,116,68,raditz
PT-0101,62,189.1,625,Frieza,31.61,73,45,captain ginyu
PT-0102,96,247.4,745,Saiyan,53.39,153,99,dodoria
PT-0103,63,223.8,508,Namekian,49.21,89,104,gohan (kid)
PT-0104,85,267.1,2089,Majin,43.13,94,131,lord slug
PT-0105,51,102.2,1161,Saiyan,37.56,77,97,raditz
PT-0106,66,219.3,999,Saiyan,48.74,31,49,dodoria
PT-0107,51,109.2,779,Saiyan,34.14,84,91,zarbon
PT-0108,63,85.5,1419,Frieza,47.93,114,93,dodoria
PT-0109,87,214.2,208,Saiyan,42.63,139,63,frieza
PT-0110,35,126.2,1121,Namekian,41.11,4,36,cell
PT-0111,79,147.0,272,Human,54.53,32,112,yamcha
PT-0112,75,197.6,351,Human,50.45,69,138,gohan (kid)
PT-0113,58,139.2,690,Human,52.2,132,0,hercule
PT-0114,41,65.3,1033,Saiyan,33.77,72,124,whis
PT-0115,71,97.8,247,Saiyan,43.46,56,126,krillin
PT-0116,59,154.1,362,Frieza,54.58,19,79,tien
PT-0117,75,253.8,522,Saiyan,64.73,63,73,pan
PT-0118,70,124.2,441,Frieza,42.45,56,95,yamcha
PT-0119,102,225.0,823,Frieza,59.89,149,76,bardock
PT-0120,65,114.8,3872,Saiyan,54.36,123,68,gotenks
PT-0121,50,90.1,634,Human,39.37,28,6,yamcha
PT-0122,74,190.5,317,Saiyan,54.36,119,12,tien
PT-0123,74,203.6,226,Human,55.84,115,175,bardock
PT-0124,97,265.2,405,Frieza,54.3,60,100,raditz
PT-0125,87,180.1,280,Namekian,58.15,96,99,frieza
PT-0126,77,230.8,652,Frieza,50.75,105,83,raditz
PT-0127,99,165.7,646,Saiyan,49.87,116,66,cooler
PT-0128,46,92.9,373,Human,30.48,0,50,gotenks
PT-0129,57,183.7,1621,Saiyan,37.58,81,74,android 16
PT-0130,51,138.4,317,Namekian,47.83,96,58,krillin
PT-0131,62,203.9,459,Saiyan,52.49,143,43,cooler
PT-0132,42,156.5,723,Saiyan,42.8,37,79,android 16
PT-0133,83,224.5,842,Saiyan,56.72,75,96,piccolo
PT-0134,66,208.5,1061,Saiyan,49.7,74,92,majin buu
PT-0135,41,98.0,637,Saiyan,38.62,74,87,android 18
PT-0136,50,82.8,926,Saiyan,43.26,74,58,krillin
PT-0137,76,148.2,331,Namekian,54.2,115,76,jaco
PT-0138,87,154.9,855,Majin,43.56,55,150,zarbon
PT-0139,110,195.6,848,Saiyan,57.68,134,69,raditz
PT-0140,128,292.8,1221,Majin,62.97,103,45,tien
PT-0141,78,209.1,181,Saiyan,60.06,87,107,vegeta
PT-0142,50,139.6,286,Majin,53.23,138,40,gohan (kid)
PT-0143,27,56.1,807,Saiyan,20.0,0,6,gohan (kid)
PT-0144,75,114.5,100,Human,62.52,79,118,hercule
PT-0145,54,173.7,662,Saiyan,42.29,22,62,android 18
PT-0146,62,141.3,931,Saiyan,52.9,86,23,yamcha
PT-0147,58,89.7,349,Human,47.25,118,148,cell
PT-0148,67,99.2,381,Majin,58.32,90,12,lord slug
PT-0149,91,227.5,259,Majin,58.08,98,90,captain ginyu
PT-0150,73,136.1,360,Saiyan,38.29,142,6,zamasu
PT-0151,67,240.1,367,Human,45.95,97,88,gohan (kid)
PT-0152,49,126.2,327,Majin,43.73,102,39,tien
PT-0153,37,94.8,317,Saiyan,33.07,88,89,krillin
PT-0154,60,73.6,419,Saiyan,49.26,0,71,nappa
PT-0155,69,220.4,416,Saiyan,47.07,82,132,captain ginyu
PT-0156,105,283.2,1517,Saiyan,57.24,71,86,tien
PT-0157,73,121.9,389,Saiyan,40.51,55,17,frieza
PT-0158,90,231.1,606,Saiyan,52.87,161,103,beerus
PT-0159,60,159.7,349,Human,45.64,63,62,hercule
PT-0160,46,120.1,346,Human,22.72,143,0,android 16
PT-0161,51,115.1,177,Majin,34.16,14,23,android 16
PT-0162,55,129.2,192,Human,26.03,31,39,lord slug
PT-0163,113,195.4,239,Saiyan,60.26,151,171,dodoria
PT-0164,54,79.4,550,Frieza,51.18,60,96,vegeta
PT-0165,87,148.5,940,Majin,45.31,112,77,gohan (kid)
PT-0166,52,169.4,931,Human,46.43,67,85,tien
PT-0167,89,191.2,354,Saiyan,78.39,95,11,frieza
PT-0168,78,187.7,217,Human,62.83,80,62,dodoria
PT-0169,67,158.5,420,Human,47.87,91,93,yamcha
PT-0170,69,214.8,940,Human,54.47,111,85,raditz
PT-0171,57,164.7,377,Majin,31.84,140,48,hercule
PT-0172,79,263.1,479,Frieza,39.01,85,84,raditz
PT-0173,61,123.2,1180,Frieza,44.63,63,86,zarbon
PT-0174,45,67.2,649,Human,41.19,45,61,yamcha
PT-0175,44,106.5,312,Frieza,46.36,124,95,piccolo
PT-0176,73,186.1,542,Frieza,44.65,116,94,majin buu
PT-0177,102,321.2,300,Saiyan,62.35,36,122,tien
PT-0178,73,240.5,634,Human,50.47,11,150,gohan (kid)
PT-0179,68,162.3,671,Saiyan,46.15,51,111,bardock
PT-0180,76,298.3,217,Saiyan,49.82,100,153,dodoria
PT-0181,96,269.8,547,Saiyan,51.56,105,70,cooler
PT-0182,74,140.3,459,Human,51.84,110,18,android 18
PT-0183,62,149.5,683,Saiyan,46.36,73,68,piccolo
PT-0184,92,141.7,811,Saiyan,53.28,159,85,vegeta
PT-0185,79,247.7,656,Saiyan,56.93,124,144,vegeta
PT-0186,101,161.5,411,Human,68.62,114,55,raditz
PT-0187,74,163.3,7994,Namekian,55.02,135,79,raditz
PT-0188,46,142.8,292,Frieza,30.06,1,78,cooler
PT-0189,43,48.5,223,Saiyan,38.0,61,64,tien
PT-0190,103,153.9,72,Saiyan,53.91,118,95,yamcha
PT-0191,104,293.5,472,Namekian,62.37,137,117,frieza
PT-0192,66,101.9,301,Saiyan,39.14,14,119,zarbon
PT-0193,62,182.1,626,Frieza,55.02,69,135,android 18
PT-0194,99,230.6,151,Majin,65.87,125,101,krillin
PT-0195,48,108.1,334,Human,48.42,87,31,cell
PT-0196,52,93.7,653,Saiyan,49.21,119,128,turles
PT-0197,83,246.9,266,Saiyan,51.04,127,45,captain ginyu
PT-0198,62,189.2,630,Human,41.4,77,145,gotenks
PT-0199,70,136.4,353,Saiyan,61.93,113,133,vegeta
PT-0200,67,236.5,483,Namekian,45.48,76,136,tien
PT-0201,77,226.4,704,Human,39.96,97,111,vegeta
PT-0202,98,269.6,873,Saiyan,67.26,140,14,zarbon
PT-0203,72,208.1,521,Saiyan,49.95,86,39,turles
PT-0204,83,243.9,302,Human,65.25,111,100,nappa
PT-0205,29,104.4,374,Saiyan,33.54,92,23,gohan (kid)
PT-0206,69,148.2,722,Human,47.44,114,66,broly
PT-0207,53,147.1,267,Human,53.41,122,92,raditz
PT-0208,46,98.5,443,Majin,26.09,160,55,android 18
PT-0209,52,73.1,391,Saiyan,36.12,100,18,nappa
PT-0210,63,147.0,463,Saiyan,38.1,62,110,jaco
PT-0211,88,135.9,2286,Namekian,37.64,121,112,piccolo
PT-0212,43,109.9,162,Human,44.19,83,50,lord slug
PT-0213,71,145.0,673,Majin,43.94,111,108,frieza
PT-0214,60,118.2,879,Human,51.24,138,76,bardock
PT-0215,63,204.4,168,Namekian,48.31,13,127,bojack
PT-0216,90,247.5,615,Saiyan,60.86,163,99,hercule
PT-0217,81,204.0,944,Saiyan,48.76,169,140,tien
PT-0218,97,156.2,705,Majin,52.69,130,23,dodoria
PT-0219,67,150.9,384,Saiyan,47.52,107,95,turles
PT-0220,56,113.3,280,Majin,49.75,65,53,android 18
PT-0221,66,163.2,517,Saiyan,46.0,83,42,broly
PT-0222,75,218.7,572,Saiyan,44.38,118,129,gohan (adult) and videl
PT-0223,74,174.1,522,Saiyan,40.01,115,117,gohan (kid)
PT-0224,48,106.7,442,Namekian,40.83,97,0,piccolo
PT-0225,72,229.4,257,Majin,44.37,113,109,nappa
PT-0226,75,222.9,635,Saiyan,49.43,126,106,cell
PT-0227,120,325.7,654,Saiyan,66.09,157,85,dodoria
PT-0228,108,296.9,556,Saiyan,59.64,75,72,krillin
PT-0229,53,57.4,527,Saiyan,43.55,106,3,lord slug
PT-0230,64,211.3,1350,Majin,50.04,156,61,krillin
PT-0231,41,72.2,339,Saiyan,52.12,62,52,vegeta
PT-0232,58,131.5,1063,Saiyan,49.26,136,102,dodoria
PT-0233,76,270.2,317,Saiyan,63.15,54,94,captain ginyu
PT-0234,94,266.6,959,Human,51.05,104,53,yamcha
PT-0235,55,88.8,1033,Human,29.19,48,78,majin buu
PT-0236,57,85.4,413,Human,42.68,131,60,turles
PT-0237,27,66.1,1335,Human,37.66,117,12,cell
PT-0238,67,189.1,653,Frieza,52.41,80,13,jaco
PT-0239,49,90.6,291,Human,49.29,116,89,raditz
PT-0240,59,158.6,394,Namekian,23.31,143,89,yamcha
PT-0241,52,174.4,972,Human,50.82,70,89,tien
PT-0242,68,207.5,857,Saiyan,49.88,90,48,lord slug
PT-0243,35,115.6,261,Majin,21.65,87,61,yamcha
PT-0244,41,57.7,453,Human,42.19,29,4,pan
PT-0245,113,179.3,557,Human,66.56,125,70,cooler
PT-0246,44,112.9,363,Saiyan,40.65,151,62,gohan (adult) and videl
PT-0247,48,107.4,2028,Saiyan,47.19,48,74,zarbon
PT-0248,107,182.5,567,Namekian,66.24,150,40,lord slug
PT-0249,128,260.2,475,Saiyan,59.42,153,77,zarbon
PT-0250,47,72.2,1007,Saiyan,37.66,61,48,frieza
PT-0251,63,110.1,396,Saiyan,32.26,89,112,hercule
PT-0252,77,208.2,902,Human,55.99,162,51,raditz
PT-0253,105,326.3,181,Namekian,73.18,136,109,broly
PT-0254,50,148.1,375,Human,30.07,98,75,lord slug
PT-0255,65,178.5,925,Frieza,40.63,146,66,majin buu
PT-0256,86,193.2,1264,Human,47.34,87,101,raditz
PT-0257,79,267.8,310,Saiyan,47.97,51,32,tien
PT-0258,62,134.0,289,Saiyan,48.1,150,47,tien
PT-0259,67,133.8,693,Saiyan,43.26,89,134,android 18
PT-0260,43,146.7,339,Majin,42.42,100,120,yamcha
PT-0261,65,159.0,419,Saiyan,54.52,52,109,nenhum
PT-0262,65,97.5,834,Saiyan,54.81,98,120,goku
PT-0263,75,146.3,356,Namekian,41.05,46,9,krillin
PT-0264,59,144.6,152,Human,54.69,80,33,lord slug
PT-0265,79,154.1,226,Saiyan,63.33,67,73,raditz
PT-0266,90,226.1,496,Majin,68.42,67,190,nappa
PT-0267,73,231.6,161,Human,47.94,76,69,raditz
PT-0268,77,158.4,412,Namekian,44.79,0,114,gotenks
PT-0269,71,193.2,214,Human,40.53,40,95,beerus
PT-0270,70,160.9,1318,Saiyan,39.19,117,93,krillin
PT-0271,56,164.8,1806,Saiyan,42.49,89,68,gohan (kid)
PT-0272,76,140.0,261,Saiyan,57.18,48,35,zarbon
PT-0273,68,138.4,575,Majin,57.65,106,0,captain ginyu
PT-0274,112,268.2,277,Human,60.92,84,160,tien
PT-0275,101,289.4,409,Majin,60.09,140,76,gotenks
PT-0276,78,238.2,1454,Human,50.37,88,10,pan
PT-0277,55,146.4,372,Saiyan,36.92,61,86,vegeta
PT-0278,48,121.8,415,Saiyan,45.09,65,80,turles
PT-0279,94,236.0,280,Saiyan,60.5,200,127,android 16
PT-0280,75,105.8,980,Saiyan,51.13,60,127,cooler
PT-0281,80,154.0,70,Human,54.87,103,49,gohan (adult) and videl
PT-0282,35,45.9,378,Frieza,38.92,89,20,dodoria
PT-0283,89,182.7,479,Saiyan,60.44,63,80,frieza
PT-0284,79,215.0,331,Human,44.89,29,118,gohan (kid)
PT-0285,48,121.1,827,Saiyan,46.37,44,0,cell
PT-0286,61,163.0,1014,Majin,46.44,109,78,yamcha
PT-0287,75,196.0,211,Saiyan,46.52,76,120,raditz
PT-0288,71,198.4,1730,Human,50.27,78,115,dodoria
PT-0289,64,181.2,210,Saiyan,48.36,118,103,vegeta
PT-0290,68,135.3,1068,Saiyan,55.85,52,120,raditz
PT-0291,65,156.1,539,Human,37.63,78,0,piccolo
PT-0292,73,184.5,364,Saiyan,59.8,28,146,turles
PT-0293,99,288.9,385,Human,59.79,122,113,cooler
PT-0294,19,35.7,483,Saiyan,23.55,54,97,vegeta
PT-0295,65,140.7,558,Frieza,41.71,114,29,gotenks
PT-0296,74,225.1,284,Saiyan,41.59,43,12,gotenks
PT-0297,76,212.8,428,Human,36.47,83,155,tien
PT-0298,63,107.0,310,Namekian,50.62,29,37,frieza
PT-0299,35,82.9,238,Human,49.85,48,42,gohan (kid)
PT-0300,77,266.4,302,Saiyan,37.86,151,105,frieza
PT-0301,105,155.2,247,Human,54.4,101,134,lord slug
PT-0302,39,123.3,383,Saiyan,41.61,7,100,krillin
PT-0303,87,159.0,639,Human,54.43,72,100,captain ginyu
PT-0304,63,171.4,530,Saiyan,51.88,16,32,gohan (kid)
PT-0305,69,160.6,1611,Majin,46.79,33,107,captain ginyu
PT-0306,49,101.6,131,Namekian,34.95,96,93,tien
PT-0307,63,207.5,653,Saiyan,43.39,23,1,gohan (adult) and videl
PT-0308,96,227.8,495,Saiyan,39.34,119,154,frieza
PT-0309,82,276.9,804,Saiyan,43.65,97,0,piccolo
PT-0310,105,198.0,757,Human,69.59,93,145,majin buu
PT-0311,94,288.3,446,Saiyan,67.14,114,70,krillin
PT-0312,79,256.3,547,Human,62.85,56,114,cooler
PT-0313,105,291.5,315,Human,65.53,148,124,captain ginyu
PT-0314,79,150.0,712,Frieza,33.55,65,84,krillin
PT-0315,87,242.5,160,Saiyan,49.72,84,109,raditz
PT-0316,64,184.7,785,Saiyan,56.2,61,71,tien
PT-0317,71,263.9,486,Saiyan,61.38,114,108,lord slug
PT-0318,56,152.0,368,Human,53.3,97,157,cell
PT-0319,90,170.5,429,Saiyan,54.11,0,39,tien
PT-0320,46,74.3,448,Saiyan,27.95,77,0,tien
PT-0321,86,276.4,1073,Saiyan,54.07,29,74,broly
PT-0322,66,231.2,3429,Majin,46.52,69,57,piccolo
PT-0323,93,140.8,1024,Frieza,69.72,100,80,gohan (kid)
PT-0324,85,264.2,351,Saiyan,55.82,84,52,cell
PT-0325,106,370.6,719,Saiyan,62.53,135,139,tien
PT-0326,85,131.6,738,Saiyan,54.59,127,34,jaco
PT-0327,39,70.4,283,Saiyan,38.8,30,75,krillin
PT-0328,69,212.9,231,Frieza,52.61,53,104,turles
PT-0329,47,114.0,474,Human,33.0,66,76,nappa
PT-0330,60,98.4,800,Human,35.54,16,91,yamcha
PT-0331,100,300.2,187,Frieza,70.96,91,138,vegeta
PT-0332,83,196.6,320,Human,40.07,150,90,gohan (future)
PT-0333,56,177.2,695,Saiyan,55.5,15,55,captain ginyu
PT-0334,50,170.0,505,Human,24.71,56,84,tien
PT-0335,71,217.0,1153,Saiyan,43.72,63,104,jaco
PT-0336,46,106.7,211,Saiyan,46.17,147,98,yamcha
PT-0337,57,115.0,2021,Frieza,42.8,54,1,krillin
PT-0338,76,173.7,196,Saiyan,39.87,72,76,krillin
PT-0339,93,164.7,146,Human,60.61,63,52,gotenks
PT-0340,82,248.0,476,Saiyan,53.34,96,110,yamcha
PT-0341,24,41.2,249,Saiyan,27.87,60,76,piccolo
PT-0342,76,188.7,481,Human,45.41,55,72,jaco
PT-0343,71,119.8,471,Majin,48.12,126,51,cooler
PT-0344,78,133.3,438,Human,46.54,103,108,gohan (kid)
PT-0345,102,208.4,297,Saiyan,80.28,146,96,cooler
PT-0346,29,126.0,639,Saiyan,29.68,40,107,raditz
PT-0347,58,176.4,407,Human,40.21,86,142,dodoria
PT-0348,82,130.6,955,Human,48.47,87,127,nappa
PT-0349,38,132.8,442,Majin,49.42,119,66,android 18
PT-0350,100,346.8,276,Human,46.89,115,173,majin buu
PT-0351,77,182.8,179,Namekian,53.68,92,94,nappa
PT-0352,87,212.8,444,Majin,52.89,81,72,yamcha
PT-0353,59,144.5,230,Saiyan,32.21,57,44,nappa
PT-0354,86,194.1,219,Human,47.85,108,62,majin buu
PT-0355,91,242.1,676,Majin,58.94,136,93,hercule
PT-0356,75,108.1,170,Frieza,43.08,63,101,hercule
PT-0357,75,248.5,1150,Saiyan,52.08,95,26,gohan (future)
PT-0358,75,231.9,542,Human,63.83,97,65,gotenks
PT-0359,53,185.1,480,Saiyan,42.56,87,76,gohan (future)
PT-0360,67,161.5,265,Majin,35.17,15,103,android 18
PT-0361,67,176.3,779,Frieza,40.03,47,76,raditz
PT-0362,78,257.7,492,Frieza,48.92,38,94,cooler
PT-0363,90,171.4,326,Saiyan,53.18,103,43,piccolo
PT-0364,49,103.2,556,Saiyan,40.82,33,28,tien
PT-0365,67,177.4,180,Majin,49.3,64,74,gohan (kid)
PT-0366,100,207.4,185,Human,73.84,62,120,nappa
PT-0367,55,100.8,252,Frieza,41.97,58,78,cell
PT-0368,54,53.7,608,Saiyan,32.38,28,34,nappa
PT-0369,74,180.5,492,Namekian,58.83,120,72,krillin
PT-0370,87,178.1,925,Human,64.9,119,151,whis
PT-0371,70,146.0,284,Saiyan,49.86,92,101,cooler
PT-0372,97,144.9,696,Saiyan,56.83,96,91,piccolo
PT-0373,87,217.5,460,Majin,59.78,18,50,raditz
PT-0374,87,272.7,280,Saiyan,53.11,81,62,yamcha
PT-0375,81,172.5,621,Majin,35.95,64,87,beerus
PT-0376,117,318.2,474,Human,71.31,133,123,raditz
PT-0377,66,213.7,338,Human,53.54,108,99,jaco
PT-0378,30,96.1,505,Saiyan,43.53,67,67,raditz
PT-0379,102,294.2,456,Frieza,54.95,162,87,gohan (adult) and videl
PT-0380,61,170.7,449,Majin,46.21,56,52,krillin
PT-0381,72,207.5,385,Majin,50.78,63,162,dodoria
PT-0382,96,122.5,225,Majin,59.08,148,75,vegeta
PT-0383,38,68.2,515,Human,36.12,67,5,nappa
PT-0384,45,175.0,304,Frieza,38.3,56,0,bojack
PT-0385,38,117.6,267,Human,36.89,134,42,lord slug
PT-0386,54,190.5,426,Human,47.53,96,105,raditz
PT-0387,79,287.5,765,Saiyan,61.36,86,62,majin buu
PT-0388,80,152.5,551,Saiyan,45.95,67,145,yamcha
PT-0389,76,233.4,358,Majin,49.02,144,83,pan
PT-0390,42,92.9,350,Saiyan,33.42,72,104,zarbon
PT-0391,24,60.1,722,Majin,25.07,50,16,piccolo
PT-0392,71,122.1,117,Frieza,35.47,114,50,gohan (kid)
PT-0393,61,106.1,795,Saiyan,44.59,114,76,yamcha
PT-0394,79,233.4,160,Saiyan,55.43,115,105,pan
PT-0395,84,260.8,211,Human,52.36,133,82,gohan (kid)
PT-0396,73,192.4,362,Saiyan,49.13,106,93,yamcha
PT-0397,85,182.9,1812,Majin,57.35,120,113,gohan (adult) and videl
PT-0398,75,197.5,1348,Human,61.29,61,26,piccolo
PT-0399,81,276.3,753,Human,49.04,167,73,tien
PT-0400,56,126.7,610,Human,33.03,25,48,android 16
PT-0401,66,173.3,161,Human,45.68,95,57,krillin
PT-0402,74,196.3,541,Saiyan,64.67,36,98,gotenks
PT-0403,86,221.0,354,Saiyan,45.11,95,70,frieza
PT-0404,62,164.0,302,Saiyan,50.0,57,0,raditz
PT-0405,80,185.4,541,Namekian,61.26,99,77,dodoria
PT-0406,65,178.2,371,Saiyan,27.08,96,33,raditz
PT-0407,68,201.3,830,Saiyan,50.48,46,97,captain ginyu
PT-0408,87,265.2,154,Saiyan,59.63,98,123,frieza
PT-0409,30,84.5,515,Saiyan,29.86,110,0,hercule
PT-0410,44,84.5,291,Saiyan,32.43,13,30,dodoria
PT-0411,40,135.3,385,Majin,31.27,28,72,hercule
PT-0412,23,73.5,592,Saiyan,26.57,83,0,tien
PT-0413,56,143.4,252,Human,39.98,78,101,whis
PT-0414,85,233.8,544,Saiyan,50.07,104,131,piccolo
PT-0415,64,201.3,434,Human,42.84,122,68,gotenks
PT-0416,74,199.0,332,Saiyan,59.13,57,51,dodoria
PT-0417,92,260.5,372,Majin,47.08,83,2,tien
PT-0418,97,203.8,449,Frieza,44.81,82,130,nappa
PT-0419,69,177.6,311,Saiyan,57.25,71,158,whis
PT-0420,97,256.1,495,Frieza,57.26,161,170,gotenks
PT-0421,72,118.0,417,Saiyan,45.69,20,73,lord slug
PT-0422,53,170.4,341,Human,40.31,25,23,vegeta
PT-0423,58,163.5,1279,Majin,44.87,22,104,cooler
PT-0424,40,58.1,632,Saiyan,31.81,118,53,raditz
PT-0425,52,194.0,392,Saiyan,44.85,47,86,android 16
PT-0426,63,176.2,538,Saiyan,37.5,67,86,raditz
PT-0427,86,282.8,266,Human,51.99,34,94,gotenks
PT-0428,104,234.7,379,Saiyan,43.88,103,144,cell
PT-0429,42,146.9,407,Namekian,46.18,98,102,vegeta
PT-0430,78,192.6,233,Saiyan,49.79,103,64,android 16
PT-0431,49,146.6,622,Frieza,44.96,65,27,nappa
PT-0432,79,106.0,364,Saiyan,55.41,31,0,yamcha
PT-0433,67,203.0,398,Human,51.2,70,63,raditz
PT-0434,33,124.6,350,Saiyan,33.14,62,9,gohan (kid)
PT-0435,89,230.6,2909,Saiyan,58.71,62,109,raditz
PT-0436,58,145.1,331,Saiyan,35.51,103,57,android 16
PT-0437,59,176.2,142,Human,34.23,113,62,lord slug
PT-0438,49,135.1,189,Saiyan,38.79,48,97,dodoria
PT-0439,57,142.9,777,Human,37.36,105,86,hit
PT-0440,79,255.0,1099,Frieza,63.0,89,81,beerus
PT-0441,66,178.2,327,Saiyan,49.4,129,144,tien
PT-0442,77,291.8,1061,Saiyan,45.07,173,113,dodoria
PT-0443,77,274.4,769,Saiyan,48.63,48,67,whis
PT-0444,96,352.2,440,Saiyan,59.46,138,82,raditz
PT-0445,63,182.9,421,Human,44.66,133,106,vegeta
PT-0446,40,110.6,549,Majin,38.17,23,66,jaco
PT-0447,91,157.9,834,Saiyan,56.95,80,49,hercule
PT-0448,63,165.1,625,Saiyan,34.07,57,110,gotenks
PT-0449,92,252.2,328,Human,39.59,98,145,broly
PT-0450,78,208.5,444,Saiyan,48.21,78,132,piccolo
PT-0451,67,221.7,1618,Human,51.28,76,139,cell
PT-0452,77,131.5,573,Frieza,47.9,125,167,gohan (adult) and videl
PT-0453,109,240.7,830,Saiyan,73.49,41,175,raditz
PT-0454,112,267.9,681,Human,64.42,81,122,krillin
PT-0455,71,178.8,581,Majin,59.26,114,71,piccolo
PT-0456,73,107.8,526,Human,58.42,111,8,lord slug
PT-0457,92,173.9,844,Majin,65.21,61,95,cell
PT-0458,53,199.4,758,Majin,31.57,95,88,beerus
PT-0459,77,212.4,577,Human,50.94,145,86,gohan (kid)
PT-0460,69,87.6,325,Human,57.38,83,3,android 18
PT-0461,76,108.5,621,Majin,52.58,50,72,krillin
PT-0462,53,136.0,473,Human,45.63,107,93,pan
PT-0463,38,68.4,410,Human,24.1,129,16,frieza
PT-0464,29,63.4,2458,Saiyan,46.95,18,57,majin buu
PT-0465,48,154.1,196,Namekian,32.87,70,81,gohan (kid)
PT-0466,61,119.2,876,Saiyan,28.44,122,117,tien
PT-0467,64,200.5,294,Saiyan,42.79,86,143,tien
PT-0468,109,193.4,533,Saiyan,44.02,47,91,gohan (adult) and videl
PT-0469,92,211.4,2301,Saiyan,48.12,121,102,yamcha
PT-0470,51,148.2,277,Human,60.87,32,74,gotenks
PT-0471,77,183.9,319,Saiyan,47.76,41,110,raditz
PT-0472,62,213.7,488,Human,33.38,10,95,frieza
PT-0473,64,141.1,296,Human,45.8,129,132,raditz
PT-0474,74,145.5,838,Saiyan,42.42,56,0,krillin
PT-0475,82,200.6,358,Saiyan,59.72,109,104,frieza
PT-0476,63,134.3,730,Human,38.08,104,94,vegeta
PT-0477,91,315.4,222,Majin,58.57,109,84,zarbon
PT-0478,47,93.8,167,Saiyan,29.62,79,0,cooler
PT-0479,70,217.8,429,Saiyan,68.79,101,77,gohan (kid)
PT-0480,122,390.0,192,Saiyan,72.83,133,87,frieza
PT-0481,74,175.9,1225,Saiyan,48.44,59,149,android 16
PT-0482,99,206.9,197,Saiyan,57.26,75,114,tien
PT-0483,72,209.1,264,Frieza,44.37,83,49,nappa
PT-0484,82,172.1,632,Saiyan,46.71,91,5,tien
PT-0485,69,198.7,347,Saiyan,41.29,102,102,krillin
PT-0486,67,162.5,198,Namekian,60.23,128,105,krillin
PT-0487,54,157.0,1676,Human,37.18,87,59,cooler
PT-0488,79,201.7,270,Saiyan,34.56,61,109,tien
PT-0489,53,154.4,5163,Human,31.87,0,53,turles
PT-0490,83,240.4,435,Frieza,60.62,66,131,majin buu
PT-0491,92,259.1,755,Saiyan,54.78,50,134,krillin
PT-0492,77,253.4,650,Saiyan,49.73,62,18,frieza
PT-0493,64,119.1,300,Namekian,54.96,91,19,krillin
PT-0494,79,281.9,405,Majin,45.38,97,167,tien
PT-0495,64,159.9,430,Frieza,50.66,156,112,hit
PT-0496,89,289.8,772,Saiyan,50.26,121,42,dodoria
PT-0497,33,80.6,244,Frieza,37.81,133,0,krillin
PT-0498,63,222.3,1654,Saiyan,42.07,109,82,turles
PT-0499,30,77.9,312,Majin,30.07,97,5,whis
PT-0500,40,104.0,490,Namekian,42.56,48,45,frieza
PT-0501,97,191.4,246,Saiyan,64.78,65,96,cell
PT-0502,88,182.1,226,Saiyan,53.88,82,88,hercule
PT-0503,56,120.4,292,Human,38.63,74,114,lord slug
PT-0504,40,88.7,275,Namekian,48.79,37,131,dodoria
PT-0505,11,22.0,384,Saiyan,29.11,0,19,gotenks
PT-0506,59,208.3,274,Namekian,40.47,94,26,captain ginyu
PT-0507,118,242.7,748,Saiyan,61.98,84,128,raditz
PT-0508,79,239.3,308,Saiyan,59.8,32,151,krillin
PT-0509,59,110.7,288,Saiyan,44.52,32,55,nappa
PT-0510,79,255.9,389,Frieza,50.29,84,119,tien
PT-0511,39,132.0,894,Saiyan,36.52,22,24,tien
PT-0512,64,168.7,561,Human,48.3,72,76,dodoria
PT-0513,72,221.2,464,Saiyan,48.35,112,34,jaco
PT-0514,68,229.0,209,Frieza,56.83,107,78,tien
PT-0515,86,285.3,248,Majin,64.47,72,86,gohan (kid)
PT-0516,77,174.3,229,Saiyan,55.06,39,108,gotenks
PT-0517,83,205.4,1079,Saiyan,64.2,73,159,vegeta
PT-0518,56,197.1,677,Saiyan,42.47,101,54,majin buu
PT-0519,88,207.8,294,Saiyan,60.72,136,12,frieza
PT-0520,103,320.0,351,Majin,69.24,127,94,cooler
PT-0521,51,103.2,300,Human,48.55,119,78,yamcha
PT-0522,52,183.8,290,Saiyan,48.13,141,74,nappa
PT-0523,97,174.3,649,Majin,63.85,88,92,android 18
PT-0524,66,109.6,415,Human,62.06,142,136,krillin
PT-0525,98,337.7,1718,Saiyan,54.88,98,104,piccolo
PT-0526,61,202.5,1043,Saiyan,43.16,120,69,vegeta
PT-0527,99,323.0,1081,Saiyan,57.88,138,68,android 16
PT-0528,73,238.4,737,Human,46.26,9,11,captain ginyu
PT-0529,75,180.2,382,Saiyan,34.09,51,96,lord slug
PT-0530,101,213.4,705,Human,71.4,62,111,lord slug
PT-0531,63,105.3,400,Saiyan,36.99,9,32,krillin
PT-0532,51,141.2,1311,Human,41.76,106,64,beerus
PT-0533,61,137.7,628,Saiyan,33.03,162,67,gotenks
PT-0534,79,280.9,577,Human,56.57,83,60,gohan (kid)
PT-0535,39,54.7,532,Saiyan,29.32,95,26,dodoria
PT-0536,83,159.6,1400,Saiyan,44.11,156,104,gohan (kid)
PT-0537,59,118.8,208,Saiyan,45.15,86,62,beerus
PT-0538,93,158.0,1485,Human,51.59,103,71,vegeta
PT-0539,22,53.0,441,Majin,24.21,38,11,vegeta
PT-0540,54,154.0,212,Saiyan,42.97,95,63,whis
PT-0541,36,116.5,314,Majin,40.8,94,92,cooler
PT-0542,53,166.6,183,Human,34.65,91,75,yamcha
PT-0543,75,256.7,729,Human,42.07,107,73,android 18
PT-0544,66,182.3,264,Human,46.59,81,89,hercule
PT-0545,65,190.2,545,Saiyan,50.31,18,130,nappa
PT-0546,67,134.4,973,Majin,58.5,120,97,captain ginyu
PT-0547,74,108.6,329,Majin,41.03,38,92,android 18
PT-0548,50,94.0,420,Majin,37.46,95,91,captain ginyu
PT-0549,84,287.3,225,Saiyan,63.01,127,82,nenhum
PT-0550,83,196.1,390,Human,68.98,51,95,captain ginyu
PT-0551,78,152.1,2309,Saiyan,43.26,68,65,android 18
PT-0552,81,190.8,786,Human,46.49,180,25,hercule
PT-0553,76,237.8,420,Saiyan,53.45,88,97,yamcha
PT-0554,111,305.0,341,Saiyan,59.78,70,122,krillin
PT-0555,68,173.1,480,Human,41.13,116,66,gohan (future)
PT-0556,64,235.2,533,Namekian,47.56,50,116,lord slug
PT-0557,55,166.4,383,Saiyan,54.4,0,40,vegeta
PT-0558,49,128.1,677,Human,29.12,90,0,krillin
PT-0559,45,83.6,278,Human,49.99,29,34,piccolo
PT-0560,52,88.6,277,Frieza,36.2,84,5,krillin
PT-0561,69,225.2,615,Human,50.37,53,92,vegeta
PT-0562,77,196.2,244,Saiyan,63.53,120,54,frieza
PT-0563,71,180.7,763,Saiyan,51.0,94,119,yamcha
PT-0564,55,141.0,489,Human,39.62,0,107,android 18
PT-0565,88,126.5,165,Saiyan,60.95,116,55,goku
PT-0566,85,266.6,526,Frieza,52.61,86,57,bojack
PT-0567,67,131.3,179,Frieza,50.97,140,98,gotenks
PT-0568,57,147.6,747,Frieza,41.16,91,109,zarbon
PT-0569,81,207.5,424,Saiyan,59.29,125,6,frieza
PT-0570,74,165.0,1496,Majin,38.45,61,93,captain ginyu
PT-0571,41,70.7,937,Human,28.29,31,0,yamcha
PT-0572,69,249.5,261,Saiyan,36.33,84,56,turles
PT-0573,75,157.7,147,Saiyan,49.55,76,126,android 16
PT-0574,52,105.1,313,Saiyan,28.56,125,187,android 18
PT-0575,74,264.9,237,Saiyan,44.07,83,72,raditz
PT-0576,41,101.6,1474,Frieza,27.54,14,9,yamcha
PT-0577,97,223.5,490,Namekian,70.64,74,77,broly
PT-0578,95,204.0,863,Saiyan,50.07,145,99,piccolo
PT-0579,65,200.8,415,Human,35.71,75,49,tien
PT-0580,77,162.9,442,Saiyan,52.79,83,47,android 18
PT-0581,22,32.5,483,Saiyan,42.29,90,28,cell
PT-0582,47,105.5,957,Saiyan,37.87,31,79,yamcha
PT-0583,64,112.2,594,Human,45.29,0,68,piccolo
PT-0584,49,94.3,261,Human,49.93,35,29,hercule
PT-0585,84,146.1,1304,Namekian,60.63,107,62,pan
PT-0586,110,197.8,413,Namekian,67.4,108,90,dodoria
PT-0587,46,78.5,375,Saiyan,33.74,4,22,hercule
PT-0588,53,150.9,90,Majin,44.85,113,39,nappa
PT-0589,75,103.9,721,Saiyan,39.11,97,108,cell
PT-0590,102,183.1,524,Saiyan,55.81,127,92,frieza
PT-0591,46,158.8,523,Human,49.85,84,0,gotenks
PT-0592,75,249.3,387,Saiyan,60.42,38,123,hercule
PT-0593,106,319.0,349,Saiyan,65.9,127,121,gohan (kid)
PT-0594,37,84.6,395,Saiyan,20.0,96,1,yamcha
PT-0595,44,119.0,651,Saiyan,27.93,111,46,gohan (adult) and videl
PT-0596,62,128.3,723,Frieza,39.36,108,42,krillin
PT-0597,60,108.6,429,Saiyan,42.63,99,99,android 16
PT-0598,86,210.8,871,Human,44.4,29,75,dodoria
PT-0599,75,212.7,470,Frieza,48.03,89,80,tien
PT-0600,35,83.3,364,Human,48.14,20,47,cell
PT-0601,80,236.8,555,Saiyan,55.21,145,27,dodoria
PT-0602,58,86.2,218,Frieza,44.95,122,127,turles
PT-0603,95,203.9,567,Saiyan,49.86,68,123,piccolo
PT-0604,57,171.0,195,Saiyan,29.69,74,40,krillin
PT-0605,57,202.9,266,Human,32.97,86,78,yamcha
PT-0606,81,197.2,147,Saiyan,38.96,131,126,gohan (kid)
PT-0607,85,202.9,444,Majin,54.6,31,92,android 16
PT-0608,79,183.6,1294,Saiyan,54.67,5,148,nappa
PT-0609,36,40.3,459,Human,26.68,60,172,yamcha
PT-0610,81,223.9,725,Majin,53.58,0,82,bardock
PT-0611,49,86.7,2021,Frieza,51.35,76,41,tien
PT-0612,75,171.6,628,Saiyan,65.66,114,43,nappa
PT-0613,42,80.5,311,Saiyan,42.96,113,0,broly
PT-0614,79,157.4,338,Frieza,50.2,68,135,android 16
PT-0615,54,101.4,493,Human,47.5,80,54,nappa
PT-0616,44,112.4,337,Saiyan,48.41,91,96,gohan (future)
PT-0617,84,279.5,353,Saiyan,37.54,50,132,captain ginyu
PT-0618,75,204.2,890,Majin,61.86,127,39,krillin
PT-0619,58,130.8,912,Human,38.84,87,33,krillin
PT-0620,99,181.5,183,Human,55.32,85,169,jaco
PT-0621,61,122.2,302,Namekian,41.56,84,70,gohan (kid)
PT-0622,71,105.2,373,Saiyan,50.96,81,53,gohan (adult) and videl
PT-0623,75,194.0,706,Saiyan,41.11,121,41,krillin
PT-0624,58,157.9,978,Human,40.92,62,65,yamcha
PT-0625,79,181.6,2493,Namekian,55.8,102,146,turles
PT-0626,59,121.9,373,Saiyan,45.35,52,99,bojack
PT-0627,62,89.0,384,Human,47.85,42,81,krillin
PT-0628,97,151.3,701,Saiyan,56.21,114,161,piccolo
PT-0629,49,125.1,327,Saiyan,45.15,33,120,lord slug
PT-0630,22,68.3,453,Frieza,37.25,80,59,captain ginyu
PT-0631,102,196.0,384,Saiyan,68.77,135,200,vegeta
PT-0632,121,317.9,102,Saiyan,71.82,96,105,piccolo
PT-0633,62,177.7,531,Majin,52.31,88,117,jaco
PT-0634,31,24.2,442,Saiyan,39.37,24,36,piccolo
PT-0635,64,122.5,1057,Saiyan,67.01,17,111,raditz
PT-0636,64,131.6,494,Majin,55.34,57,65,nappa
PT-0637,66,206.4,232,Saiyan,45.69,81,95,yamcha
PT-0638,48,123.0,422,Human,31.91,89,159,frieza
PT-0639,82,261.0,141,Saiyan,50.71,102,125,nappa
PT-0640,80,243.7,238,Saiyan,49.35,130,105,cooler
PT-0641,40,115.1,721,Human,40.09,23,27,vegeta
PT-0642,84,274.1,425,Saiyan,48.0,82,96,yamcha
PT-0643,111,323.4,857,Namekian,73.94,185,67,broly
PT-0644,73,252.7,151,Frieza,38.08,11,117,captain ginyu
PT-0645,63,221.7,426,Namekian,32.14,62,109,nappa
PT-0646,67,181.1,370,Saiyan,45.72,41,70,krillin
PT-0647,82,247.6,874,Saiyan,46.06,88,154,cooler
PT-0648,35,116.8,738,Namekian,23.93,41,115,hercule
PT-0649,73,187.7,724,Human,44.1,112,87,android 16
PT-0650,62,145.8,1242,Majin,38.71,90,96,hercule
PT-0651,107,246.7,395,Namekian,62.88,63,81,yamcha
PT-0652,67,221.9,1098,Saiyan,41.84,60,66,gohan (future)
PT-0653,103,214.1,263,Saiyan,56.89,112,59,piccolo
PT-0654,48,144.0,258,Human,39.16,98,44,raditz
PT-0655,82,256.5,774,Human,60.91,193,83,captain ginyu
PT-0656,76,266.4,200,Saiyan,62.17,119,17,krillin
PT-0657,53,103.8,695,Human,42.38,32,90,zarbon
PT-0658,74,210.5,524,Majin,51.4,85,123,piccolo
PT-0659,94,296.0,937,Saiyan,56.13,112,95,majin buu
PT-0660,64,220.1,475,Saiyan,49.45,60,0,majin buu
PT-0661,36,109.6,510,Majin,37.52,78,45,android 18
PT-0662,70,185.9,669,Majin,58.61,0,23,zarbon
PT-0663,52,144.0,331,Frieza,25.69,94,42,gohan (kid)
PT-0664,63,141.4,323,Saiyan,43.32,61,132,gotenks
PT-0665,68,246.4,655,Namekian,49.91,80,0,captain ginyu
PT-0666,36,90.6,484,Majin,34.19,117,23,captain ginyu
PT-0667,38,102.9,386,Majin,27.69,10,90,yamcha
PT-0668,80,239.5,469,Saiyan,41.61,105,58,piccolo
PT-0669,60,139.4,1283,Saiyan,50.45,110,41,nappa
PT-0670,19,34.4,378,Human,21.54,52,125,cell
PT-0671,86,146.4,371,Saiyan,40.36,34,105,gotenks
PT-0672,75,260.0,177,Saiyan,56.85,144,120,bojack
PT-0673,56,154.5,480,Frieza,46.07,66,89,zarbon
PT-0674,44,69.3,731,Saiyan,36.67,44,67,zarbon
PT-0675,87,264.9,814,Frieza,47.48,87,141,majin buu
PT-0676,77,157.4,526,Human,49.89,76,160,nappa
PT-0677,118,394.6,874,Namekian,76.92,77,45,frieza
PT-0678,78,145.1,764,Saiyan,38.28,99,83,android 16
PT-0679,78,146.1,961,Human,38.69,69,83,raditz
PT-0680,67,111.0,889,Human,41.78,110,60,gohan (kid)
PT-0681,86,226.3,1264,Frieza,54.19,120,129,nappa
PT-0682,83,189.9,445,Saiyan,49.23,161,98,cooler
PT-0683,95,247.8,222,Saiyan,63.14,98,174,gohan (kid)
PT-0684,60,129.5,734,Frieza,52.71,46,116,piccolo
PT-0685,61,132.5,787,Saiyan,46.63,20,127,yamcha
PT-0686,60,122.4,1264,Human,48.48,166,24,gohan (adult) and videl
PT-0687,86,202.1,1063,Saiyan,56.58,125,58,broly
PT-0688,100,344.3,1583,Saiyan,60.08,82,71,beerus
PT-0689,61,112.9,715,Human,34.05,147,126,gohan (adult) and videl
PT-0690,62,215.0,565,Human,36.58,134,35,yamcha
PT-0691,76,180.3,215,Human,39.59,37,46,tien
PT-0692,65,100.1,593,Human,44.81,52,31,captain ginyu
PT-0693,89,175.7,354,Majin,57.46,96,200,captain ginyu
PT-0694,25,24.1,559,Frieza,20.0,7,42,lord slug
PT-0695,53,184.5,509,Saiyan,41.78,69,88,raditz
PT-0696,54,142.2,654,Saiyan,34.6,102,22,pan
PT-0697,24,41.6,465,Saiyan,21.05,0,85,gohan (kid)
PT-0698,51,142.3,864,Majin,35.4,83,0,cooler
PT-0699,52,151.2,96,Saiyan,31.84,118,27,turles
PT-0700,66,219.3,552,Human,51.25,99,47,captain ginyu
PT-0701,92,306.9,1014,Saiyan,55.46,101,103,majin buu
PT-0702,65,176.2,1513,Human,52.52,55,44,majin buu
PT-0703,49,158.7,764,Namekian,36.05,102,125,hercule
PT-0704,69,207.5,1354,Human,44.35,38,98,gohan (adult) and videl
PT-0705,91,219.1,545,Human,71.39,113,66,vegeta
PT-0706,50,125.4,494,Saiyan,27.02,71,105,nappa
PT-0707,52,87.3,677,Human,51.08,117,51,gohan (adult) and videl
PT-0708,81,241.6,492,Saiyan,65.64,71,63,cooler
PT-0709,66,221.1,308,Namekian,52.53,63,112,cooler
PT-0710,83,141.6,362,Saiyan,50.56,47,0,zarbon
PT-0711,70,233.3,253,Saiyan,59.42,103,108,piccolo
PT-0712,84,293.3,677,Saiyan,51.03,80,60,dodoria
PT-0713,49,104.0,496,Human,33.95,35,36,gohan (future)
PT-0714,70,174.9,397,Frieza,44.89,55,157,gohan (kid)
PT-0715,66,213.0,351,Saiyan,41.84,104,55,gohan (kid)
PT-0716,46,141.7,667,Saiyan,30.83,23,100,yamcha
PT-0717,39,59.6,787,Saiyan,44.48,21,68,dodoria
PT-0718,84,184.9,250,Frieza,47.41,133,104,gohan (kid)
PT-0719,63,170.7,228,Namekian,44.96,74,64,cell
PT-0720,50,98.6,874,Saiyan,28.45,108,53,yamcha
PT-0721,68,131.7,216,Human,47.45,70,139,raditz
PT-0722,93,118.9,684,Majin,47.95,104,132,tien
PT-0723,24,55.7,1300,Majin,20.16,55,27,krillin
PT-0724,40,97.9,1302,Human,35.13,117,16,gohan (adult) and videl
PT-0725,52,133.4,767,Majin,49.26,124,43,beerus
PT-0726,99,260.6,754,Human,63.12,155,139,majin buu
PT-0727,76,238.7,1903,Saiyan,54.47,66,130,turles
PT-0728,85,218.7,121,Saiyan,52.96,59,112,tien
PT-0729,47,90.2,373,Saiyan,36.11,98,0,beerus
PT-0730,48,70.3,820,Saiyan,45.53,123,94,dodoria
PT-0731,79,167.2,402,Saiyan,47.09,140,137,majin buu
PT-0732,71,123.7,1037,Namekian,55.08,87,87,android 18
PT-0733,81,179.9,481,Namekian,62.29,124,166,nappa
PT-0734,66,138.3,533,Saiyan,39.67,113,23,raditz
PT-0735,76,97.3,418,Saiyan,44.84,97,111,yamcha
PT-0736,73,205.3,360,Human,44.83,96,40,zarbon
PT-0737,86,226.5,355,Human,42.66,103,133,dodoria
PT-0738,86,286.0,580,Saiyan,50.64,67,115,bardock
PT-0739,38,111.4,310,Majin,45.61,33,129,krillin
PT-0740,25,78.1,873,Saiyan,21.64,22,67,cooler
PT-0741,90,158.1,729,Saiyan,66.6,38,77,captain ginyu
PT-0742,94,233.4,953,Majin,54.13,111,76,krillin
PT-0743,50,78.6,250,Human,56.91,68,55,nappa
PT-0744,33,85.7,178,Saiyan,27.75,87,33,zarbon
PT-0745,72,146.4,492,Human,47.65,138,134,dodoria
PT-0746,89,185.0,2805,Frieza,48.32,154,143,raditz
PT-0747,106,248.2,1053,Saiyan,56.9,172,44,krillin
PT-0748,80,220.1,353,Human,62.71,64,88,gohan (kid)
PT-0749,63,198.4,636,Saiyan,49.0,23,77,gotenks
PT-0750,52,152.0,762,Human,49.03,109,35,gohan (adult) and videl
PT-0751,70,201.1,217,Saiyan,37.48,141,97,piccolo
PT-0752,64,191.5,1121,Saiyan,50.84,143,133,android 18
PT-0753,50,86.8,446,Saiyan,32.23,89,101,whis
PT-0754,111,304.2,467,Majin,53.7,39,162,piccolo
PT-0755,106,253.8,500,Saiyan,64.31,129,75,yamcha
PT-0756,93,183.9,979,Namekian,59.03,127,97,krillin
PT-0757,52,108.1,313,Saiyan,41.23,122,36,piccolo
PT-0758,87,267.5,177,Namekian,60.54,157,100,gohan (adult) and videl
PT-0759,83,240.4,598,Human,60.19,133,101,gohan (adult) and videl
PT-0760,79,177.4,145,Saiyan,63.36,70,124,frieza
PT-0761,95,282.9,411,Majin,48.48,65,149,nappa
PT-0762,83,220.5,1004,Majin,65.22,118,116,gohan (adult) and videl
PT-0763,85,203.7,697,Human,69.06,66,55,piccolo
PT-0764,83,179.3,921,Saiyan,50.27,155,34,yamcha
PT-0765,77,164.8,715,Human,37.45,23,105,tien
PT-0766,34,107.0,2093,Human,22.53,80,114,turles
PT-0767,72,106.3,346,Saiyan,45.11,100,79,lord slug
PT-0768,59,166.0,626,Majin,59.71,69,10,android 18
PT-0769,44,86.6,379,Saiyan,37.74,28,144,lord slug
PT-0770,104,291.0,875,Human,56.66,31,122,yamcha
PT-0771,105,287.6,475,Human,56.52,93,110,vegeta
PT-0772,97,286.4,1382,Frieza,48.22,87,51,gohan (adult) and videl
PT-0773,75,191.9,358,Saiyan,57.0,134,83,whis
PT-0774,97,357.6,1146,Saiyan,58.06,76,125,captain ginyu
PT-0775,70,156.3,703,Saiyan,64.8,104,99,yamcha
PT-0776,74,243.6,483,Human,54.63,38,55,bardock
PT-0777,48,124.5,682,Saiyan,45.84,88,61,vegeta
PT-0778,78,153.8,576,Saiyan,49.26,3,60,nappa
PT-0779,71,139.4,610,Saiyan,39.67,171,146,yamcha
PT-0780,44,98.2,435,Namekian,30.61,60,97,krillin
PT-0781,69,153.8,323,Saiyan,36.65,0,57,cooler
PT-0782,68,174.4,403,Human,54.48,56,31,android 18
PT-0783,106,259.7,179,Saiyan,59.32,80,115,raditz
PT-0784,88,232.2,817,Saiyan,62.82,74,72,yamcha
PT-0785,70,138.5,235,Saiyan,49.09,71,62,captain ginyu
PT-0786,75,221.4,432,Saiyan,47.66,63,37,zarbon
PT-0787,71,153.8,727,Human,39.04,54,39,gohan (kid)
PT-0788,66,175.0,815,Saiyan,48.81,36,83,piccolo
PT-0789,48,73.3,170,Saiyan,37.45,101,53,turles
PT-0790,67,167.2,466,Saiyan,54.02,132,177,hit
PT-0791,55,56.9,649,Saiyan,36.28,64,92,nappa
PT-0792,45,127.6,508,Saiyan,42.93,65,15,cell
PT-0793,80,197.7,1104,Saiyan,65.13,49,25,turles
PT-0794,78,281.9,301,Saiyan,53.38,95,101,krillin
PT-0795,34,64.3,144,Human,39.88,66,38,whis
PT-0796,68,157.7,801,Frieza,51.78,76,131,captain ginyu
PT-0797,90,188.2,357,Human,71.18,118,104,frieza
PT-0798,91,214.6,172,Saiyan,59.37,115,14,frieza
PT-0799,91,238.2,448,Frieza,62.0,61,53,raditz
PT-0800,71,155.9,1031,Frieza,48.11,135,53,hercule
PT-0801,53,128.6,231,Human,35.0,64,85,lord slug
PT-0802,48,56.8,2001,Saiyan,29.53,135,21,tien
PT-0803,77,147.7,298,Majin,60.94,108,90,frieza
PT-0804,78,271.3,519,Frieza,43.13,171,31,goku
PT-0805,96,218.2,237,Majin,64.37,154,97,broly
PT-0806,92,117.8,505,Human,60.13,113,109,android 18
PT-0807,67,237.1,455,Human,54.14,55,135,piccolo
PT-0808,45,79.4,202,Frieza,33.88,38,71,nappa
PT-0809,64,176.4,2685,Saiyan,39.27,103,42,yamcha
PT-0810,74,232.3,366,Saiyan,52.63,95,142,gohan (adult) and videl
PT-0811,66,210.8,366,Namekian,44.06,59,69,hercule
PT-0812,58,154.6,881,Saiyan,33.35,110,102,whis
PT-0813,75,161.5,1463,Saiyan,65.51,92,58,tien
PT-0814,60,229.0,969,Saiyan,37.67,112,76,gohan (future)
PT-0815,57,78.3,240,Saiyan,34.85,37,38,gohan (future)
PT-0816,76,286.2,560,Saiyan,48.46,131,96,android 16
PT-0817,62,206.2,159,Human,54.82,100,106,broly
PT-0818,75,256.8,846,Saiyan,32.67,138,63,zarbon
PT-0819,75,146.1,185,Human,59.36,129,60,gohan (kid)
PT-0820,47,93.8,304,Saiyan,31.51,64,77,yamcha
PT-0821,60,169.4,492,Frieza,46.12,71,39,krillin
PT-0822,99,245.1,644,Human,54.19,181,39,krillin
PT-0823,47,130.1,421,Frieza,54.74,56,77,cell
PT-0824,28,91.6,1226,Saiyan,32.2,82,45,nappa
PT-0825,33,78.5,760,Saiyan,27.54,41,48,krillin
PT-0826,71,159.7,725,Majin,45.99,12,101,tien
PT-0827,71,162.3,236,Namekian,49.12,38,106,android 16
PT-0828,68,127.5,1366,Saiyan,48.62,101,71,pan
PT-0829,94,170.3,304,Human,61.11,133,51,vegeta
PT-0830,17,12.2,1398,Human,26.79,60,16,hercule
PT-0831,78,269.4,1658,Saiyan,40.18,138,108,gohan (future)
PT-0832,101,317.1,670,Human,57.68,126,106,cell
PT-0833,47,133.6,915,Saiyan,43.65,37,41,lord slug
PT-0834,62,133.6,77,Saiyan,39.44,103,42,android 18
PT-0835,55,151.5,438,Namekian,47.38,81,93,bardock
PT-0836,52,183.3,955,Human,41.05,49,58,gohan (kid)
PT-0837,63,200.2,858,Majin,43.46,99,104,hercule
PT-0838,99,247.3,237,Majin,69.15,112,134,zarbon
PT-0839,107,364.0,413,Frieza,48.89,91,92,yamcha
PT-0840,63,158.2,108,Saiyan,39.8,73,112,lord slug
PT-0841,108,291.0,631,Saiyan,73.06,173,111,gotenks
PT-0842,71,208.4,159,Saiyan,63.04,142,90,turles
PT-0843,105,246.4,971,Human,80.29,122,16,whis
PT-0844,68,186.9,1002,Human,47.6,87,39,majin buu
PT-0845,73,154.5,371,Majin,52.86,31,44,captain ginyu
PT-0846,77,191.4,674,Saiyan,57.34,160,71,pan
PT-0847,134,329.5,433,Saiyan,83.8,179,128,piccolo
PT-0848,87,261.7,570,Namekian,57.3,130,97,tien
PT-0849,56,120.7,248,Namekian,49.81,0,81,zarbon
PT-0850,89,170.9,716,Saiyan,59.28,103,65,cooler
PT-0851,63,185.2,184,Human,49.38,75,102,android 16
PT-0852,60,154.9,164,Human,36.65,105,144,gohan (adult) and videl
PT-0853,88,311.8,458,Majin,52.57,82,77,krillin
PT-0854,71,135.5,434,Saiyan,44.22,78,53,gohan (adult) and videl
PT-0855,76,181.8,580,Human,40.89,116,56,cooler
PT-0856,70,203.2,334,Saiyan,34.79,55,82,goku
PT-0857,77,237.6,1528,Saiyan,47.41,69,63,nappa
PT-0858,78,122.1,543,Majin,49.09,100,15,android 18
PT-0859,31,76.5,567,Saiyan,33.24,108,0,majin buu
PT-0860,83,203.0,555,Saiyan,57.65,129,129,captain ginyu
PT-0861,50,111.8,899,Saiyan,41.5,113,116,yamcha
PT-0862,41,94.0,696,Saiyan,34.34,65,123,krillin
PT-0863,69,119.6,642,Majin,40.28,145,87,tien
PT-0864,72,174.0,766,Saiyan,55.82,18,41,dodoria
PT-0865,56,118.9,165,Majin,41.59,156,52,android 18
PT-0866,87,179.3,169,Namekian,51.33,186,31,frieza
PT-0867,43,121.3,471,Saiyan,35.71,83,0,lord slug
PT-0868,62,183.5,438,Majin,38.94,113,84,krillin
PT-0869,58,92.6,698,Saiyan,38.95,75,92,yamcha
PT-0870,69,119.3,499,Saiyan,43.1,77,157,majin buu
PT-0871,76,118.7,699,Saiyan,48.1,66,80,hercule
PT-0872,50,116.9,233,Saiyan,45.25,68,11,cell
PT-0873,84,221.0,490,Saiyan,56.86,119,84,majin buu
PT-0874,71,147.5,220,Saiyan,60.77,104,68,goku
PT-0875,32,102.6,621,Namekian,42.49,135,33,jaco
PT-0876,31,68.7,160,Human,48.05,59,65,android 18
PT-0877,70,127.8,607,Frieza,52.47,26,30,nappa
PT-0878,66,207.8,204,Human,50.74,149,81,krillin
PT-0879,68,158.5,391,Human,43.3,36,104,android 18
PT-0880,69,150.8,843,Saiyan,54.21,63,135,zarbon
PT-0881,75,268.0,565,Human,44.75,101,95,yamcha
PT-0882,89,295.7,184,Saiyan,43.84,118,134,piccolo
PT-0883,48,145.9,329,Frieza,51.41,11,46,pan
PT-0884,47,70.1,200,Frieza,28.81,38,51,tien
PT-0885,48,129.7,178,Saiyan,42.71,9,118,hercule
PT-0886,76,248.2,529,Human,43.36,116,28,beerus
PT-0887,95,326.1,690,Human,67.01,153,80,cell
PT-0888,61,105.1,642,Human,54.5,30,118,tien
PT-0889,20,37.7,707,Saiyan,32.23,86,36,gotenks
PT-0890,36,75.9,489,Human,44.37,96,44,android 16
PT-0891,53,95.3,418,Majin,41.26,46,56,gohan (kid)
PT-0892,59,161.2,259,Saiyan,61.47,0,76,android 18
PT-0893,62,125.0,378,Human,50.77,37,117,yamcha
PT-0894,71,140.4,223,Saiyan,41.2,63,117,cell
PT-0895,64,142.8,297,Frieza,46.16,143,75,beerus
PT-0896,91,243.0,520,Saiyan,55.18,98,137,captain ginyu
PT-0897,56,105.8,459,Saiyan,40.4,35,83,jaco
PT-0898,53,142.9,3099,Saiyan,27.94,78,101,zarbon
PT-0899,80,113.2,220,Namekian,55.09,42,45,turles
PT-0900,39,94.5,457,Majin,24.51,82,127,hercule
PT-0901,78,133.6,210,Saiyan,31.0,53,93,tien
PT-0902,72,162.5,390,Saiyan,46.05,54,0,whis
PT-0903,67,123.3,400,Majin,40.75,99,143,whis
PT-0904,102,171.7,818,Saiyan,53.91,182,102,nappa
PT-0905,58,124.3,376,Saiyan,20.0,164,55,hercule
PT-0906,111,161.6,439,Frieza,57.59,77,83,raditz
PT-0907,65,121.6,381,Saiyan,44.61,58,93,krillin
PT-0908,44,109.6,213,Human,32.53,86,25,piccolo
PT-0909,71,204.3,333,Saiyan,51.5,134,57,dodoria
PT-0910,48,72.6,392,Majin,50.34,0,41,tien
PT-0911,55,151.8,515,Majin,46.13,77,57,yamcha
PT-0912,78,206.1,689,Saiyan,59.41,73,64,jaco
PT-0913,81,186.1,428,Human,61.27,18,121,dodoria
PT-0914,58,118.3,424,Frieza,35.05,23,81,gohan (adult) and videl
PT-0915,90,159.1,175,Majin,59.51,79,109,piccolo
PT-0916,93,179.5,681,Saiyan,65.16,107,120,tien
PT-0917,99,236.0,325,Saiyan,56.11,150,96,hercule
PT-0918,81,291.4,771,Namekian,46.07,109,46,nappa
PT-0919,97,334.3,1086,Saiyan,63.04,146,170,dodoria
PT-0920,32,70.8,440,Saiyan,20.95,57,90,bojack
PT-0921,64,104.2,267,Saiyan,36.9,53,139,gohan (kid)
PT-0922,53,107.1,488,Namekian,35.87,65,108,dodoria
PT-0923,72,173.0,607,Saiyan,52.4,115,62,android 18
PT-0924,59,144.9,408,Saiyan,45.35,119,0,tien
PT-0925,67,102.1,351,Human,55.06,78,28,lord slug
PT-0926,108,163.2,691,Saiyan,55.83,79,131,zarbon
PT-0927,67,154.9,664,Saiyan,39.0,97,73,piccolo
PT-0928,78,170.2,400,Human,55.39,112,68,zarbon
PT-0929,65,105.8,183,Saiyan,39.61,131,0,dodoria
PT-0930,72,235.8,648,Frieza,43.97,60,80,android 18
PT-0931,70,188.6,311,Saiyan,33.15,59,36,pan
PT-0932,79,260.3,560,Namekian,53.93,123,56,majin buu
PT-0933,93,184.2,540,Human,69.53,88,129,vegeta
PT-0934,103,246.0,159,Saiyan,52.97,94,61,gohan (future)
PT-0935,76,165.2,517,Saiyan,58.57,141,46,hercule
PT-0936,82,205.4,671,Human,52.32,41,95,krillin
PT-0937,47,80.5,722,Saiyan,24.68,150,98,yamcha
PT-0938,68,131.2,529,Saiyan,40.04,60,61,piccolo
PT-0939,89,233.7,150,Frieza,47.95,136,151,tien
PT-0940,87,178.6,10303,Human,52.27,95,40,dodoria
PT-0941,74,114.9,631,Frieza,52.96,100,24,nappa
PT-0942,88,311.9,239,Saiyan,69.99,90,30,gohan (future)
PT-0943,80,125.3,307,Saiyan,40.55,128,20,dodoria
PT-0944,94,264.6,566,Human,53.72,91,109,piccolo
PT-0945,76,194.3,741,Saiyan,43.23,68,44,gohan (future)
PT-0946,63,124.0,368,Saiyan,35.06,153,18,captain ginyu
PT-0947,77,167.0,809,Saiyan,51.56,93,99,tien
PT-0948,11,29.8,168,Saiyan,24.41,12,71,tien
PT-0949,78,216.4,264,Majin,36.69,33,127,android 16
PT-0950,1,5.0,143,Saiyan,20.55,105,66,dodoria
PT-0951,36,67.9,288,Frieza,24.76,37,18,android 18
PT-0952,79,170.1,1218,Saiyan,51.69,176,96,turles
PT-0953,80,238.8,1694,Saiyan,62.16,110,106,cell
PT-0954,47,141.9,567,Saiyan,42.5,73,44,turles
PT-0955,56,202.0,336,Human,43.82,82,76,lord slug
PT-0956,97,266.3,431,Namekian,54.57,196,48,android 16
PT-0957,60,166.2,655,Namekian,44.53,0,47,yamcha
PT-0958,115,285.3,193,Saiyan,70.51,131,125,dodoria
PT-0959,70,229.8,349,Saiyan,51.71,75,139,zarbon
PT-0960,78,181.2,1166,Namekian,50.41,84,131,frieza
PT-0961,102,224.9,263,Saiyan,62.54,118,128,vegeta
PT-0962,73,217.9,314,Human,38.67,78,84,android 18
PT-0963,50,113.8,497,Saiyan,34.13,78,62,vegeta
PT-0964,68,113.2,584,Saiyan,52.86,83,20,frieza
PT-0965,69,137.0,339,Saiyan,54.34,33,45,vegeta
PT-0966,43,105.6,516,Saiyan,37.95,80,28,beerus
PT-0967,65,206.2,710,Namekian,57.83,111,98,vegeta
PT-0968,55,111.4,1599,Human,46.06,52,106,lord slug
PT-0969,88,278.0,457,Frieza,53.33,175,121,android 18
PT-0970,71,151.3,481,Majin,38.64,140,127,vegeta
PT-0971,64,176.9,1232,Saiyan,57.11,115,78,gohan (adult) and videl
PT-0972,68,98.5,354,Human,53.36,118,38,pan
PT-0973,74,231.8,223,Saiyan,63.99,90,80,majin buu
PT-0974,82,222.2,573,Namekian,70.13,141,58,jaco
PT-0975,50,90.0,940,Saiyan,29.7,133,91,zarbon
PT-0976,49,104.2,612,Frieza,29.33,102,50,whis
PT-0977,92,174.2,465,Human,33.89,81,90,broly
PT-0978,62,149.9,207,Human,52.15,78,101,majin buu
PT-0979,42,107.9,476,Human,42.05,87,30,gotenks
PT-0980,79,269.1,1033,Human,52.38,127,124,lord slug
PT-0981,79,225.0,235,Human,41.79,90,31,captain ginyu
PT-0982,39,136.1,425,Human,34.89,39,70,frieza
PT-0983,75,189.2,391,Saiyan,51.48,153,79,zarbon
PT-0984,85,259.4,324,Human,60.26,55,123,android 16
PT-0985,77,256.6,572,Saiyan,52.98,54,29,nappa
PT-0986,83,205.2,643,Human,58.51,43,27,lord slug
PT-0987,42,118.6,639,Human,35.81,26,89,captain ginyu
PT-0988,77,163.7,274,Saiyan,60.25,141,68,nappa
PT-0989,64,194.9,184,Majin,50.65,132,71,yamcha
PT-0990,60,199.8,577,Human,34.5,75,46,raditz
PT-0991,87,247.9,364,Human,65.91,119,127,android 18
PT-0992,100,162.7,1485,Human,69.8,110,112,vegeta
PT-0993,106,304.3,1526,Human,66.12,67,114,krillin
PT-0994,96,145.5,1627,Majin,60.65,196,50,nappa
PT-0995,68,206.3,280,Saiyan,60.47,139,98,vegeta
PT-0996,77,174.5,693,Saiyan,37.73,106,44,raditz
PT-0997,85,245.2,831,Human,63.93,64,63,gohan (kid)
PT-0998,72,224.4,777,Saiyan,44.99,79,26,cell
PT-0999,73,115.7,398,Saiyan,57.96,61,75,majin buu
PT-1000,86,193.1,1062,Saiyan,55.36,103,133,goku
PT-1001,69,181.4,493,Saiyan,37.66,98,87,yamcha
PT-1002,55,131.7,532,Frieza,38.03,60,51,gohan (kid)
PT-1003,62,93.7,196,Saiyan,52.97,21,78,tien
PT-1004,83,141.5,725,Saiyan,51.52,182,92,android 18
PT-1005,70,163.7,421,Frieza,43.03,96,82,krillin
PT-1006,77,218.3,651,Frieza,45.77,110,91,piccolo
PT-1007,83,241.4,567,Saiyan,58.34,80,47,cooler
PT-1008,63,107.6,549,Namekian,59.21,18,78,nappa
PT-1009,85,193.2,479,Saiyan,36.87,95,19,frieza
PT-1010,78,166.4,790,Majin,73.61,79,108,android 18
PT-1011,45,89.3,437,Saiyan,39.63,94,17,gotenks
PT-1012,99,291.5,206,Saiyan,64.24,145,146,vegeta
PT-1013,60,114.7,693,Saiyan,40.51,109,0,gohan (kid)
PT-1014,37,65.1,303,Majin,34.77,99,123,frieza
PT-1015,49,155.6,223,Saiyan,41.14,141,0,tien
PT-1016,50,134.3,267,Human,31.61,86,17,krillin
PT-1017,71,196.2,584,Human,41.95,131,92,zarbon
PT-1018,65,125.0,465,Saiyan,55.48,102,100,piccolo
PT-1019,63,146.3,137,Namekian,32.78,4,63,krillin
PT-1020,82,150.9,391,Saiyan,56.33,89,123,android 16
PT-1021,77,254.0,994,Saiyan,47.84,57,52,gohan (adult) and videl
PT-1022,76,252.6,376,Saiyan,42.71,100,67,yamcha
PT-1023,78,171.7,446,Saiyan,66.98,61,73,frieza
PT-1024,82,186.7,921,Saiyan,45.16,120,66,hit
PT-1025,28,74.4,794,Human,22.16,92,0,raditz
PT-1026,63,179.6,910,Human,43.7,129,73,lord slug
PT-1027,26,68.3,93,Saiyan,24.25,116,44,yamcha
PT-1028,71,203.4,1394,Saiyan,48.45,20,123,pan
PT-1029,70,226.7,722,Majin,49.24,38,28,krillin
PT-1030,91,199.5,24646,Saiyan,58.28,200,68,gohan (kid)
PT-1031,94,254.0,308,Human,56.61,146,144,bardock
PT-1032,74,191.0,171,Namekian,43.98,98,94,android 16
PT-1033,60,91.4,495,Saiyan,49.15,79,94,piccolo
PT-1034,80,291.0,418,Human,51.11,92,104,hercule
PT-1035,59,96.5,729,Frieza,39.64,0,90,beerus
PT-1036,70,211.5,939,Human,59.84,55,152,dodoria
PT-1037,90,287.9,468,Frieza,55.03,98,97,yamcha
PT-1038,59,201.0,426,Saiyan,52.34,49,31,raditz
PT-1039,86,239.9,674,Human,64.21,75,116,jaco
PT-1040,84,161.4,423,Saiyan,63.9,200,66,yamcha
PT-1041,51,196.9,402,Saiyan,45.93,61,61,gohan (kid)
PT-1042,89,287.0,918,Frieza,55.59,112,107,yamcha
PT-1043,84,213.2,1049,Saiyan,53.09,107,56,tien
PT-1044,72,239.9,944,Frieza,46.85,111,60,captain ginyu
PT-1045,55,94.4,445,Human,24.66,55,88,vegeta
PT-1046,53,137.7,136,Frieza,46.95,122,45,krillin
PT-1047,59,212.3,451,Frieza,45.56,95,110,yamcha
PT-1048,81,145.0,313,Human,59.0,43,47,krillin
PT-1049,51,134.2,456,Frieza,39.46,66,26,krillin
PT-1050,79,276.7,329,Majin,56.92,86,162,piccolo
PT-1051,45,168.9,487,Human,26.98,57,0,majin buu
PT-1052,66,192.3,264,Human,37.05,103,75,krillin
PT-1053,72,187.6,229,Saiyan,28.99,113,154,gohan (kid)
PT-1054,119,407.3,1026,Saiyan,66.53,146,112,frieza
PT-1055,42,69.1,275,Saiyan,30.62,77,113,majin buu
PT-1056,99,232.9,493,Saiyan,52.37,113,125,android 16
PT-1057,73,163.2,874,Saiyan,51.88,2,81,hit
PT-1058,78,247.6,853,Human,47.8,124,79,gohan (kid)
PT-1059,72,222.2,794,Human,37.34,107,0,krillin
PT-1060,79,245.1,591,Human,71.96,54,73,krillin
PT-1061,67,174.5,761,Namekian,46.5,95,86,tien
PT-1062,99,214.9,1123,Frieza,50.93,135,109,bardock
PT-1063,61,145.8,636,Namekian,39.04,126,171,frieza
PT-1064,93,239.3,164,Human,55.81,125,106,gohan (adult) and videl
PT-1065,57,83.7,359,Saiyan,41.4,88,95,hit
PT-1066,69,173.4,748,Frieza,58.02,123,125,gotenks
PT-1067,49,167.8,338,Saiyan,38.96,57,86,vegeta
PT-1068,79,246.8,1303,Saiyan,66.44,110,82,broly
PT-1069,99,301.4,474,Saiyan,56.14,84,96,zarbon
PT-1070,68,139.4,519,Human,50.61,129,64,yamcha
PT-1071,66,170.0,968,Human,54.58,18,94,frieza
PT-1072,48,82.3,442,Saiyan,48.76,101,57,whis
PT-1073,65,125.4,548,Majin,56.49,83,100,hercule
PT-1074,38,79.7,845,Saiyan,33.02,99,16,vegeta
PT-1075,52,93.8,204,Saiyan,40.76,40,72,turles
PT-1076,75,114.1,415,Saiyan,30.16,94,145,dodoria
PT-1077,96,265.1,810,Saiyan,56.83,109,88,cell
PT-1078,126,309.2,513,Majin,79.13,148,192,nappa
PT-1079,58,111.1,1188,Saiyan,50.37,34,77,piccolo
PT-1080,99,174.3,191,Saiyan,58.91,135,97,gohan (kid)
PT-1081,75,188.2,179,Saiyan,63.59,16,87,broly
PT-1082,67,156.6,782,Majin,43.73,57,64,hit
PT-1083,79,171.6,828,Frieza,45.87,31,6,raditz
PT-1084,71,179.9,439,Human,44.65,120,115,yamcha
PT-1085,72,102.9,627,Human,39.82,104,168,tien
PT-1086,62,199.7,771,Frieza,49.78,98,93,majin buu
PT-1087,42,71.2,302,Saiyan,39.11,123,81,captain ginyu
PT-1088,39,83.7,322,Saiyan,40.48,49,50,frieza
PT-1089,83,181.1,552,Human,49.89,121,134,krillin
PT-1090,64,170.4,848,Saiyan,45.14,84,73,tien
PT-1091,58,107.4,245,Human,25.77,73,81,whis
PT-1092,70,226.8,438,Human,51.01,138,16,cooler
PT-1093,86,199.0,426,Saiyan,55.19,182,69,raditz
PT-1094,74,223.8,633,Human,40.8,72,96,piccolo
PT-1095,57,104.9,490,Saiyan,41.96,109,106,raditz
PT-1096,95,157.7,355,Saiyan,55.94,119,134,tien
PT-1097,102,236.1,1042,Namekian,74.91,125,38,krillin
PT-1098,80,228.2,357,Majin,43.51,104,27,lord slug
PT-1099,89,234.7,414,Saiyan,58.25,88,116,raditz
PT-1100,95,328.2,190,Saiyan,49.27,0,67,vegeta
PT-1101,93,267.0,321,Saiyan,52.74,166,131,frieza
PT-1102,82,293.9,672,Saiyan,55.01,68,22,nappa
PT-1103,82,168.7,597,Saiyan,51.11,86,83,dodoria
PT-1104,80,271.5,706,Saiyan,51.95,85,85,turles
PT-1105,48,126.5,686,Namekian,41.86,37,83,raditz
PT-1106,84,222.7,1724,Namekian,49.65,107,48,hercule
PT-1107,43,142.4,315,Majin,44.27,63,0,raditz
PT-1108,54,133.4,186,Human,39.16,45,75,piccolo
PT-1109,96,324.9,262,Majin,57.62,113,118,tien
PT-1110,87,244.5,323,Majin,57.69,98,131,cell
PT-1111,100,191.9,275,Namekian,61.82,147,86,zarbon
PT-1112,65,169.0,521,Majin,51.15,28,107,majin buu
PT-1113,47,117.9,1045,Majin,41.34,35,82,yamcha
PT-1114,65,234.2,1241,Majin,49.75,111,128,cooler
PT-1115,72,191.9,667,Human,46.2,62,78,krillin
PT-1116,72,153.3,1781,Saiyan,40.25,51,11,raditz
PT-1117,93,158.0,398,Saiyan,45.78,81,92,cooler
PT-1118,63,105.4,185,Saiyan,31.83,76,78,krillin
PT-1119,77,200.0,927,Saiyan,64.9,88,105,vegeta
PT-1120,50,94.0,164,Saiyan,22.3,62,4,frieza
PT-1121,79,236.9,313,Saiyan,61.15,52,73,lord slug
PT-1122,70,197.3,673,Saiyan,41.43,117,114,cell
PT-1123,55,182.2,463,Frieza,51.49,127,64,yamcha
PT-1124,65,160.3,439,Saiyan,28.38,6,63,tien
PT-1125,66,175.4,243,Saiyan,44.52,21,152,vegeta
PT-1126,65,142.2,490,Saiyan,57.63,122,33,raditz
PT-1127,105,356.8,900,Saiyan,67.71,177,153,gohan (kid)
PT-1128,68,98.7,499,Human,44.5,0,118,nappa
PT-1129,65,150.0,299,Human,30.46,115,66,vegeta
PT-1130,28,44.9,233,Saiyan,20.62,118,48,captain ginyu
PT-1131,52,184.3,303,Human,51.91,37,65,krillin
PT-1132,65,111.7,624,Saiyan,43.21,145,83,gohan (kid)
PT-1133,56,168.7,606,Human,41.83,68,45,raditz
PT-1134,98,282.9,305,Frieza,61.47,121,81,raditz
PT-1135,67,210.5,131,Frieza,36.38,55,63,hercule
PT-1136,96,176.7,634,Saiyan,61.66,147,84,raditz
PT-1137,71,138.9,288,Majin,45.04,120,67,yamcha
PT-1138,71,176.8,745,Majin,50.75,156,0,turles
PT-1139,68,143.6,313,Namekian,42.58,142,82,vegeta
PT-1140,70,170.4,272,Saiyan,35.42,86,58,piccolo
PT-1141,104,228.9,540,Human,58.18,200,28,majin buu
PT-1142,24,63.7,2028,Saiyan,34.73,103,33,android 16
PT-1143,30,55.2,772,Saiyan,35.15,76,36,jaco
PT-1144,59,169.9,535,Human,43.85,37,122,broly
PT-1145,70,125.5,611,Saiyan,55.19,25,57,cell
PT-1146,84,240.8,172,Saiyan,51.97,39,116,yamcha
PT-1147,79,147.5,251,Namekian,52.05,56,141,dodoria
PT-1148,62,179.8,109,Human,40.96,135,48,yamcha
PT-1149,90,267.1,1391,Frieza,63.65,121,91,frieza
PT-1150,91,164.6,1232,Majin,58.73,78,163,whis
PT-1151,74,99.4,624,Namekian,45.14,84,91,krillin
PT-1152,89,198.1,534,Majin,43.69,91,107,broly
PT-1153,75,153.8,194,Saiyan,58.84,122,66,frieza
PT-1154,59,129.9,432,Saiyan,37.65,42,99,yamcha
PT-1155,84,270.6,1444,Frieza,54.18,111,87,turles
PT-1156,72,208.0,533,Saiyan,67.62,100,7,frieza
PT-1157,70,142.7,351,Saiyan,54.41,52,65,zarbon
PT-1158,99,257.4,172,Human,72.49,173,52,captain ginyu
PT-1159,21,31.8,1128,Saiyan,24.1,35,49,yamcha
PT-1160,42,135.5,472,Saiyan,45.37,24,23,yamcha
PT-1161,46,84.6,172,Human,38.61,101,81,android 16
PT-1162,63,186.1,283,Saiyan,48.13,83,76,broly
PT-1163,65,182.3,229,Human,62.17,98,26,cell
PT-1164,40,40.1,455,Saiyan,33.77,15,38,gotenks
PT-1165,50,104.7,558,Human,40.15,102,90,gotenks
PT-1166,53,112.0,364,Saiyan,33.97,159,113,krillin
PT-1167,119,390.1,785,Human,74.71,75,77,majin buu
PT-1168,106,291.4,517,Saiyan,57.91,129,60,hercule
PT-1169,62,154.6,932,Saiyan,52.98,48,151,nappa
PT-1170,63,192.5,398,Majin,32.0,188,74,vegeta
PT-1171,47,145.8,3063,Saiyan,43.19,117,67,majin buu
PT-1172,32,84.2,351,Majin,27.65,67,23,hit
PT-1173,68,189.8,287,Saiyan,53.04,35,86,hit
PT-1174,50,126.9,266,Saiyan,39.89,31,134,dodoria
PT-1175,68,146.4,434,Saiyan,42.92,114,88,hercule
PT-1176,38,137.4,176,Namekian,32.11,6,99,dodoria
PT-1177,55,82.0,588,Saiyan,35.2,21,70,turles
PT-1178,73,136.0,157,Saiyan,55.9,89,40,android 16
PT-1179,77,245.0,543,Human,42.41,97,57,pan
PT-1180,78,175.3,219,Saiyan,49.06,108,40,zamasu
PT-1181,44,87.9,392,Majin,40.36,48,70,nappa
PT-1182,87,171.4,708,Frieza,67.71,136,140,bardock
PT-1183,54,123.6,1963,Human,41.53,39,74,cell
PT-1184,83,279.8,258,Human,51.26,121,76,raditz
PT-1185,70,132.4,450,Saiyan,50.19,95,47,krillin
PT-1186,42,68.4,319,Frieza,20.21,88,74,cell
PT-1187,64,133.1,292,Human,36.01,128,25,raditz
PT-1188,77,261.0,321,Saiyan,47.8,73,39,raditz
PT-1189,82,171.7,808,Frieza,47.1,69,123,frieza
PT-1190,67,211.9,368,Frieza,33.99,16,66,krillin
PT-1191,101,325.4,1900,Saiyan,67.26,30,89,zarbon
PT-1192,90,164.8,632,Saiyan,58.08,95,86,gohan (adult) and videl
PT-1193,65,212.8,269,Human,47.12,78,105,krillin
PT-1194,85,246.6,395,Namekian,48.45,55,96,android 18
PT-1195,109,250.4,305,Human,64.24,82,77,yamcha
PT-1196,109,261.0,796,Saiyan,67.72,178,78,turles
PT-1197,45,140.0,184,Saiyan,35.88,101,54,vegeta
PT-1198,51,165.1,220,Saiyan,43.96,20,78,gohan (adult) and videl
PT-1199,100,295.5,346,Saiyan,53.63,92,99,lord slug
PT-1200,49,159.3,742,Majin,40.38,85,59,broly
PT-1201,44,96.5,1033,Saiyan,46.74,40,63,captain ginyu
PT-1202,60,178.8,1128,Saiyan,53.86,46,71,dodoria
PT-1203,78,251.8,677,Namekian,61.82,79,53,krillin
PT-1204,68,133.0,469,Saiyan,49.48,128,122,captain ginyu
PT-1205,57,87.4,794,Saiyan,43.05,123,51,captain ginyu
PT-1206,57,125.3,248,Frieza,39.21,46,75,cooler
PT-1207,56,174.7,163,Saiyan,27.94,93,0,yamcha
PT-1208,52,145.7,640,Namekian,30.04,71,58,frieza
PT-1209,116,324.8,270,Saiyan,65.06,82,67,dodoria
PT-1210,76,106.7,474,Saiyan,49.53,79,44,cooler
PT-1211,88,244.0,529,Human,66.5,50,188,android 16
PT-1212,60,170.2,572,Saiyan,54.52,125,82,nappa
PT-1213,66,95.4,865,Human,40.91,145,125,captain ginyu
PT-1214,56,197.1,4133,Saiyan,48.95,58,103,vegeta
PT-1215,17,17.2,554,Human,22.98,18,81,majin buu
PT-1216,42,153.1,378,Saiyan,42.26,106,51,hercule
PT-1217,34,62.6,526,Majin,40.05,106,118,gohan (kid)
PT-1218,25,80.6,345,Human,39.94,5,81,raditz
PT-1219,46,148.8,438,Human,34.46,61,64,android 16
PT-1220,96,168.7,2371,Saiyan,66.51,104,108,hercule
PT-1221,69,127.1,550,Human,32.62,54,73,krillin
PT-1222,96,164.9,646,Human,68.77,122,99,zarbon
PT-1223,78,202.4,323,Saiyan,51.0,64,83,gohan (kid)
PT-1224,86,277.4,909,Human,54.37,77,105,majin buu
PT-1225,52,138.0,778,Saiyan,24.5,68,136,yamcha
PT-1226,80,193.2,781,Saiyan,48.89,34,38,hercule
PT-1227,85,254.7,561,Majin,64.84,16,135,android 16
PT-1228,58,161.6,916,Saiyan,39.79,113,56,gotenks
PT-1229,81,236.1,1057,Saiyan,58.11,65,137,bojack
PT-1230,81,201.7,584,Human,52.68,180,73,dodoria
PT-1231,59,174.8,460,Majin,52.1,156,88,cell
PT-1232,48,149.0,843,Saiyan,40.73,48,57,cell
PT-1233,46,99.9,286,Saiyan,30.95,160,0,gotenks
PT-1234,72,113.1,320,Saiyan,49.25,125,150,captain ginyu
PT-1235,77,128.6,477,Human,63.61,66,46,tien
PT-1236,54,145.8,173,Human,45.58,0,71,bardock
PT-1237,71,155.7,810,Human,47.47,114,38,krillin
PT-1238,81,285.4,277,Majin,70.45,96,33,goku
PT-1239,82,235.8,371,Frieza,62.07,113,79,raditz
PT-1240,101,259.1,434,Saiyan,66.93,102,77,dodoria
PT-1241,96,276.7,505,Saiyan,60.94,61,50,jaco
PT-1242,50,127.7,401,Saiyan,45.84,53,64,android 16
PT-1243,104,324.4,473,Saiyan,67.7,141,44,cooler
PT-1244,59,87.6,475,Saiyan,26.14,63,76,nappa
PT-1245,91,244.1,377,Namekian,59.56,88,89,gohan (kid)
PT-1246,71,231.9,310,Saiyan,47.11,26,0,krillin
PT-1247,62,213.9,943,Saiyan,40.8,83,52,cooler
PT-1248,34,129.8,139,Human,32.04,13,73,zarbon
PT-1249,67,160.4,436,Frieza,34.35,120,34,raditz
PT-1250,39,121.2,372,Saiyan,21.16,32,78,vegeta
PT-1251,89,240.8,634,Majin,65.57,89,110,jaco
PT-1252,100,274.8,206,Namekian,63.7,197,59,turles
PT-1253,54,84.5,365,Saiyan,22.3,61,67,zarbon
PT-1254,76,149.7,463,Human,45.79,73,116,bardock
PT-1255,55,136.5,936,Saiyan,49.04,97,33,dodoria
PT-1256,57,96.0,601,Saiyan,40.56,4,62,nappa
PT-1257,85,256.6,242,Saiyan,63.96,148,136,vegeta
PT-1258,69,228.5,368,Saiyan,56.0,125,44,broly
PT-1259,105,341.5,839,Majin,51.15,135,122,raditz
PT-1260,60,112.9,240,Namekian,42.85,0,29,raditz
PT-1261,90,290.6,470,Saiyan,52.42,92,87,goku
PT-1262,72,109.1,490,Human,37.69,37,98,lord slug
PT-1263,86,202.6,391,Saiyan,42.77,144,0,majin buu
PT-1264,61,177.9,2484,Saiyan,37.95,121,51,lord slug
PT-1265,69,128.4,385,Human,42.47,101,95,cell
PT-1266,68,89.9,645,Saiyan,49.47,36,87,tien
PT-1267,53,71.7,311,Majin,49.55,132,46,majin buu
PT-1268,83,228.2,676,Saiyan,57.31,86,44,raditz
PT-1269,83,250.7,831,Majin,59.2,169,113,yamcha
PT-1270,82,141.1,346,Saiyan,50.67,106,75,bardock
PT-1271,101,161.5,477,Saiyan,65.22,131,123,krillin
PT-1272,99,273.6,288,Majin,58.41,91,115,krillin
PT-1273,63,136.7,248,Human,41.67,137,56,gohan (kid)
PT-1274,77,239.0,918,Saiyan,65.98,116,127,gotenks
PT-1275,58,205.2,353,Namekian,24.56,134,47,bardock
PT-1276,70,213.3,116,Saiyan,33.01,93,127,yamcha
PT-1277,58,180.9,1421,Saiyan,46.26,75,123,vegeta
PT-1278,102,246.8,305,Saiyan,58.68,135,143,lord slug
PT-1279,77,263.0,425,Human,39.3,149,77,android 18
PT-1280,66,134.6,1319,Human,37.96,123,178,raditz
PT-1281,94,143.4,453,Namekian,50.2,111,102,nappa
PT-1282,27,76.5,447,Human,37.94,0,59,cooler
PT-1283,30,43.6,236,Saiyan,41.7,86,50,krillin
PT-1284,86,265.6,1914,Saiyan,67.52,41,45,majin buu
PT-1285,71,207.4,446,Saiyan,35.69,88,132,gohan (kid)
PT-1286,75,249.1,613,Majin,39.06,85,60,gotenks
PT-1287,43,77.2,592,Saiyan,25.71,8,97,cell
PT-1288,70,150.9,369,Human,58.31,101,125,android 18
PT-1289,110,304.7,499,Human,67.34,200,131,majin buu
PT-1290,86,165.2,164,Majin,55.04,86,63,tien
PT-1291,73,187.3,649,Saiyan,51.04,119,67,raditz
PT-1292,61,158.8,543,Saiyan,43.95,173,0,captain ginyu
PT-1293,62,224.1,1610,Frieza,35.83,114,69,hercule
PT-1294,27,79.7,495,Human,34.91,26,81,turles
PT-1295,75,138.9,280,Human,48.51,99,73,vegeta
PT-1296,87,210.5,478,Majin,45.2,119,67,hercule
PT-1297,38,89.9,405,Frieza,39.79,118,45,raditz
PT-1298,57,103.9,640,Saiyan,39.39,124,119,tien
PT-1299,47,92.2,501,Frieza,40.62,0,61,raditz
PT-1300,51,113.6,231,Saiyan,39.4,37,140,beerus
PT-1301,71,109.3,185,Frieza,55.53,84,57,frieza
PT-1302,28,84.4,577,Saiyan,32.96,12,58,dodoria
PT-1303,82,145.1,1130,Saiyan,45.73,0,70,majin buu
PT-1304,85,243.8,517,Saiyan,56.58,69,172,krillin
PT-1305,65,102.7,803,Majin,48.84,82,83,yamcha
PT-1306,20,48.8,905,Frieza,32.09,25,129,tien
PT-1307,50,100.2,578,Saiyan,48.29,30,48,yamcha
PT-1308,95,330.4,302,Saiyan,53.07,108,158,zarbon
PT-1309,14,46.7,554,Saiyan,30.94,55,45,gohan (kid)
PT-1310,63,160.9,1017,Saiyan,31.4,62,108,hercule
PT-1311,46,126.0,677,Majin,37.44,122,13,gotenks
PT-1312,86,163.4,772,Saiyan,52.2,101,104,pan
PT-1313,56,153.3,373,Frieza,53.98,40,26,piccolo
PT-1314,78,234.2,436,Frieza,49.95,47,95,captain ginyu
PT-1315,81,276.1,459,Saiyan,57.26,86,26,krillin
PT-1316,107,190.3,478,Human,48.71,160,101,raditz
PT-1317,66,102.5,993,Frieza,43.59,50,120,android 18
PT-1318,78,236.3,121,Namekian,44.43,116,107,zarbon
PT-1319,40,86.9,502,Majin,55.8,66,9,cell
PT-1320,94,185.2,470,Saiyan,52.27,185,20,gotenks
PT-1321,55,179.7,216,Saiyan,42.59,90,88,tien
PT-1322,59,142.2,737,Majin,44.61,49,135,pan
PT-1323,70,181.9,319,Saiyan,35.28,115,40,krillin
PT-1324,39,79.4,398,Human,31.39,92,141,bardock
PT-1325,75,163.9,1494,Majin,53.24,74,82,android 18
PT-1326,89,164.1,903,Saiyan,56.29,55,14,krillin
PT-1327,76,230.5,696,Saiyan,32.0,112,21,vegeta
PT-1328,38,64.3,619,Saiyan,30.66,63,87,raditz
PT-1329,68,233.0,446,Namekian,55.37,24,83,gohan (adult) and videl
PT-1330,85,252.4,1635,Saiyan,58.71,108,149,raditz
PT-1331,32,116.7,797,Saiyan,42.54,30,4,gotenks
PT-1332,49,59.8,314,Frieza,31.71,9,69,gohan (kid)
PT-1333,88,181.2,213,Human,65.45,86,92,hit
PT-1334,75,200.5,692,Human,49.64,141,77,gohan (kid)
PT-1335,78,226.9,477,Namekian,63.94,141,69,cell
PT-1336,107,350.9,209,Saiyan,62.83,153,90,gohan (adult) and videl
PT-1337,79,186.2,637,Frieza,35.22,104,92,piccolo
PT-1338,83,276.1,419,Namekian,59.99,120,100,tien
PT-1339,124,218.4,677,Saiyan,66.05,133,127,frieza
PT-1340,66,157.2,642,Saiyan,43.39,39,124,android 16
PT-1341,54,114.6,342,Saiyan,29.98,37,20,gohan (adult) and videl
PT-1342,79,242.9,720,Human,64.58,69,13,gohan (kid)
PT-1343,79,150.8,365,Human,47.43,149,126,broly
PT-1344,59,128.9,380,Human,56.2,120,34,whis
PT-1345,49,127.6,358,Frieza,36.15,26,49,hercule
PT-1346,116,305.0,971,Human,58.98,125,87,krillin
PT-1347,77,102.4,416,Majin,61.36,75,59,tien
PT-1348,55,73.9,1123,Human,41.41,68,10,zamasu
PT-1349,88,254.3,1437,Human,54.69,79,69,lord slug
PT-1350,68,139.7,316,Saiyan,36.95,141,104,android 18
PT-1351,65,109.8,85,Human,42.34,81,75,beerus
PT-1352,81,238.2,922,Human,55.83,103,107,krillin
PT-1353,44,71.9,401,Saiyan,27.21,74,41,majin buu
PT-1354,77,200.0,293,Majin,46.49,50,120,android 16
PT-1355,108,262.7,346,Human,59.84,121,85,turles
PT-1356,79,148.6,384,Saiyan,52.13,136,1,hercule
PT-1357,62,86.7,1073,Namekian,56.64,139,86,dodoria
PT-1358,60,126.6,6227,Saiyan,41.6,32,103,tien
PT-1359,62,90.8,1064,Human,39.28,19,51,whis
PT-1360,65,160.7,663,Human,67.97,84,123,majin buu
PT-1361,62,195.7,409,Saiyan,41.33,124,39,nappa
PT-1362,88,294.1,390,Saiyan,53.67,115,118,hit
PT-1363,35,105.2,690,Saiyan,31.14,85,124,gohan (kid)
PT-1364,87,217.9,806,Saiyan,52.59,45,92,vegeta
PT-1365,62,160.5,896,Human,45.42,57,64,gohan (future)
PT-1366,78,252.1,421,Saiyan,58.57,5,80,android 16
PT-1367,47,79.9,547,Frieza,42.03,62,128,broly
PT-1368,97,207.1,700,Saiyan,67.42,21,114,broly
PT-1369,95,196.5,391,Saiyan,66.35,159,182,frieza
PT-1370,89,137.1,249,Frieza,57.27,163,103,raditz
PT-1371,40,85.9,304,Human,39.01,68,32,turles
PT-1372,87,284.3,426,Human,63.67,39,68,captain ginyu
PT-1373,78,261.7,733,Human,42.31,107,87,frieza
PT-1374,38,56.3,1049,Namekian,55.19,135,0,frieza
PT-1375,70,160.8,218,Saiyan,43.9,105,60,krillin
PT-1376,77,172.4,344,Saiyan,47.99,139,66,krillin
PT-1377,81,200.1,398,Frieza,42.7,75,96,android 18
PT-1378,74,186.5,794,Saiyan,40.14,54,159,hercule
PT-1379,76,121.9,359,Majin,58.19,88,85,dodoria
PT-1380,99,288.0,381,Human,77.76,32,22,piccolo
PT-1381,95,316.5,211,Human,53.46,197,60,vegeta
PT-1382,13,32.3,659,Majin,27.98,46,50,majin buu
PT-1383,64,167.7,447,Frieza,47.36,116,79,tien
PT-1384,67,195.7,333,Saiyan,54.8,65,142,frieza
PT-1385,35,76.2,422,Human,51.75,0,93,cell
PT-1386,72,132.1,969,Majin,60.97,145,118,zarbon
PT-1387,95,246.2,270,Saiyan,56.09,61,88,cooler
PT-1388,48,76.1,297,Namekian,43.43,82,108,broly
PT-1389,77,224.2,1045,Human,55.82,109,48,piccolo
PT-1390,52,119.2,516,Saiyan,40.64,75,105,yamcha
PT-1391,57,118.7,736,Namekian,34.03,44,59,tien
PT-1392,100,211.3,627,Frieza,53.61,104,42,lord slug
PT-1393,59,164.5,482,Saiyan,52.79,39,95,beerus
PT-1394,79,129.2,400,Majin,61.61,126,141,cell
PT-1395,33,81.4,812,Saiyan,31.54,79,37,bardock
PT-1396,107,208.4,990,Saiyan,64.89,115,167,cell
PT-1397,82,250.8,944,Saiyan,62.38,73,21,gohan (kid)
PT-1398,66,250.7,242,Namekian,32.77,167,28,raditz
PT-1399,82,171.7,1078,Saiyan,49.23,44,82,android 16
PT-1400,42,132.3,398,Saiyan,52.94,2,45,android 16
PT-1401,94,177.8,313,Majin,59.99,102,69,captain ginyu
PT-1402,64,196.1,445,Saiyan,36.57,71,80,captain ginyu
PT-1403,66,105.3,811,Saiyan,47.34,127,55,zarbon
PT-1404,60,186.9,681,Saiyan,52.17,104,58,nappa
PT-1405,58,157.5,423,Majin,22.83,78,82,android 18
PT-1406,84,245.7,815,Human,55.01,117,62,majin buu
PT-1407,75,145.8,536,Majin,47.02,109,78,gohan (adult) and videl
PT-1408,83,282.1,349,Saiyan,40.06,181,62,gohan (kid)
PT-1409,70,266.3,322,Human,48.66,96,31,turles
PT-1410,80,178.1,630,Majin,50.91,67,117,gohan (kid)
PT-1411,62,164.6,469,Saiyan,44.61,88,142,gohan (kid)
PT-1412,115,338.8,216,Saiyan,63.21,17,153,gohan (adult) and videl
PT-1413,39,58.9,819,Saiyan,27.43,60,71,gohan (future)
PT-1414,95,316.8,369,Saiyan,46.36,150,71,pan
PT-1415,97,196.9,1281,Saiyan,53.27,132,86,tien
PT-1416,53,162.5,212,Frieza,48.07,84,109,gohan (kid)
PT-1417,115,206.6,442,Human,67.86,148,19,majin buu
PT-1418,90,159.0,324,Human,55.45,146,78,gohan (adult) and videl
PT-1419,89,247.8,274,Saiyan,47.28,158,122,captain ginyu
PT-1420,71,175.8,368,Human,45.41,105,34,krillin
PT-1421,66,219.2,1426,Human,52.3,70,93,captain ginyu
PT-1422,66,239.8,537,Frieza,50.44,0,91,krillin
PT-1423,78,154.3,306,Saiyan,47.38,132,26,gohan (kid)
PT-1424,98,198.6,164,Majin,38.31,129,102,android 16
PT-1425,74,132.1,175,Saiyan,44.2,95,57,yamcha
PT-1426,52,128.7,357,Human,36.94,44,83,cell
PT-1427,86,217.0,337,Frieza,47.14,137,117,android 18
PT-1428,88,267.2,431,Human,51.89,90,108,zarbon
PT-1429,83,254.6,126,Majin,59.73,95,91,vegeta
PT-1430,85,125.3,466,Namekian,53.7,96,101,whis
PT-1431,65,136.5,913,Frieza,53.92,100,28,frieza
PT-1432,51,149.6,1305,Saiyan,28.33,25,64,broly
PT-1433,53,119.8,158,Saiyan,38.76,95,35,zarbon
PT-1434,37,59.1,305,Human,20.0,31,97,cooler
PT-1435,75,165.2,295,Frieza,46.59,63,110,goku
PT-1436,68,176.5,538,Human,38.83,120,105,yamcha
PT-1437,61,113.8,237,Saiyan,54.65,39,141,raditz
PT-1438,11,34.3,1352,Human,27.68,74,25,whis
PT-1439,45,89.8,506,Saiyan,46.12,70,40,zarbon
PT-1440,92,253.3,458,Saiyan,53.37,38,80,gohan (kid)
PT-1441,57,164.5,1281,Saiyan,34.64,130,6,zamasu
PT-1442,77,260.3,488,Saiyan,42.39,104,23,tien
PT-1443,42,83.6,627,Majin,38.92,79,84,cooler
PT-1444,99,180.2,314,Saiyan,74.08,149,43,hercule
PT-1445,67,120.0,217,Saiyan,50.1,144,34,hercule
PT-1446,76,166.4,342,Human,47.4,99,79,zarbon
PT-1447,117,242.3,1830,Saiyan,65.29,148,95,krillin
PT-1448,100,291.7,720,Saiyan,59.75,125,135,gotenks
PT-1449,64,111.4,581,Saiyan,61.81,67,77,gohan (adult) and videl
PT-1450,58,68.8,274,Saiyan,53.07,13,39,raditz
PT-1451,63,126.4,851,Human,47.28,89,113,nappa
PT-1452,80,239.9,218,Saiyan,52.88,149,115,captain ginyu
PT-1453,68,216.6,192,Saiyan,49.59,108,21,yamcha
PT-1454,62,172.0,352,Saiyan,48.75,37,83,gohan (adult) and videl
PT-1455,99,260.1,1592,Saiyan,56.29,153,71,whis
PT-1456,68,194.0,1539,Saiyan,40.45,72,48,gohan (kid)
PT-1457,116,348.4,376,Saiyan,74.66,39,186,whis
PT-1458,72,139.3,329,Saiyan,48.98,128,85,gohan (adult) and videl
PT-1459,106,286.2,184,Saiyan,69.99,77,95,lord slug
PT-1460,77,237.2,516,Namekian,63.97,163,87,gohan (future)
PT-1461,89,168.9,543,Saiyan,59.76,147,127,nappa
PT-1462,56,155.9,791,Saiyan,45.27,66,41,whis
PT-1463,53,112.0,851,Human,66.8,91,46,tien
PT-1464,79,196.4,438,Saiyan,53.26,190,112,dodoria
PT-1465,90,140.0,688,Majin,47.28,142,32,frieza
PT-1466,71,206.8,324,Saiyan,46.15,96,119,yamcha
PT-1467,44,122.0,680,Human,50.01,181,0,lord slug
PT-1468,43,76.9,363,Frieza,26.85,69,50,dodoria
PT-1469,41,100.1,649,Saiyan,30.38,86,0,dodoria
PT-1470,35,69.5,618,Saiyan,42.85,21,12,cooler
PT-1471,72,100.8,514,Human,46.63,21,132,yamcha
PT-1472,93,323.8,794,Frieza,56.32,93,137,piccolo
PT-1473,70,176.8,192,Saiyan,56.59,88,125,piccolo
PT-1474,25,78.5,260,Human,24.27,63,0,jaco
PT-1475,66,113.1,419,Saiyan,34.65,26,34,hercule
PT-1476,67,218.2,207,Human,35.69,110,90,captain ginyu
PT-1477,112,266.6,386,Saiyan,69.45,86,137,android 16
PT-1478,41,116.9,394,Human,38.47,87,27,android 16
PT-1479,62,99.8,1081,Saiyan,39.26,117,50,raditz
PT-1480,104,161.9,537,Human,52.33,97,58,tien
PT-1481,79,184.9,914,Saiyan,49.44,55,152,frieza
PT-1482,81,125.4,591,Human,61.33,157,68,raditz
PT-1483,72,217.5,357,Majin,42.11,123,82,broly
PT-1484,77,140.4,534,Namekian,45.5,98,87,raditz
PT-1485,86,250.3,763,Frieza,44.88,158,134,frieza
PT-1486,54,178.0,1008,Human,38.66,77,30,zarbon
PT-1487,88,233.2,455,Human,57.9,76,138,majin buu
PT-1488,43,46.8,183,Saiyan,54.12,24,9,jaco
PT-1489,77,220.5,1719,Frieza,52.54,87,131,zarbon
PT-1490,74,246.3,2514,Human,49.17,120,13,krillin
PT-1491,58,110.7,121,Saiyan,50.1,132,66,android 16
PT-1492,70,124.4,1447,Saiyan,53.57,87,144,yamcha
PT-1493,58,184.6,705,Majin,38.58,125,98,tien
PT-1494,49,87.0,337,Namekian,58.02,61,81,android 16
PT-1495,63,186.0,253,Majin,45.0,49,32,tien
PT-1496,48,147.5,913,Human,41.09,16,34,yamcha
PT-1497,76,122.7,253,Saiyan,54.81,71,137,zarbon
PT-1498,47,100.9,267,Frieza,41.57,17,82,zarbon
PT-1499,84,230.1,311,Human,65.8,178,124,whis
PT-1500,46,92.0,528,Human,33.68,84,65,gohan (kid)
PT-1501,59,189.4,715,Human,49.87,73,60,vegeta
PT-1502,58,121.6,1008,Human,44.52,145,101,cell
PT-1503,97,205.4,922,Majin,66.66,56,108,gotenks
PT-1504,77,266.5,493,Human,49.08,86,77,nappa
PT-1505,66,145.8,909,Namekian,43.6,163,20,android 18
PT-1506,80,262.7,329,Namekian,57.86,88,124,android 18
PT-1507,28,31.7,165,Saiyan,34.06,150,67,gohan (kid)
PT-1508,69,138.2,329,Saiyan,41.04,117,54,yamcha
PT-1509,110,197.8,304,Human,74.76,170,154,cell
PT-1510,73,210.1,337,Human,55.06,142,91,raditz
PT-1511,71,207.6,277,Human,47.81,87,90,nappa
PT-1512,81,276.8,374,Namekian,48.65,75,122,frieza
PT-1513,88,291.8,715,Saiyan,58.11,96,118,yamcha
PT-1514,30,79.0,1379,Saiyan,37.28,15,63,raditz
PT-1515,36,117.2,175,Namekian,21.65,56,48,zarbon
PT-1516,74,169.1,228,Frieza,52.61,89,161,broly
PT-1517,56,184.6,306,Saiyan,47.62,142,40,hercule
PT-1518,96,283.9,780,Saiyan,39.58,131,127,gohan (kid)
PT-1519,64,212.3,436,Saiyan,47.17,176,71,gohan (kid)
PT-1520,31,79.8,319,Human,37.96,0,70,hit
PT-1521,45,129.2,758,Human,42.65,17,111,android 16
PT-1522,15,44.5,875,Saiyan,32.42,28,28,cell
PT-1523,65,88.8,487,Saiyan,43.38,142,100,krillin
PT-1524,66,110.3,302,Human,38.08,78,87,tien
PT-1525,62,225.7,580,Human,30.4,21,48,gohan (kid)
PT-1526,92,194.7,428,Human,65.54,94,145,gotenks
PT-1527,94,170.3,426,Saiyan,63.22,57,124,whis
PT-1528,67,150.0,362,Saiyan,56.15,28,60,piccolo
PT-1529,27,84.0,858,Saiyan,25.0,132,93,lord slug
PT-1530,82,216.6,572,Frieza,59.23,82,54,broly
PT-1531,81,261.4,917,Saiyan,40.38,102,86,broly
PT-1532,76,263.2,1099,Human,43.44,87,66,dodoria
PT-1533,90,257.6,649,Human,57.01,92,123,raditz
PT-1534,47,134.0,364,Namekian,44.11,34,44,goku
PT-1535,110,251.5,920,Saiyan,77.43,106,137,gohan (kid)
PT-1536,51,151.9,652,Saiyan,38.48,84,89,raditz
PT-1537,85,166.3,2350,Namekian,47.07,155,74,piccolo
PT-1538,36,68.3,594,Saiyan,27.06,97,128,captain ginyu
PT-1539,51,169.8,749,Human,34.9,22,36,tien
PT-1540,100,335.4,587,Saiyan,77.77,150,44,frieza
PT-1541,65,139.2,464,Frieza,52.05,101,110,jaco
PT-1542,87,259.8,422,Majin,63.7,75,5,captain ginyu
PT-1543,75,185.5,588,Saiyan,48.09,97,142,gohan (future)
PT-1544,68,151.6,674,Namekian,47.19,107,82,beerus
PT-1545,97,191.6,985,Majin,64.39,109,41,hercule
PT-1546,65,105.7,593,Human,41.95,101,38,cooler
PT-1547,34,106.7,373,Saiyan,31.27,23,0,broly
PT-1548,54,138.8,405,Saiyan,36.2,153,83,frieza
PT-1549,81,189.1,223,Human,48.82,18,34,piccolo
PT-1550,78,153.3,1335,Saiyan,51.59,116,105,pan
PT-1551,39,96.1,356,Namekian,29.03,76,45,captain ginyu
PT-1552,56,146.9,880,Saiyan,44.69,101,50,whis
PT-1553,58,205.8,582,Human,45.48,48,91,vegeta
PT-1554,63,106.4,591,Saiyan,43.77,127,99,nappa
PT-1555,42,117.1,459,Human,30.18,59,105,majin buu
PT-1556,57,137.1,307,Saiyan,43.64,28,45,android 18
PT-1557,55,113.0,276,Saiyan,37.96,30,67,zarbon
PT-1558,85,165.7,1390,Saiyan,54.37,103,64,broly
PT-1559,86,181.6,528,Human,63.19,35,97,captain ginyu
PT-1560,67,151.5,968,Saiyan,36.78,156,46,krillin
PT-1561,62,145.3,1131,Majin,62.19,122,56,cell
PT-1562,73,154.6,385,Saiyan,48.62,161,64,tien
PT-1563,54,90.3,635,Human,44.89,142,80,dodoria
PT-1564,47,128.4,506,Human,32.78,54,63,piccolo
PT-1565,51,63.0,246,Saiyan,49.54,36,86,raditz
PT-1566,57,96.6,441,Saiyan,41.79,0,66,bardock
PT-1567,47,119.1,701,Saiyan,35.65,51,40,yamcha
PT-1568,73,157.8,365,Human,44.6,159,89,majin buu
PT-1569,85,161.0,405,Frieza,51.85,65,53,android 18
PT-1570,38,75.5,444,Saiyan,38.55,52,79,piccolo
PT-1571,71,98.9,1749,Majin,49.78,65,68,pan
PT-1572,66,134.7,164,Human,46.08,98,84,piccolo
PT-1573,77,135.5,666,Human,45.11,143,93,captain ginyu
PT-1574,70,110.6,423,Human,41.85,24,143,hercule
PT-1575,41,134.8,335,Frieza,32.71,9,74,majin buu
PT-1576,45,149.3,417,Human,41.68,125,64,nappa
PT-1577,71,140.5,735,Namekian,53.7,116,52,gotenks
PT-1578,91,182.0,761,Saiyan,62.78,92,126,goku
PT-1579,26,35.5,551,Majin,30.39,119,37,dodoria
PT-1580,77,233.5,949,Frieza,53.87,37,23,android 16
PT-1581,94,280.7,1055,Frieza,56.25,142,88,nappa
PT-1582,67,105.8,804,Saiyan,32.86,81,85,nappa
PT-1583,81,156.2,355,Namekian,50.67,119,54,dodoria
PT-1584,56,112.5,663,Saiyan,39.4,0,64,piccolo
PT-1585,68,224.8,665,Human,38.89,74,75,cell
PT-1586,38,126.4,302,Saiyan,30.66,90,54,yamcha
PT-1587,23,53.8,192,Human,30.28,46,95,krillin
PT-1588,89,233.7,146,Saiyan,46.53,151,40,zarbon
PT-1589,50,102.4,514,Saiyan,34.31,119,146,tien
PT-1590,61,172.6,589,Saiyan,56.78,40,71,frieza
PT-1591,42,146.5,242,Saiyan,23.98,97,83,captain ginyu
PT-1592,42,78.7,923,Saiyan,35.33,24,65,yamcha
PT-1593,67,72.1,540,Namekian,37.47,86,8,raditz
PT-1594,55,151.9,1107,Majin,35.99,100,26,krillin
PT-1595,78,187.2,615,Majin,49.62,59,64,cooler
PT-1596,79,253.8,260,Majin,43.7,125,125,gohan (kid)
PT-1597,76,157.9,649,Saiyan,54.99,71,28,lord slug
PT-1598,75,266.1,737,Human,60.81,67,48,android 18
PT-1599,102,201.9,355,Human,67.53,140,108,vegeta
PT-1600,49,95.2,207,Saiyan,47.8,36,83,krillin
PT-1601,69,154.7,523,Human,36.56,50,96,nappa
PT-1602,93,171.8,270,Majin,55.26,146,56,nappa
PT-1603,95,191.2,965,Human,61.74,110,33,nappa
PT-1604,42,108.7,386,Majin,43.77,5,81,goku
PT-1605,64,91.7,1387,Saiyan,59.63,115,132,yamcha
PT-1606,97,190.4,138,Majin,67.35,91,84,gohan (kid)
PT-1607,80,147.5,534,Saiyan,59.17,38,40,gotenks
PT-1608,74,129.3,1162,Namekian,70.67,0,65,pan
PT-1609,66,261.2,289,Saiyan,47.17,119,92,dodoria
PT-1610,62,214.9,448,Human,42.49,45,64,frieza
PT-1611,76,101.5,387,Human,51.82,41,139,krillin
PT-1612,65,193.4,327,Saiyan,38.68,108,112,gohan (adult) and videl
PT-1613,69,190.6,571,Saiyan,48.14,117,86,cooler
PT-1614,72,245.6,227,Saiyan,34.99,56,2,dodoria
PT-1615,56,116.9,461,Human,38.16,111,42,gohan (kid)
PT-1616,81,158.9,672,Frieza,51.48,177,65,zarbon
PT-1617,128,287.1,433,Saiyan,78.8,186,90,lord slug
PT-1618,34,133.1,270,Human,42.49,105,61,tien
PT-1619,76,229.2,914,Namekian,42.69,103,92,captain ginyu
PT-1620,55,131.0,764,Human,58.61,56,2,krillin
PT-1621,82,174.5,264,Namekian,53.99,93,120,hercule
PT-1622,71,216.8,227,Saiyan,50.32,104,80,piccolo
PT-1623,85,276.9,278,Saiyan,41.06,48,104,beerus
PT-1624,94,226.5,683,Saiyan,52.64,74,126,dodoria
PT-1625,74,212.0,581,Saiyan,58.0,32,51,dodoria
PT-1626,93,224.0,792,Human,58.56,114,145,nappa
PT-1627,23,67.8,405,Namekian,30.06,52,40,captain ginyu
PT-1628,102,262.5,283,Saiyan,62.62,85,162,nappa
PT-1629,78,234.7,855,Frieza,39.65,125,49,nappa
PT-1630,92,340.8,354,Saiyan,56.03,62,152,piccolo
PT-1631,46,102.7,551,Saiyan,49.67,39,26,nappa
PT-1632,53,121.7,194,Namekian,49.89,104,169,gohan (adult) and videl
PT-1633,73,170.3,350,Namekian,48.2,126,43,raditz
PT-1634,70,114.6,903,Human,60.51,54,121,gohan (adult) and videl
PT-1635,76,147.0,321,Saiyan,40.33,100,69,turles
PT-1636,92,148.6,803,Saiyan,49.03,72,123,android 16
PT-1637,35,75.1,122,Saiyan,48.91,50,53,krillin
PT-1638,89,141.4,352,Majin,60.22,107,49,frieza
PT-1639,70,143.7,445,Saiyan,45.69,108,0,gotenks
PT-1640,66,207.7,1402,Human,45.96,96,177,vegeta
PT-1641,41,100.7,244,Saiyan,29.95,74,62,gohan (kid)
PT-1642,80,226.2,737,Human,54.21,51,0,nappa
PT-1643,22,33.7,929,Saiyan,30.38,63,58,zarbon
PT-1644,83,228.2,320,Human,53.36,118,116,tien
PT-1645,40,67.1,394,Human,26.72,90,29,raditz
PT-1646,71,162.3,536,Frieza,50.52,58,51,android 18
PT-1647,68,182.1,203,Namekian,42.96,121,77,dodoria
PT-1648,93,230.8,375,Human,49.31,52,143,raditz
PT-1649,66,117.1,1060,Saiyan,56.53,66,80,pan
PT-1650,56,133.7,674,Frieza,59.76,64,128,gohan (kid)
PT-1651,60,175.3,449,Namekian,59.54,28,117,yamcha
PT-1652,95,193.0,527,Namekian,63.2,94,87,piccolo
PT-1653,81,237.0,698,Human,50.28,104,24,gohan (kid)
PT-1654,62,115.8,783,Saiyan,44.24,7,64,captain ginyu
PT-1655,65,151.3,353,Majin,49.24,66,97,tien
PT-1656,39,94.4,1237,Saiyan,32.24,0,60,turles
PT-1657,78,174.2,1086,Saiyan,61.75,174,110,broly
PT-1658,35,88.0,740,Saiyan,20.0,66,89,nappa
PT-1659,85,207.9,297,Human,51.63,103,111,hercule
PT-1660,73,141.1,267,Saiyan,55.61,98,70,cooler
PT-1661,118,375.4,405,Human,60.44,149,133,gotenks
PT-1662,48,134.6,511,Human,37.28,108,153,gohan (kid)
PT-1663,68,119.8,171,Human,51.95,22,18,cooler
PT-1664,106,369.0,663,Saiyan,74.55,167,124,tien
PT-1665,94,283.0,1067,Frieza,47.25,155,169,krillin
PT-1666,56,154.1,696,Saiyan,31.46,72,22,broly
PT-1667,74,117.7,328,Saiyan,42.03,84,122,gohan (kid)
PT-1668,70,103.9,306,Human,35.7,0,124,zarbon
PT-1669,76,210.8,590,Saiyan,38.67,41,24,raditz
PT-1670,56,91.2,449,Human,34.62,96,98,broly
PT-1671,68,126.8,643,Saiyan,57.07,132,67,vegeta
PT-1672,38,130.1,707,Namekian,32.7,90,54,piccolo
PT-1673,73,155.1,949,Saiyan,49.45,85,68,cooler
PT-1674,79,107.6,250,Frieza,43.96,170,138,piccolo
PT-1675,65,115.0,563,Human,51.07,122,71,raditz
PT-1676,38,90.6,396,Saiyan,50.21,45,38,android 16
PT-1677,90,238.0,464,Human,48.9,189,75,goku
PT-1678,77,260.5,828,Saiyan,64.6,48,70,majin buu
PT-1679,55,92.2,883,Frieza,44.92,15,25,yamcha
PT-1680,64,103.7,1140,Majin,45.73,64,56,gohan (kid)
PT-1681,40,130.1,636,Human,39.2,32,63,hercule
PT-1682,49,108.9,461,Saiyan,42.72,55,80,gohan (kid)
PT-1683,59,144.2,423,Frieza,58.46,109,119,lord slug
PT-1684,95,312.0,174,Human,62.16,105,106,dodoria
PT-1685,57,165.3,1101,Human,47.13,75,51,broly
PT-1686,83,185.5,406,Saiyan,49.83,99,48,nappa
PT-1687,59,182.1,667,Saiyan,50.31,0,83,pan
PT-1688,75,112.1,741,Majin,42.35,29,78,vegeta
PT-1689,67,245.3,233,Human,47.67,68,74,lord slug
PT-1690,87,230.3,283,Namekian,77.87,66,101,piccolo
PT-1691,59,144.1,1247,Human,23.57,68,92,captain ginyu
PT-1692,39,151.0,587,Human,37.47,117,68,gohan (kid)
PT-1693,42,116.8,348,Human,38.97,61,53,krillin
PT-1694,59,136.2,457,Majin,41.78,24,39,zarbon
PT-1695,45,89.5,946,Saiyan,36.36,34,37,piccolo
PT-1696,78,224.7,863,Namekian,51.93,161,119,goku
PT-1697,61,148.5,204,Saiyan,42.38,140,56,gohan (adult) and videl
PT-1698,117,225.7,1314,Human,68.58,147,58,lord slug
PT-1699,35,106.8,880,Namekian,30.1,0,101,zarbon
PT-1700,74,181.0,450,Majin,65.78,101,44,raditz
PT-1701,47,105.0,241,Saiyan,36.78,83,64,nappa
PT-1702,60,86.0,927,Majin,48.56,79,92,piccolo
PT-1703,73,190.1,656,Saiyan,43.85,66,81,frieza
PT-1704,23,7.1,205,Saiyan,36.67,34,0,gohan (adult) and videl
PT-1705,75,118.0,429,Majin,55.87,64,98,piccolo
PT-1706,108,247.8,3215,Majin,66.55,71,159,krillin
PT-1707,61,115.9,498,Saiyan,36.18,133,104,yamcha
PT-1708,75,153.2,316,Frieza,43.98,125,0,dodoria
PT-1709,90,279.9,269,Saiyan,69.49,91,178,krillin
PT-1710,67,151.8,1427,Frieza,40.69,98,24,vegeta
PT-1711,58,196.6,819,Majin,48.33,92,27,tien
PT-1712,24,83.6,1146,Frieza,22.04,143,78,tien
PT-1713,83,216.4,572,Namekian,61.27,131,106,lord slug
PT-1714,68,246.4,1046,Frieza,41.71,118,81,nenhum
PT-1715,50,141.8,296,Human,32.29,72,42,piccolo
PT-1716,73,143.7,543,Saiyan,43.5,71,134,raditz
PT-1717,58,180.8,585,Saiyan,38.77,132,69,gohan (kid)
PT-1718,59,123.0,1129,Majin,46.84,103,9,hercule
PT-1719,82,202.2,597,Saiyan,53.36,62,137,captain ginyu
PT-1720,43,127.4,339,Frieza,28.44,83,69,frieza
PT-1721,91,137.5,512,Saiyan,56.18,136,138,frieza
PT-1722,42,57.8,180,Namekian,27.65,0,82,pan
PT-1723,57,149.4,122,Human,47.95,39,166,krillin
PT-1724,108,207.3,811,Namekian,69.82,131,93,yamcha
PT-1725,93,173.0,394,Frieza,57.01,27,96,vegeta
PT-1726,72,134.0,421,Saiyan,50.97,17,109,dodoria
PT-1727,51,134.9,811,Human,54.42,60,54,yamcha
PT-1728,59,179.7,1139,Saiyan,42.34,97,103,beerus
PT-1729,71,197.5,679,Majin,40.85,108,0,android 16
PT-1730,71,162.3,1567,Majin,53.03,150,77,pan
PT-1731,68,130.9,666,Saiyan,38.14,88,73,jaco
PT-1732,69,113.3,591,Saiyan,45.92,70,73,captain ginyu
PT-1733,66,148.2,569,Saiyan,41.61,31,41,turles
PT-1734,41,141.8,228,Saiyan,30.79,47,95,lord slug
PT-1735,60,168.2,874,Majin,42.0,106,52,nappa
PT-1736,88,190.9,114,Saiyan,62.4,131,100,android 16
PT-1737,43,107.5,347,Frieza,46.05,75,59,jaco
PT-1738,66,172.7,500,Frieza,53.81,105,96,majin buu
PT-1739,54,141.5,307,Frieza,44.29,124,125,cell
PT-1740,72,172.1,376,Human,46.74,91,88,raditz
PT-1741,62,191.3,1486,Saiyan,25.94,134,107,gotenks
PT-1742,100,283.7,956,Majin,62.94,81,106,vegeta
PT-1743,80,273.6,327,Majin,33.77,91,66,android 18
PT-1744,44,122.2,372,Frieza,22.21,46,55,android 16
PT-1745,83,142.7,229,Saiyan,51.91,128,77,captain ginyu
PT-1746,55,99.4,752,Saiyan,44.12,33,91,yamcha
PT-1747,58,145.5,424,Frieza,39.59,64,75,cell
PT-1748,76,176.9,151,Namekian,62.68,16,51,raditz
PT-1749,60,153.2,523,Saiyan,47.7,102,63,raditz
PT-1750,88,248.4,641,Majin,53.2,150,31,yamcha
PT-1751,55,106.7,878,Saiyan,53.09,110,61,android 18
PT-1752,58,152.9,472,Human,55.72,109,71,yamcha
PT-1753,57,161.5,394,Saiyan,46.9,109,142,nappa
PT-1754,59,145.0,1623,Saiyan,37.4,105,125,beerus
PT-1755,92,210.2,495,Saiyan,52.4,128,53,zarbon
PT-1756,83,126.2,759,Saiyan,41.63,124,96,beerus
PT-1757,104,230.9,356,Human,61.26,87,112,dodoria
PT-1758,115,330.7,745,Saiyan,57.6,114,101,piccolo
PT-1759,49,166.2,206,Human,36.97,72,58,majin buu
PT-1760,71,198.3,373,Human,50.48,73,66,nappa
PT-1761,46,100.4,239,Majin,22.53,4,137,gohan (future)
PT-1762,54,142.9,343,Human,31.49,24,51,raditz
PT-1763,57,173.6,1043,Saiyan,38.75,85,84,gohan (adult) and videl
PT-1764,49,99.0,341,Saiyan,39.18,105,0,dodoria
PT-1765,49,137.4,758,Namekian,35.65,70,97,gotenks
PT-1766,67,121.5,1225,Namekian,44.64,194,124,piccolo
PT-1767,46,82.3,485,Frieza,32.75,30,20,android 18
PT-1768,87,166.1,894,Frieza,43.2,117,70,yamcha
PT-1769,52,85.1,678,Human,36.52,123,84,gohan (adult) and videl
PT-1770,126,428.2,528,Namekian,68.69,173,119,raditz
PT-1771,61,135.9,773,Saiyan,41.92,105,91,zarbon
PT-1772,71,155.3,1486,Majin,49.29,130,68,android 16
PT-1773,44,96.1,336,Frieza,40.95,67,135,dodoria
PT-1774,104,234.8,277,Majin,67.05,180,76,hercule
PT-1775,92,157.2,268,Saiyan,51.73,155,200,cell
PT-1776,76,130.4,895,Saiyan,37.79,57,133,yamcha
PT-1777,43,122.3,970,Saiyan,47.37,77,93,hercule
PT-1778,74,125.1,357,Saiyan,52.68,27,40,zarbon
PT-1779,48,172.8,137,Namekian,31.56,129,100,cooler
PT-1780,99,171.0,329,Majin,61.82,118,123,piccolo
PT-1781,86,246.3,685,Saiyan,62.94,153,5,zarbon
PT-1782,72,210.4,473,Majin,62.63,83,24,gohan (adult) and videl
PT-1783,21,28.3,549,Saiyan,30.4,0,59,pan
PT-1784,50,99.1,360,Human,48.48,175,60,pan
PT-1785,84,307.7,905,Saiyan,43.92,102,68,cell
PT-1786,94,217.5,605,Human,57.31,65,139,tien
PT-1787,92,243.1,701,Majin,54.12,149,59,zarbon
PT-1788,38,41.4,542,Majin,37.94,142,38,piccolo
PT-1789,76,176.0,675,Majin,63.29,83,57,cell
PT-1790,90,242.8,649,Saiyan,58.0,98,113,yamcha
PT-1791,37,119.5,282,Human,27.3,69,0,bardock
PT-1792,70,122.1,616,Saiyan,37.89,42,59,piccolo
PT-1793,75,209.2,792,Human,63.17,62,14,krillin
PT-1794,64,183.3,985,Human,49.71,152,62,gotenks
PT-1795,33,65.3,632,Human,36.78,51,82,piccolo
PT-1796,63,100.5,276,Frieza,42.45,47,104,krillin
PT-1797,63,119.7,303,Saiyan,47.34,62,45,frieza
PT-1798,67,184.1,380,Namekian,38.9,127,98,gohan (future)
PT-1799,59,160.2,552,Saiyan,46.7,0,64,raditz
PT-1800,61,166.7,458,Human,35.0,89,127,vegeta
PT-1801,69,147.0,251,Namekian,44.73,184,73,raditz
PT-1802,79,212.2,250,Majin,46.46,174,0,frieza
PT-1803,64,166.4,140,Namekian,20.0,104,111,nappa
PT-1804,62,155.5,76,Majin,42.03,132,55,cooler
PT-1805,72,173.5,455,Saiyan,41.61,140,69,dodoria
PT-1806,32,47.7,1983,Frieza,31.12,51,66,pan
PT-1807,80,251.5,1448,Frieza,52.01,131,29,android 16
PT-1808,70,144.6,274,Saiyan,62.14,158,82,cell
PT-1809,71,174.3,539,Saiyan,50.84,36,101,dodoria
PT-1810,89,153.6,205,Saiyan,58.27,124,107,gohan (kid)
PT-1811,31,83.1,224,Namekian,36.36,69,28,gohan (kid)
PT-1812,31,92.3,240,Frieza,39.37,59,91,captain ginyu
PT-1813,75,154.6,430,Namekian,53.63,91,43,piccolo
PT-1814,70,233.9,442,Saiyan,50.25,95,54,yamcha
PT-1815,73,202.2,573,Saiyan,54.89,101,76,vegeta
PT-1816,61,111.4,734,Human,24.99,124,85,yamcha
PT-1817,83,202.8,403,Saiyan,69.91,115,75,raditz
PT-1818,89,200.2,504,Saiyan,68.32,94,141,captain ginyu
PT-1819,80,292.8,256,Saiyan,53.74,60,98,hercule
PT-1820,65,136.1,220,Saiyan,34.7,63,79,raditz
PT-1821,28,38.2,200,Saiyan,40.88,63,60,hercule
PT-1822,85,185.1,727,Majin,48.45,70,119,krillin
PT-1823,94,181.2,402,Saiyan,61.87,143,105,zamasu
PT-1824,83,242.2,160,Saiyan,42.94,114,16,captain ginyu
PT-1825,52,97.5,474,Human,58.61,117,110,dodoria
PT-1826,83,161.0,233,Frieza,41.66,71,93,android 16
PT-1827,87,223.3,1334,Majin,55.35,66,118,dodoria
PT-1828,101,326.8,348,Human,43.42,156,84,vegeta
PT-1829,52,168.3,742,Majin,40.47,77,0,vegeta
PT-1830,65,165.7,947,Majin,42.6,74,0,bardock
PT-1831,85,168.4,278,Human,63.1,126,52,turles
PT-1832,71,103.0,516,Human,45.0,113,100,captain ginyu
PT-1833,48,158.3,687,Human,48.31,18,116,gotenks
PT-1834,78,213.5,528,Human,43.01,148,97,yamcha
PT-1835,82,208.2,612,Saiyan,50.54,79,45,captain ginyu
PT-1836,72,241.8,222,Saiyan,46.7,156,49,zarbon
PT-1837,74,150.3,687,Saiyan,53.56,36,136,nappa
PT-1838,65,185.7,368,Saiyan,48.95,95,23,whis
PT-1839,100,201.7,608,Human,65.78,103,184,gotenks
PT-1840,52,68.9,856,Human,42.93,0,141,beerus
PT-1841,58,144.7,736,Saiyan,48.49,103,156,android 18
PT-1842,70,158.3,607,Saiyan,40.82,9,94,vegeta
PT-1843,88,316.1,724,Saiyan,58.31,89,78,majin buu
PT-1844,40,77.8,745,Majin,48.87,106,72,tien
PT-1845,44,134.1,1209,Saiyan,24.16,44,97,turles
PT-1846,29,102.8,483,Saiyan,35.51,17,24,krillin
PT-1847,71,200.0,544,Saiyan,53.81,119,36,gohan (adult) and videl
PT-1848,48,143.7,862,Human,50.89,58,52,cell
PT-1849,62,181.9,367,Saiyan,50.61,63,43,tien
PT-1850,83,173.0,221,Human,54.0,147,138,yamcha
PT-1851,57,102.9,662,Human,46.24,29,45,zarbon
PT-1852,75,159.1,435,Frieza,44.12,72,86,gohan (kid)
PT-1853,64,212.6,239,Human,42.5,116,114,turles
PT-1854,83,200.4,665,Saiyan,42.51,47,139,piccolo
PT-1855,80,171.8,1163,Saiyan,63.9,165,94,zarbon
PT-1856,56,104.7,185,Majin,46.0,66,85,raditz
PT-1857,67,148.7,910,Saiyan,39.47,119,36,yamcha
PT-1858,91,299.2,108,Frieza,58.57,138,135,raditz
PT-1859,78,158.4,388,Human,60.47,86,135,turles
PT-1860,42,135.6,1487,Saiyan,44.74,44,0,lord slug
PT-1861,83,224.0,405,Saiyan,45.78,95,159,whis
PT-1862,48,142.3,520,Frieza,20.0,97,36,vegeta
PT-1863,98,189.3,779,Frieza,62.36,69,122,raditz
PT-1864,90,225.3,176,Namekian,48.91,54,96,krillin
PT-1865,76,135.0,515,Saiyan,55.38,150,81,dodoria
PT-1866,73,156.5,512,Majin,56.8,59,73,krillin
PT-1867,66,212.2,1506,Saiyan,55.31,97,36,krillin
PT-1868,84,214.2,235,Saiyan,67.56,89,110,cooler
PT-1869,63,109.5,392,Human,55.09,74,63,yamcha
PT-1870,75,227.8,282,Frieza,64.0,147,30,frieza
PT-1871,87,161.4,265,Saiyan,65.83,96,49,frieza
PT-1872,59,145.7,969,Human,55.33,63,20,lord slug
PT-1873,58,209.6,501,Saiyan,42.87,66,50,vegeta
PT-1874,46,132.5,353,Saiyan,28.09,47,82,cell
PT-1875,49,149.8,361,Saiyan,59.46,42,36,vegeta
PT-1876,33,68.1,351,Namekian,33.7,36,92,tien
PT-1877,85,240.2,371,Saiyan,63.83,165,85,gohan (kid)
PT-1878,106,310.9,231,Human,58.0,143,93,krillin
PT-1879,99,266.4,422,Saiyan,67.31,95,100,dodoria
PT-1880,37,78.2,397,Human,20.0,99,112,lord slug
PT-1881,84,252.3,313,Saiyan,50.32,34,34,hercule
PT-1882,98,199.3,541,Saiyan,58.41,163,165,raditz
PT-1883,61,218.2,569,Human,48.1,131,111,tien
PT-1884,72,126.8,353,Human,57.38,177,80,piccolo
PT-1885,30,44.6,452,Frieza,23.25,94,98,hit
PT-1886,75,252.0,1799,Saiyan,55.28,107,70,gohan (kid)
PT-1887,49,87.9,1759,Human,49.41,121,76,zarbon
PT-1888,74,123.2,262,Frieza,68.37,64,60,tien
PT-1889,39,124.0,285,Saiyan,41.25,45,96,hercule
PT-1890,81,131.7,261,Namekian,48.72,92,58,zarbon
PT-1891,90,170.6,929,Frieza,45.83,157,91,tien
PT-1892,54,154.4,388,Namekian,56.23,39,95,dodoria
PT-1893,47,93.7,569,Human,44.7,29,105,lord slug
PT-1894,27,68.2,1633,Majin,30.62,61,16,dodoria
PT-1895,65,101.0,490,Human,33.04,111,106,gohan (future)
PT-1896,58,153.8,753,Human,35.75,48,31,broly
PT-1897,39,67.4,673,Frieza,40.65,88,0,captain ginyu
PT-1898,79,123.3,346,Saiyan,54.43,148,55,jaco
PT-1899,61,177.4,930,Majin,28.83,127,106,gohan (adult) and videl
PT-1900,48,129.3,296,Human,44.26,83,63,vegeta
PT-1901,59,114.1,1101,Saiyan,31.05,74,50,majin buu
PT-1902,91,187.7,346,Human,67.23,172,96,captain ginyu
PT-1903,82,297.2,370,Majin,54.47,96,88,frieza
PT-1904,67,210.3,256,Human,43.09,121,102,captain ginyu
PT-1905,82,194.8,283,Namekian,60.72,174,23,gohan (adult) and videl
PT-1906,47,122.5,381,Saiyan,41.63,101,59,whis
PT-1907,71,154.0,115,Frieza,59.0,47,85,nappa
PT-1908,73,210.2,428,Human,49.84,39,26,android 18
PT-1909,61,183.3,363,Majin,45.51,67,18,android 18
PT-1910,79,281.2,792,Saiyan,49.32,122,71,broly
PT-1911,54,109.3,635,Saiyan,43.7,91,68,zarbon
PT-1912,80,166.3,322,Frieza,65.58,182,86,piccolo
PT-1913,81,147.7,374,Saiyan,48.38,112,64,piccolo
PT-1914,12,5.0,428,Saiyan,29.98,27,15,krillin
PT-1915,94,200.7,1202,Majin,50.56,60,80,tien
PT-1916,9,13.6,301,Majin,20.0,84,48,gohan (kid)
PT-1917,58,122.8,320,Namekian,44.86,76,120,tien
PT-1918,91,318.8,250,Majin,59.36,43,5,broly
PT-1919,64,117.8,203,Frieza,44.72,82,100,nappa
PT-1920,41,68.0,592,Human,24.43,23,54,vegeta
PT-1921,48,131.6,557,Human,41.63,51,85,majin buu
PT-1922,91,273.4,1064,Namekian,58.53,103,141,gohan (kid)
PT-1923,32,80.2,920,Majin,25.69,19,22,lord slug
PT-1924,93,268.9,2076,Saiyan,46.37,85,133,gohan (adult) and videl
PT-1925,69,166.1,471,Saiyan,45.58,55,28,nappa
PT-1926,46,59.1,421,Human,43.62,38,67,dodoria
PT-1927,58,135.8,226,Majin,46.53,36,61,nappa
PT-1928,50,99.2,748,Human,32.95,51,67,zarbon
PT-1929,87,240.1,529,Majin,55.9,64,51,cooler
PT-1930,85,164.8,728,Namekian,61.1,121,107,nappa
PT-1931,36,98.2,249,Saiyan,25.02,67,119,dodoria
PT-1932,62,203.5,608,Human,45.31,127,35,captain ginyu
PT-1933,53,80.6,557,Human,51.92,148,75,krillin
PT-1934,96,136.8,536,Saiyan,48.2,134,131,yamcha
PT-1935,43,86.9,327,Human,46.44,82,48,frieza
PT-1936,102,305.5,1006,Human,73.75,141,156,krillin
PT-1937,69,174.9,1686,Majin,45.82,104,61,cell
PT-1938,47,135.7,253,Human,36.06,70,58,beerus
PT-1939,56,126.6,759,Saiyan,50.66,74,29,majin buu
PT-1940,54,94.6,88,Human,40.11,32,73,gohan (kid)
PT-1941,45,128.5,736,Namekian,20.0,100,62,zarbon
PT-1942,72,136.5,160,Human,48.01,86,106,android 16
PT-1943,45,148.8,360,Saiyan,41.76,124,36,android 16
PT-1944,26,46.3,224,Frieza,36.32,87,21,bardock
PT-1945,62,128.8,433,Saiyan,37.75,55,92,dodoria
PT-1946,34,77.0,815,Saiyan,31.44,107,110,raditz
PT-1947,55,135.9,162,Saiyan,49.82,0,94,nappa
PT-1948,52,151.2,397,Majin,40.32,149,140,whis
PT-1949,53,119.7,362,Namekian,28.97,19,89,android 18
PT-1950,110,375.1,1272,Saiyan,73.9,138,128,turles
PT-1951,71,213.6,638,Majin,46.69,104,107,lord slug
PT-1952,75,255.8,243,Majin,58.73,135,142,gohan (future)
PT-1953,34,85.1,371,Namekian,22.44,44,103,captain ginyu
PT-1954,57,170.7,1253,Frieza,41.83,0,27,jaco
PT-1955,74,202.1,756,Majin,53.68,76,114,broly
PT-1956,50,141.3,284,Saiyan,39.3,61,76,gotenks
PT-1957,88,171.4,420,Saiyan,45.74,18,84,pan
PT-1958,46,101.3,428,Frieza,20.0,69,0,captain ginyu
PT-1959,64,90.0,357,Human,57.79,38,13,lord slug
PT-1960,58,67.1,177,Human,45.18,102,56,frieza
PT-1961,73,213.1,328,Frieza,58.53,79,23,hercule
PT-1962,57,100.1,1134,Namekian,50.23,154,56,majin buu
PT-1963,65,165.7,392,Majin,50.77,72,104,majin buu
PT-1964,65,170.3,463,Namekian,43.43,99,52,zarbon
PT-1965,55,98.5,536,Saiyan,45.92,65,72,hercule
PT-1966,80,254.4,1865,Majin,63.46,29,43,broly
PT-1967,75,165.8,495,Frieza,50.66,82,94,android 18
PT-1968,68,211.3,950,Saiyan,62.41,115,98,dodoria
PT-1969,61,164.8,344,Saiyan,32.4,103,16,turles
PT-1970,86,182.3,422,Majin,41.54,87,60,hercule
PT-1971,65,113.9,496,Human,53.9,24,25,dodoria
PT-1972,64,167.1,310,Saiyan,39.05,107,95,cooler
PT-1973,72,157.4,436,Saiyan,65.15,104,87,cell
PT-1974,104,219.8,840,Saiyan,72.3,147,101,cell
PT-1975,43,166.6,305,Saiyan,49.9,53,55,gohan (kid)
PT-1976,85,158.7,493,Namekian,61.08,31,102,gohan (kid)
PT-1977,32,90.0,754,Human,25.43,77,66,broly
PT-1978,74,145.7,300,Majin,36.33,89,62,pan
PT-1979,102,361.6,951,Saiyan,72.76,167,76,vegeta
PT-1980,80,134.9,515,Saiyan,40.0,95,84,whis
PT-1981,73,154.1,446,Saiyan,61.88,87,74,dodoria
PT-1982,59,116.4,148,Namekian,48.96,94,154,piccolo
PT-1983,71,132.5,394,Frieza,47.79,63,64,lord slug
PT-1984,65,199.8,616,Saiyan,49.54,56,87,krillin
PT-1985,54,108.2,1404,Frieza,45.32,69,86,yamcha
PT-1986,64,140.9,693,Saiyan,43.98,44,131,jaco
PT-1987,74,175.9,968,Saiyan,61.01,80,49,captain ginyu
PT-1988,55,141.6,239,Majin,53.13,152,122,raditz
PT-1989,54,76.9,457,Saiyan,42.85,115,62,dodoria
PT-1990,43,80.8,1025,Frieza,32.4,77,160,cooler
PT-1991,78,150.9,289,Saiyan,61.65,154,99,android 18
PT-1992,81,204.5,879,Majin,36.22,62,38,nappa
PT-1993,75,133.9,765,Saiyan,53.55,190,75,vegeta
PT-1994,89,314.3,581,Saiyan,61.52,83,146,frieza
PT-1995,72,169.4,405,Saiyan,42.17,168,84,android 18
PT-1996,78,189.2,273,Frieza,58.99,172,82,whis
PT-1997,76,163.1,1430,Human,50.19,21,112,vegeta
PT-1998,68,115.6,720,Human,42.83,143,64,broly
PT-1999,59,148.1,604,Saiyan,51.31,66,63,bojack
PT-2000,114,226.4,385,Saiyan,56.91,98,72,nappa
PT-2001,61,104.1,504,Saiyan,51.35,100,142,krillin
PT-2002,57,163.2,544,Majin,26.94,35,21,cooler
PT-2003,79,190.3,626,Saiyan,53.89,113,92,beerus
PT-2004,75,235.6,766,Saiyan,50.35,52,102,krillin
PT-2005,42,95.2,308,Human,32.48,71,59,piccolo
PT-2006,92,216.9,204,Human,59.92,157,44,android 16
PT-2007,68,138.7,518,Saiyan,46.56,100,38,gohan (adult) and videl
PT-2008,48,94.6,173,Saiyan,47.64,54,85,tien
PT-2009,94,267.7,406,Saiyan,62.08,127,65,nappa
PT-2010,83,158.6,363,Majin,56.82,40,5,raditz
PT-2011,45,128.7,662,Saiyan,40.33,32,77,gohan (future)
PT-2012,106,258.9,1619,Majin,58.62,98,69,cell
PT-2013,83,131.7,153,Saiyan,50.79,128,113,dodoria
PT-2014,70,243.6,1929,Frieza,49.99,102,71,turles
PT-2015,102,248.6,428,Frieza,59.41,133,91,frieza
PT-2016,73,227.0,607,Saiyan,58.09,87,83,whis
PT-2017,69,158.8,2387,Human,48.35,54,33,raditz
PT-2018,57,170.7,896,Saiyan,45.81,135,37,krillin
PT-2019,82,179.6,505,Namekian,41.58,68,77,zarbon
PT-2020,80,186.6,475,Human,59.55,111,40,piccolo
PT-2021,70,205.0,154,Human,43.35,82,108,gotenks
PT-2022,54,137.3,515,Saiyan,33.26,96,56,captain ginyu
PT-2023,73,141.3,819,Saiyan,62.37,64,23,gohan (kid)
PT-2024,69,265.4,428,Human,53.18,127,56,hercule
PT-2025,43,111.9,997,Human,45.02,120,64,captain ginyu
PT-2026,41,122.8,972,Namekian,40.04,102,41,captain ginyu
PT-2027,81,219.8,335,Namekian,51.65,101,103,piccolo
PT-2028,18,31.8,1283,Human,24.96,27,66,zamasu
PT-2029,74,236.5,506,Human,55.83,200,178,android 16
PT-2030,60,162.6,508,Frieza,53.06,38,118,turles
PT-2031,96,210.7,523,Majin,57.85,142,32,majin buu
PT-2032,60,89.8,514,Namekian,60.58,91,58,captain ginyu
PT-2033,83,193.6,102,Frieza,51.62,94,77,krillin
PT-2034,62,172.2,441,Saiyan,33.65,87,96,android 16
PT-2035,72,203.7,217,Majin,35.03,67,43,tien
PT-2036,85,139.1,1307,Human,40.5,115,68,goku
PT-2037,61,148.1,1276,Saiyan,41.09,91,23,raditz
PT-2038,90,212.8,822,Human,54.14,200,69,vegeta
PT-2039,50,155.9,427,Saiyan,45.46,113,42,frieza
PT-2040,76,149.5,269,Human,50.17,111,71,captain ginyu
PT-2041,88,227.4,332,Saiyan,61.95,123,44,android 16
PT-2042,83,273.4,1581,Majin,53.56,170,127,hercule
PT-2043,108,365.3,325,Human,63.31,78,124,majin buu
PT-2044,55,102.3,120,Human,37.38,67,11,whis
PT-2045,42,136.8,914,Saiyan,48.18,0,60,dodoria
PT-2046,50,145.0,1212,Human,27.75,92,2,captain ginyu
PT-2047,83,275.5,1333,Saiyan,55.61,130,142,broly
PT-2048,80,126.6,919,Saiyan,50.55,54,151,gohan (kid)
PT-2049,72,206.8,1013,Saiyan,55.05,145,78,raditz
PT-2050,48,122.6,509,Namekian,39.03,40,29,krillin
PT-2051,85,191.1,142,Saiyan,54.07,84,63,lord slug
PT-2052,46,116.0,501,Human,36.27,72,44,cell
PT-2053,93,226.6,715,Namekian,68.35,168,91,gohan (kid)
PT-2054,127,334.1,454,Saiyan,70.82,97,174,yamcha
PT-2055,77,122.1,442,Namekian,66.56,103,122,krillin
PT-2056,82,182.3,276,Saiyan,54.98,127,126,dodoria
PT-2057,60,121.0,270,Saiyan,44.17,101,79,piccolo
PT-2058,34,115.5,1485,Saiyan,32.44,81,8,hercule
PT-2059,58,199.2,1517,Human,47.71,107,40,jaco
PT-2060,48,99.7,492,Frieza,34.49,46,66,hercule
PT-2061,41,74.5,583,Human,37.57,130,11,turles
PT-2062,104,196.1,274,Human,61.67,109,115,bojack
PT-2063,75,186.3,725,Saiyan,52.6,80,115,lord slug
PT-2064,78,243.8,1416,Frieza,54.0,146,106,frieza
PT-2065,64,199.9,197,Human,48.82,56,95,gohan (adult) and videl
PT-2066,67,86.8,651,Saiyan,47.56,96,2,frieza
PT-2067,89,131.8,681,Frieza,68.15,72,146,zarbon
PT-2068,69,127.3,676,Saiyan,50.98,186,16,krillin
PT-2069,81,288.6,1320,Saiyan,73.25,187,81,android 18
PT-2070,66,161.2,1672,Saiyan,46.8,78,101,beerus
PT-2071,63,171.8,428,Saiyan,52.87,101,88,cell
PT-2072,42,93.5,738,Majin,30.99,64,8,vegeta
PT-2073,30,105.8,518,Human,43.21,40,7,android 18
PT-2074,65,159.1,337,Frieza,40.37,87,87,gohan (adult) and videl
PT-2075,71,243.3,580,Saiyan,52.05,85,100,majin buu
PT-2076,44,138.1,737,Human,35.48,4,17,dodoria
PT-2077,69,173.1,561,Majin,51.22,96,94,nappa
PT-2078,71,205.5,290,Human,46.52,85,19,vegeta
PT-2079,27,56.9,373,Human,24.49,64,74,whis
PT-2080,52,134.6,375,Human,38.63,68,31,piccolo
PT-2081,78,127.9,297,Human,63.53,78,88,turles
PT-2082,78,165.7,595,Namekian,54.94,127,81,piccolo
PT-2083,47,97.0,633,Saiyan,28.49,89,109,bardock
PT-2084,73,93.2,887,Human,57.96,144,91,zarbon
PT-2085,90,137.9,295,Human,48.87,122,69,lord slug
PT-2086,86,166.5,348,Saiyan,60.35,91,105,lord slug
PT-2087,68,169.4,1252,Saiyan,51.63,109,163,hercule
PT-2088,61,164.4,446,Frieza,49.33,0,102,hercule
PT-2089,57,128.7,502,Saiyan,57.63,160,68,krillin
PT-2090,79,292.3,444,Saiyan,44.97,104,52,gohan (kid)
PT-2091,74,273.4,972,Human,54.49,177,57,raditz
PT-2092,83,133.8,995,Saiyan,63.28,62,115,cell
PT-2093,73,192.6,961,Saiyan,44.05,44,46,cell
PT-2094,86,218.6,501,Saiyan,48.43,113,90,gohan (kid)
PT-2095,72,224.8,292,Saiyan,46.5,102,138,hercule
PT-2096,86,184.6,1564,Saiyan,57.0,112,96,gohan (kid)
PT-2097,87,246.4,824,Namekian,43.52,107,48,nappa
PT-2098,54,103.6,375,Saiyan,46.01,48,155,vegeta
PT-2099,34,87.7,1158,Saiyan,22.33,0,124,majin buu
PT-2100,101,309.9,357,Human,70.75,122,121,krillin
PT-2101,75,209.6,1149,Saiyan,54.11,39,134,beerus
PT-2102,36,116.3,1196,Saiyan,49.71,4,45,cell
PT-2103,56,97.2,283,Saiyan,47.75,60,98,cooler
PT-2104,85,161.7,699,Saiyan,51.56,115,73,raditz
PT-2105,64,110.3,788,Saiyan,39.21,161,21,hercule
PT-2106,60,116.1,2366,Saiyan,45.91,117,176,broly
PT-2107,98,160.5,316,Namekian,58.96,166,42,captain ginyu
PT-2108,49,98.5,1164,Frieza,49.09,95,76,gohan (kid)
PT-2109,54,136.1,498,Namekian,34.17,88,79,vegeta
PT-2110,74,187.6,234,Saiyan,65.77,189,102,zarbon
PT-2111,78,181.2,459,Majin,61.4,39,81,gohan (kid)
PT-2112,80,145.1,493,Human,50.37,77,83,cell
PT-2113,88,243.5,261,Saiyan,69.58,87,97,nappa
PT-2114,74,120.9,594,Frieza,43.33,125,101,gohan (adult) and videl
PT-2115,80,269.9,875,Majin,53.64,55,86,dodoria
PT-2116,65,69.4,568,Saiyan,35.79,113,73,android 18
PT-2117,71,174.0,356,Frieza,63.17,110,27,jaco
PT-2118,72,242.3,451,Saiyan,35.62,120,161,zarbon
PT-2119,74,152.3,491,Human,38.08,121,103,piccolo
PT-2120,85,216.3,561,Saiyan,48.92,160,98,frieza
PT-2121,81,248.4,959,Saiyan,62.98,93,62,captain ginyu
PT-2122,71,138.9,580,Frieza,56.04,108,40,hercule
PT-2123,54,159.5,212,Human,42.58,44,102,turles
PT-2124,71,244.7,352,Saiyan,56.55,48,73,lord slug
PT-2125,69,241.2,544,Majin,46.68,156,103,gohan (future)
PT-2126,74,184.9,967,Namekian,52.98,57,28,gohan (kid)
PT-2127,114,244.8,1074,Frieza,78.81,147,172,raditz
PT-2128,60,182.1,1429,Frieza,42.03,99,108,gohan (kid)
PT-2129,78,192.2,533,Frieza,45.07,139,81,android 16
PT-2130,91,202.3,779,Human,60.16,36,112,raditz
PT-2131,72,155.6,206,Saiyan,54.72,123,110,tien
PT-2132,117,236.0,638,Frieza,67.68,121,58,bardock
PT-2133,62,143.8,258,Saiyan,52.83,56,141,gohan (kid)
PT-2134,76,125.6,475,Saiyan,48.79,81,103,raditz
PT-2135,54,102.3,3035,Saiyan,42.62,115,40,nappa
PT-2136,63,109.2,591,Saiyan,48.2,110,30,yamcha
PT-2137,75,256.9,293,Human,52.3,85,122,krillin
PT-2138,87,133.7,629,Frieza,67.71,54,99,gohan (kid)
PT-2139,76,131.5,361,Human,53.36,48,103,nappa
PT-2140,95,211.9,277,Human,55.57,136,98,gohan (adult) and videl
PT-2141,68,144.8,1740,Saiyan,51.42,33,37,zarbon
PT-2142,63,236.5,935,Majin,53.27,76,94,lord slug
PT-2143,124,436.4,606,Saiyan,75.79,200,109,lord slug
PT-2144,78,190.8,390,Saiyan,56.95,111,84,hercule
PT-2145,56,113.5,409,Human,30.42,104,164,whis
PT-2146,56,129.0,1243,Human,22.46,32,104,captain ginyu
PT-2147,51,112.5,592,Saiyan,50.6,22,103,tien
PT-2148,89,172.6,78,Saiyan,59.11,133,200,krillin
PT-2149,63,109.1,2106,Saiyan,45.03,69,89,piccolo
PT-2150,73,145.6,550,Human,54.75,135,86,gotenks
PT-2151,69,190.2,605,Saiyan,63.02,91,51,frieza
PT-2152,85,181.5,946,Saiyan,65.31,200,71,yamcha
PT-2153,53,79.4,651,Namekian,48.9,54,0,yamcha
PT-2154,48,103.3,771,Majin,32.11,84,95,beerus
PT-2155,74,194.8,382,Saiyan,43.55,57,31,captain ginyu
PT-2156,82,127.6,236,Human,33.71,141,124,piccolo
PT-2157,77,113.2,583,Saiyan,55.87,113,82,beerus
PT-2158,54,100.9,1163,Saiyan,50.47,39,73,lord slug
PT-2159,84,181.2,334,Majin,63.12,89,87,dodoria
PT-2160,55,179.7,318,Saiyan,47.4,133,124,dodoria
PT-2161,60,206.7,1025,Saiyan,42.77,132,120,android 16
PT-2162,51,111.9,375,Namekian,35.89,18,65,nappa
PT-2163,96,240.0,385,Majin,51.8,92,61,nenhum
PT-2164,83,303.2,394,Frieza,51.89,173,125,hercule
PT-2165,82,236.2,474,Namekian,44.98,93,48,android 18
PT-2166,95,179.0,192,Saiyan,72.05,117,34,cell
PT-2167,126,196.7,357,Human,59.98,176,138,zamasu
PT-2168,36,75.9,566,Saiyan,32.82,10,104,krillin
PT-2169,55,141.4,563,Human,26.51,40,52,krillin
PT-2170,58,95.1,987,Saiyan,45.57,67,87,hercule
PT-2171,53,110.3,1486,Saiyan,41.18,125,50,piccolo
PT-2172,48,128.0,1221,Saiyan,36.35,113,92,cell
PT-2173,64,148.2,853,Majin,38.14,114,119,captain ginyu
PT-2174,46,109.0,451,Saiyan,38.42,65,52,nappa
PT-2175,77,197.9,339,Human,46.44,141,43,raditz
PT-2176,71,198.9,498,Namekian,47.31,85,21,hercule
PT-2177,80,151.5,700,Majin,67.66,121,123,piccolo
PT-2178,80,110.6,807,Saiyan,53.38,134,41,yamcha
PT-2179,82,268.5,716,Saiyan,57.06,167,102,zarbon
PT-2180,63,170.3,458,Frieza,41.48,82,105,yamcha
PT-2181,112,145.5,790,Human,58.52,109,88,android 18
PT-2182,75,138.8,1050,Saiyan,49.82,146,76,bojack
PT-2183,33,100.9,836,Frieza,53.23,115,93,majin buu
PT-2184,50,161.2,483,Saiyan,37.7,52,33,cooler
PT-2185,35,106.1,299,Saiyan,36.89,18,18,vegeta
PT-2186,70,176.8,295,Saiyan,41.37,139,70,hit
PT-2187,68,170.4,327,Saiyan,25.16,23,129,broly
PT-2188,61,136.5,575,Saiyan,38.08,15,137,gohan (adult) and videl
PT-2189,110,215.8,673,Human,83.05,111,103,raditz
PT-2190,81,210.3,211,Saiyan,57.16,99,58,yamcha
PT-2191,85,206.7,364,Human,67.13,56,132,piccolo
PT-2192,51,103.6,570,Majin,37.62,80,0,raditz
PT-2193,50,167.4,287,Namekian,21.15,81,75,tien
PT-2194,71,172.7,639,Saiyan,39.53,68,78,broly
PT-2195,73,108.8,410,Majin,52.38,170,133,piccolo
PT-2196,33,59.2,319,Saiyan,35.1,74,109,raditz
PT-2197,66,234.2,509,Human,46.32,128,38,broly
PT-2198,70,210.5,624,Saiyan,43.76,28,86,goku
PT-2199,66,182.5,296,Majin,53.92,24,53,raditz
PT-2200,54,204.1,426,Saiyan,37.59,92,56,gohan (kid)
PT-2201,59,204.7,652,Human,46.06,151,96,gohan (adult) and videl
PT-2202,66,197.6,312,Saiyan,47.96,42,63,gohan (future)
PT-2203,72,219.6,182,Saiyan,45.85,93,88,android 16
PT-2204,82,182.5,196,Human,45.75,46,126,zarbon
PT-2205,92,257.8,383,Saiyan,53.38,75,155,android 16
PT-2206,64,155.5,223,Majin,60.59,89,86,hercule
PT-2207,61,189.0,400,Human,53.3,59,77,yamcha
PT-2208,79,156.3,1338,Human,59.76,41,41,zarbon
PT-2209,82,227.2,215,Majin,46.51,42,151,turles
PT-2210,61,218.5,416,Majin,32.9,3,93,cell
PT-2211,86,187.9,1771,Frieza,63.17,118,96,yamcha
PT-2212,90,335.2,629,Saiyan,63.24,126,96,majin buu
PT-2213,96,225.2,395,Human,59.5,131,112,android 16
PT-2214,106,217.2,448,Majin,59.44,78,135,raditz
PT-2215,53,98.6,638,Saiyan,29.49,113,103,nappa
PT-2216,70,229.6,1363,Saiyan,54.94,114,143,gohan (kid)
PT-2217,70,163.4,358,Saiyan,57.49,86,89,bojack
PT-2218,68,141.9,313,Human,41.77,78,148,piccolo
PT-2219,57,154.3,215,Saiyan,36.7,50,112,gotenks
PT-2220,40,82.9,524,Human,45.93,70,56,captain ginyu
PT-2221,72,179.2,212,Human,43.67,152,14,broly
PT-2222,55,186.9,373,Human,56.23,120,72,bardock
PT-2223,72,210.1,286,Saiyan,47.93,77,143,goku
PT-2224,54,160.7,939,Majin,38.51,95,37,turles
PT-2225,48,117.0,363,Human,39.56,24,67,zarbon
PT-2226,75,277.7,625,Saiyan,46.91,119,89,gohan (kid)
PT-2227,73,150.0,188,Saiyan,58.21,55,119,nappa
PT-2228,82,150.7,533,Saiyan,59.89,123,72,android 16
PT-2229,114,189.2,239,Frieza,74.3,200,75,nappa
PT-2230,76,172.1,382,Saiyan,51.88,68,106,zarbon
PT-2231,80,218.7,1857,Saiyan,48.35,200,56,tien
PT-2232,48,138.7,862,Saiyan,39.13,88,0,majin buu
PT-2233,44,86.9,456,Saiyan,34.19,35,134,tien
PT-2234,102,179.3,3359,Saiyan,72.53,80,138,nappa
PT-2235,52,126.4,285,Majin,48.82,166,142,cooler
PT-2236,49,182.0,991,Human,38.87,89,99,captain ginyu
PT-2237,69,176.9,196,Namekian,40.19,63,106,beerus
PT-2238,68,143.2,426,Saiyan,59.53,76,92,android 16
PT-2239,52,106.8,219,Human,41.89,89,59,hercule
PT-2240,64,133.4,575,Majin,44.56,81,95,gohan (kid)
PT-2241,95,169.7,510,Human,70.4,120,74,yamcha
PT-2242,54,112.3,410,Namekian,37.52,144,25,majin buu
PT-2243,42,106.3,949,Saiyan,34.25,18,46,yamcha
PT-2244,89,184.1,351,Human,53.75,127,144,gotenks
PT-2245,80,178.5,600,Human,41.47,91,37,jaco
PT-2246,58,90.1,806,Saiyan,45.73,56,22,gohan (kid)
PT-2247,38,134.0,202,Majin,29.1,103,80,majin buu
PT-2248,55,108.7,314,Saiyan,37.43,16,52,zarbon
PT-2249,69,138.6,509,Saiyan,41.96,0,98,gohan (kid)
PT-2250,93,153.2,719,Majin,52.5,113,135,zarbon
PT-2251,49,132.7,1156,Majin,32.89,64,83,android 18
PT-2252,68,247.0,433,Namekian,49.18,30,52,hit
PT-2253,84,136.4,408,Namekian,52.36,29,140,gohan (kid)
PT-2254,22,15.2,292,Saiyan,29.18,125,75,cell
PT-2255,91,169.4,601,Human,75.23,121,95,nappa
PT-2256,46,132.6,412,Frieza,37.16,68,61,raditz
PT-2257,77,255.5,418,Saiyan,55.64,179,99,android 18
PT-2258,75,160.0,466,Human,55.75,131,70,majin buu
PT-2259,92,227.6,686,Frieza,56.3,174,29,lord slug
PT-2260,81,229.5,351,Saiyan,54.59,48,117,jaco
PT-2261,22,75.6,310,Frieza,28.97,0,73,tien
PT-2262,54,110.7,638,Human,43.22,98,0,frieza
PT-2263,73,142.0,80,Namekian,44.51,105,102,gohan (kid)
PT-2264,66,171.8,343,Human,42.45,133,146,gohan (adult) and videl
PT-2265,80,252.5,247,Human,52.14,29,41,tien
PT-2266,86,240.2,1014,Majin,38.62,127,87,piccolo
PT-2267,82,248.8,378,Saiyan,64.77,135,80,hercule
PT-2268,66,199.0,352,Human,63.69,120,143,nappa
PT-2269,33,70.2,479,Frieza,34.56,40,98,cell
PT-2270,61,113.5,345,Frieza,49.72,100,38,nenhum
PT-2271,78,108.1,387,Frieza,59.85,61,98,dodoria
PT-2272,48,156.2,522,Human,28.6,57,156,captain ginyu
PT-2273,83,226.7,383,Human,60.63,55,63,bardock
PT-2274,88,158.9,381,Human,51.79,70,91,majin buu
PT-2275,73,127.1,269,Human,67.53,79,102,piccolo
PT-2276,9,14.2,247,Human,22.09,18,12,gohan (adult) and videl
PT-2277,44,151.1,511,Saiyan,44.87,35,131,captain ginyu
PT-2278,108,300.6,592,Saiyan,61.77,64,87,hercule
PT-2279,59,95.7,209,Human,61.17,156,16,cooler
PT-2280,30,100.9,777,Saiyan,27.9,34,30,raditz
PT-2281,95,271.9,779,Saiyan,67.32,119,123,gohan (adult) and videl
PT-2282,70,216.1,884,Saiyan,53.01,16,47,krillin
PT-2283,92,257.8,590,Majin,60.03,158,106,broly
PT-2284,76,249.2,722,Frieza,52.23,97,106,gohan (adult) and videl
PT-2285,79,274.0,1828,Human,46.26,75,37,gohan (future)
PT-2286,77,192.2,411,Frieza,30.11,74,61,krillin
PT-2287,84,176.7,263,Namekian,62.2,132,103,zarbon
PT-2288,116,264.5,196,Saiyan,62.49,5,139,piccolo
PT-2289,89,262.8,1413,Saiyan,64.96,68,71,vegeta
PT-2290,38,89.5,1424,Saiyan,38.01,56,63,nappa
PT-2291,79,143.3,283,Saiyan,61.2,88,74,cooler
PT-2292,93,173.8,318,Human,63.62,200,124,zarbon
PT-2293,94,291.4,406,Saiyan,37.88,92,117,gohan (future)
PT-2294,61,190.1,1027,Frieza,49.32,118,58,gohan (kid)
PT-2295,93,303.0,1950,Human,54.45,177,114,zarbon
PT-2296,89,236.3,151,Saiyan,64.92,128,76,cell
PT-2297,121,384.8,1809,Frieza,73.13,100,133,gohan (kid)
PT-2298,55,167.3,594,Frieza,46.82,23,87,lord slug
PT-2299,60,136.5,647,Majin,41.82,108,167,cell
PT-2300,64,94.3,436,Majin,38.3,147,61,cell
PT-2301,60,199.6,652,Frieza,40.54,100,66,android 16
PT-2302,52,82.7,199,Human,26.4,121,41,gohan (adult) and videl
PT-2303,15,47.2,298,Namekian,21.28,146,0,bojack
PT-2304,61,169.4,525,Saiyan,32.69,112,54,krillin
PT-2305,77,224.2,126,Human,39.3,48,111,captain ginyu
PT-2306,60,121.9,411,Human,44.93,80,101,gohan (adult) and videl
PT-2307,109,318.4,396,Saiyan,67.87,172,118,krillin
PT-2308,70,130.9,411,Saiyan,47.75,76,67,frieza
PT-2309,96,296.8,354,Saiyan,54.41,167,77,android 16
PT-2310,75,148.8,271,Saiyan,42.42,87,46,piccolo
PT-2311,87,257.9,165,Saiyan,52.26,113,69,vegeta
PT-2312,76,236.1,537,Saiyan,43.82,77,31,hercule
PT-2313,97,164.5,412,Majin,58.3,114,152,tien
PT-2314,71,125.3,216,Human,36.23,95,153,yamcha
PT-2315,80,250.6,512,Human,57.61,30,9,gohan (adult) and videl
PT-2316,77,150.8,413,Saiyan,46.26,74,95,gohan (adult) and videl
PT-2317,64,122.7,374,Namekian,48.61,32,86,cooler
PT-2318,78,181.9,135,Saiyan,58.3,76,93,zarbon
PT-2319,115,389.8,742,Saiyan,68.62,90,87,tien
PT-2320,65,153.5,235,Human,52.39,122,116,gohan (adult) and videl
PT-2321,78,197.1,512,Frieza,34.67,133,101,raditz
PT-2322,95,331.2,303,Frieza,54.06,128,138,whis
PT-2323,93,215.7,390,Majin,66.02,54,66,hercule
PT-2324,70,163.2,984,Majin,52.07,82,24,tien
PT-2325,22,43.2,678,Human,43.59,0,63,android 18
PT-2326,80,189.6,971,Human,65.64,88,47,whis
PT-2327,26,52.9,601,Saiyan,32.8,77,90,broly
PT-2328,99,287.0,625,Saiyan,57.58,149,14,android 18
PT-2329,73,124.1,169,Frieza,41.53,107,62,piccolo
PT-2330,90,246.6,407,Frieza,52.19,152,68,android 16
PT-2331,52,101.8,431,Saiyan,37.53,82,53,android 16
PT-2332,39,92.6,1027,Saiyan,30.85,52,68,cooler
PT-2333,75,111.2,364,Saiyan,42.65,125,98,raditz
PT-2334,69,183.6,578,Human,50.81,121,104,beerus
PT-2335,60,176.8,564,Saiyan,57.57,57,102,captain ginyu
PT-2336,72,161.0,987,Human,56.27,103,74,gohan (kid)
PT-2337,125,228.9,455,Saiyan,67.42,118,200,raditz
PT-2338,87,173.8,810,Saiyan,62.91,19,146,gohan (kid)
PT-2339,91,305.5,177,Saiyan,59.17,120,81,dodoria
PT-2340,87,159.4,187,Majin,54.47,48,85,raditz
PT-2341,100,299.8,125,Saiyan,59.18,123,87,captain ginyu
PT-2342,66,152.7,790,Human,44.8,21,91,piccolo
PT-2343,29,61.7,738,Human,36.81,24,11,gohan (kid)
PT-2344,66,201.9,844,Majin,47.52,65,45,yamcha
PT-2345,86,250.9,328,Saiyan,48.57,147,4,nappa
PT-2346,51,88.9,351,Majin,34.19,49,50,vegeta
PT-2347,66,242.7,458,Saiyan,48.85,40,119,vegeta
PT-2348,56,95.9,1172,Human,45.83,89,63,lord slug
PT-2349,100,205.8,1361,Human,57.49,101,96,dodoria
PT-2350,85,188.2,793,Frieza,44.94,130,101,cell
PT-2351,83,216.4,601,Frieza,63.21,56,48,krillin
PT-2352,82,257.9,1098,Majin,61.11,104,88,zarbon
PT-2353,69,110.4,423,Frieza,31.7,184,114,tien
PT-2354,74,245.8,390,Saiyan,60.32,80,94,dodoria
PT-2355,46,122.8,456,Human,36.73,74,101,android 18
PT-2356,26,85.7,274,Saiyan,31.92,0,99,hercule
PT-2357,73,239.7,444,Saiyan,58.31,54,108,frieza
PT-2358,76,267.6,252,Human,63.62,109,55,vegeta
PT-2359,94,238.9,911,Majin,65.62,92,82,raditz
PT-2360,101,235.1,683,Majin,62.33,135,178,goku
PT-2361,101,231.2,1162,Namekian,49.39,128,113,piccolo
PT-2362,50,147.8,185,Human,23.79,17,72,krillin
PT-2363,63,145.4,1542,Frieza,52.23,121,40,yamcha
PT-2364,80,260.6,192,Namekian,62.74,44,82,zamasu
PT-2365,121,197.5,240,Namekian,61.88,96,143,beerus
PT-2366,100,318.7,340,Saiyan,57.84,119,101,nappa
PT-2367,92,184.7,1080,Human,52.34,166,74,krillin
PT-2368,62,196.9,564,Majin,40.13,39,62,majin buu
PT-2369,52,93.1,426,Frieza,49.4,78,114,gohan (kid)
PT-2370,86,147.2,306,Saiyan,56.15,105,117,krillin
PT-2371,48,142.2,216,Saiyan,37.37,95,85,dodoria
PT-2372,65,197.3,972,Saiyan,67.26,129,93,zarbon
PT-2373,68,219.2,796,Saiyan,35.72,68,30,nappa
PT-2374,102,340.0,1109,Majin,65.18,152,112,android 16
PT-2375,63,137.1,625,Saiyan,36.81,134,117,lord slug
PT-2376,21,70.9,101,Saiyan,27.14,118,34,frieza
PT-2377,80,155.4,234,Majin,53.19,114,125,krillin
PT-2378,56,152.0,651,Saiyan,49.16,81,91,krillin
PT-2379,71,148.6,395,Saiyan,46.31,68,113,broly
PT-2380,68,112.2,352,Human,44.26,26,80,piccolo
PT-2381,65,164.6,254,Human,43.77,71,111,vegeta
PT-2382,86,257.7,870,Frieza,45.76,103,32,tien
PT-2383,39,52.7,648,Majin,40.66,57,59,raditz
PT-2384,60,203.6,666,Frieza,46.25,102,101,dodoria
PT-2385,84,229.0,337,Saiyan,57.08,39,101,raditz
PT-2386,58,95.6,548,Majin,42.64,69,114,android 16
PT-2387,38,97.0,221,Human,33.66,140,50,vegeta
PT-2388,83,163.2,456,Majin,62.6,136,66,hercule
PT-2389,92,156.9,108,Human,64.97,128,29,cooler
PT-2390,69,161.6,192,Saiyan,58.92,101,67,raditz
PT-2391,31,83.6,406,Saiyan,35.38,40,72,gohan (adult) and videl
PT-2392,84,151.8,2049,Namekian,64.42,27,119,pan
PT-2393,37,120.7,167,Majin,31.47,78,0,yamcha
PT-2394,76,120.2,234,Saiyan,48.79,0,130,android 16
PT-2395,52,134.4,561,Human,50.36,59,27,android 18
PT-2396,47,155.5,1425,Majin,45.55,67,58,android 16
PT-2397,61,100.3,556,Human,42.08,61,50,krillin
PT-2398,66,175.6,751,Saiyan,38.03,170,93,krillin
PT-2399,57,93.2,402,Namekian,41.17,149,74,gohan (kid)
PT-2400,82,230.3,363,Human,47.32,137,115,tien
PT-2401,61,87.6,518,Majin,58.2,42,146,vegeta
PT-2402,90,318.0,332,Human,62.08,179,109,broly
PT-2403,76,127.7,761,Majin,44.27,116,60,nappa
PT-2404,56,194.2,188,Saiyan,34.04,37,88,vegeta
PT-2405,53,126.7,840,Frieza,34.97,74,145,raditz
PT-2406,37,95.5,505,Saiyan,30.33,98,82,zarbon
PT-2407,76,201.7,433,Namekian,49.07,67,121,hercule
PT-2408,63,165.4,184,Namekian,54.12,86,10,gotenks
PT-2409,23,97.9,274,Human,21.47,61,62,zarbon
PT-2410,59,90.1,1012,Human,61.92,33,61,vegeta
PT-2411,52,54.7,435,Saiyan,33.25,61,39,piccolo
PT-2412,102,247.0,582,Saiyan,49.53,71,101,bardock
PT-2413,36,97.3,291,Human,47.91,94,60,gohan (kid)
PT-2414,41,133.5,484,Saiyan,46.97,26,34,nappa
PT-2415,92,287.5,216,Saiyan,55.34,115,102,zarbon
PT-2416,97,307.5,523,Frieza,61.85,52,91,tien
PT-2417,55,70.9,615,Saiyan,45.25,29,97,nappa
PT-2418,57,146.7,597,Saiyan,43.89,28,79,pan
PT-2419,82,221.3,287,Saiyan,42.43,84,102,tien
PT-2420,23,53.2,401,Human,20.0,56,85,raditz
PT-2421,33,80.6,680,Human,26.44,71,75,piccolo
PT-2422,64,105.0,434,Majin,60.13,10,75,raditz
PT-2423,101,220.4,415,Human,75.24,104,17,goku
PT-2424,61,191.5,1544,Saiyan,42.31,49,93,cell
PT-2425,72,156.6,278,Human,41.14,109,44,whis
PT-2426,93,299.9,942,Saiyan,59.42,94,92,turles
PT-2427,112,225.2,246,Namekian,68.31,116,123,android 18
PT-2428,58,53.9,730,Saiyan,48.01,47,124,frieza
PT-2429,70,107.9,754,Saiyan,27.78,155,153,captain ginyu
PT-2430,106,222.3,363,Human,87.66,63,67,cell
PT-2431,40,131.8,237,Saiyan,45.06,46,5,cell
PT-2432,91,158.4,151,Human,54.82,107,107,cooler
PT-2433,50,125.2,341,Human,34.25,60,75,zarbon
PT-2434,72,229.5,676,Frieza,56.7,57,32,android 16
PT-2435,65,157.7,258,Saiyan,49.96,10,75,yamcha
PT-2436,51,86.0,522,Human,41.14,43,90,frieza
PT-2437,50,118.6,203,Majin,43.67,32,16,captain ginyu
PT-2438,76,233.3,428,Saiyan,49.5,158,43,captain ginyu
PT-2439,90,232.9,248,Human,59.21,193,67,captain ginyu
PT-2440,67,106.2,470,Namekian,52.61,82,68,majin buu
PT-2441,71,187.2,365,Majin,51.15,31,107,majin buu
PT-2442,81,182.7,241,Frieza,54.73,124,74,nappa
PT-2443,51,116.6,332,Majin,51.54,32,68,nappa
PT-2444,85,139.2,281,Saiyan,41.22,76,179,krillin
PT-2445,86,299.7,224,Frieza,48.02,74,52,yamcha
PT-2446,122,246.7,944,Saiyan,69.01,108,89,raditz
PT-2447,62,114.4,397,Human,38.96,65,101,majin buu
PT-2448,61,123.1,131,Majin,41.23,26,112,hercule
PT-2449,85,197.6,339,Namekian,64.3,70,106,raditz
PT-2450,86,198.3,853,Frieza,53.21,140,163,broly
PT-2451,59,118.4,312,Saiyan,28.97,76,84,vegeta
PT-2452,62,175.1,1210,Majin,41.41,85,0,hercule
PT-2453,81,201.2,295,Saiyan,52.86,6,91,dodoria
PT-2454,53,107.9,667,Majin,41.52,110,44,cell
PT-2455,62,228.3,918,Majin,49.25,52,129,nappa
PT-2456,72,140.3,646,Saiyan,52.6,133,119,tien
PT-2457,90,167.5,216,Namekian,54.89,108,29,raditz
PT-2458,58,202.7,280,Human,33.66,54,125,cell
PT-2459,33,105.8,994,Human,29.67,0,91,whis
PT-2460,32,93.4,304,Frieza,27.82,143,39,android 18
PT-2461,45,150.0,885,Human,35.72,98,58,majin buu
PT-2462,44,131.6,381,Human,43.13,100,116,krillin
PT-2463,67,141.6,536,Saiyan,50.03,156,0,majin buu
PT-2464,46,135.1,215,Saiyan,44.99,76,80,gotenks
PT-2465,56,164.9,342,Saiyan,39.33,129,113,zarbon
PT-2466,55,97.9,291,Saiyan,54.07,55,65,dodoria
PT-2467,61,172.8,564,Saiyan,49.78,108,99,krillin
PT-2468,96,209.1,521,Human,59.3,82,101,piccolo
PT-2469,83,114.6,650,Human,58.03,76,57,krillin
PT-2470,70,247.1,367,Saiyan,42.59,90,47,lord slug
PT-2471,61,141.4,282,Human,27.53,28,101,gohan (adult) and videl
PT-2472,61,176.1,550,Frieza,39.55,92,47,tien
PT-2473,77,200.7,266,Saiyan,56.78,79,23,whis
PT-2474,82,230.7,941,Human,53.44,16,92,gotenks
PT-2475,52,102.3,460,Saiyan,39.71,53,46,cooler
PT-2476,71,253.9,405,Human,41.62,73,32,bardock
PT-2477,29,82.3,650,Majin,20.0,87,53,broly
PT-2478,74,221.5,471,Saiyan,61.0,101,112,raditz
PT-2479,85,206.5,182,Saiyan,52.34,156,90,goku
PT-2480,64,107.9,261,Namekian,42.16,102,32,zarbon
PT-2481,106,187.8,929,Saiyan,57.03,93,123,yamcha
PT-2482,52,113.1,518,Majin,50.84,69,108,piccolo
PT-2483,74,148.9,180,Human,56.65,75,170,cell
PT-2484,69,205.2,609,Saiyan,39.86,105,136,hit
PT-2485,68,209.9,352,Majin,56.52,87,37,zarbon
PT-2486,68,129.5,292,Human,46.04,59,112,frieza
PT-2487,72,165.8,248,Saiyan,43.92,88,91,gohan (kid)
PT-2488,87,242.6,898,Frieza,52.45,118,45,gotenks
PT-2489,98,190.3,152,Human,52.93,68,110,yamcha
PT-2490,70,232.4,298,Majin,37.43,99,156,cooler
PT-2491,86,206.9,530,Saiyan,60.61,36,138,cooler
PT-2492,56,101.7,1270,Saiyan,40.63,119,29,krillin
PT-2493,85,161.5,687,Majin,58.94,119,90,jaco
PT-2494,55,179.5,297,Human,44.3,139,88,gohan (future)
PT-2495,92,187.0,1234,Saiyan,61.19,59,25,dodoria
PT-2496,114,339.9,219,Majin,49.23,167,42,lord slug
PT-2497,68,122.4,578,Human,40.27,122,84,turles
PT-2498,26,57.1,660,Saiyan,34.95,44,55,yamcha
PT-2499,59,192.9,290,Majin,33.4,62,0,tien
PT-2500,95,172.5,749,Human,60.98,63,112,cell
PT-2501,81,150.4,362,Human,41.27,41,130,frieza
PT-2502,75,205.7,748,Majin,50.13,60,74,android 16
PT-2503,90,291.5,163,Human,68.88,52,95,frieza
PT-2504,80,175.4,602,Frieza,58.2,158,109,lord slug
PT-2505,94,154.6,385,Majin,42.79,45,113,yamcha
PT-2506,88,302.3,982,Saiyan,61.99,106,25,piccolo
PT-2507,100,290.0,480,Human,74.58,127,64,raditz
PT-2508,77,259.3,1043,Frieza,73.18,106,68,zarbon
PT-2509,88,275.6,668,Namekian,59.0,118,57,majin buu
PT-2510,64,168.7,456,Saiyan,34.68,119,133,gotenks
PT-2511,58,146.3,790,Saiyan,46.68,59,96,vegeta
PT-2512,104,222.1,793,Saiyan,74.37,117,58,cooler
PT-2513,74,202.3,654,Namekian,48.1,77,73,gohan (kid)
PT-2514,86,272.3,125,Frieza,62.74,151,135,dodoria
PT-2515,72,266.8,273,Majin,42.08,172,55,jaco
PT-2516,58,156.9,1131,Saiyan,46.18,29,105,gohan (kid)
PT-2517,70,156.9,232,Namekian,28.08,5,134,hercule
PT-2518,99,256.9,837,Saiyan,52.0,132,148,krillin
PT-2519,81,241.9,753,Saiyan,52.35,138,94,nappa
PT-2520,36,95.6,319,Saiyan,31.49,137,105,android 16
PT-2521,66,183.5,149,Human,36.0,112,55,hercule
PT-2522,106,313.1,350,Human,58.4,171,200,cooler
PT-2523,66,116.2,1714,Saiyan,49.04,149,86,broly
PT-2524,34,82.1,294,Saiyan,32.91,116,100,gohan (adult) and videl
PT-2525,108,283.4,306,Majin,63.69,152,91,android 18
PT-2526,84,287.3,271,Saiyan,59.46,46,109,nappa
PT-2527,69,156.4,1021,Human,44.85,85,100,nappa
PT-2528,63,171.8,426,Saiyan,56.07,92,37,android 18
PT-2529,92,236.6,338,Saiyan,48.89,100,56,android 16
PT-2530,59,142.7,1151,Saiyan,59.02,76,63,vegeta
PT-2531,93,135.3,698,Majin,66.1,167,139,vegeta
PT-2532,81,272.6,284,Human,49.55,65,13,piccolo
PT-2533,75,241.1,236,Saiyan,47.69,122,68,krillin
PT-2534,73,191.7,987,Namekian,50.85,101,133,dodoria
PT-2535,67,154.9,498,Saiyan,51.59,49,28,gotenks
PT-2536,91,143.2,195,Majin,65.16,60,144,majin buu
PT-2537,53,153.6,169,Saiyan,30.48,4,22,bojack
PT-2538,38,98.7,252,Frieza,38.7,80,20,android 16
PT-2539,82,227.5,234,Saiyan,35.87,93,82,raditz
PT-2540,83,114.8,144,Human,51.78,63,163,android 16
PT-2541,80,234.0,255,Human,63.63,19,60,gotenks
PT-2542,78,170.2,284,Human,39.86,110,15,android 18
PT-2543,64,185.5,373,Majin,32.81,74,19,dodoria
PT-2544,86,229.2,1361,Saiyan,56.17,70,127,android 18
PT-2545,69,139.3,420,Saiyan,58.7,47,24,krillin
PT-2546,60,165.4,446,Namekian,46.6,68,120,raditz
PT-2547,64,206.0,669,Namekian,30.36,100,78,yamcha
PT-2548,110,273.7,427,Human,50.53,105,106,zarbon
PT-2549,35,60.4,626,Human,34.78,10,66,beerus
PT-2550,80,221.5,583,Majin,42.57,92,54,piccolo
PT-2551,36,57.1,530,Majin,35.49,101,61,tien
PT-2552,68,189.7,2591,Namekian,48.77,86,30,hercule
PT-2553,61,163.1,851,Namekian,40.48,82,127,turles
PT-2554,28,44.0,257,Saiyan,45.72,39,9,captain ginyu
PT-2555,78,214.7,615,Human,55.92,57,102,vegeta
PT-2556,62,201.2,306,Human,54.49,43,32,zarbon
PT-2557,28,86.3,644,Saiyan,38.56,0,28,android 16
PT-2558,87,159.9,216,Namekian,53.6,147,76,gotenks
PT-2559,99,206.9,253,Human,58.04,128,200,piccolo
PT-2560,100,229.0,606,Saiyan,57.62,113,99,beerus
PT-2561,77,133.1,897,Human,56.25,103,51,android 16
PT-2562,71,139.0,666,Saiyan,43.2,100,62,lord slug
PT-2563,97,163.4,823,Saiyan,72.6,78,38,tien
PT-2564,104,210.4,617,Human,55.63,100,96,whis
PT-2565,93,270.8,546,Majin,58.92,85,169,captain ginyu
PT-2566,51,113.6,364,Human,38.57,171,79,nappa
PT-2567,74,210.1,803,Saiyan,45.99,130,118,vegeta
PT-2568,79,122.4,911,Human,68.98,100,49,gohan (kid)
PT-2569,34,104.0,474,Saiyan,30.09,112,46,yamcha
PT-2570,79,210.5,459,Frieza,49.16,143,93,krillin
PT-2571,115,378.1,1280,Saiyan,60.69,67,81,raditz
PT-2572,83,266.7,487,Namekian,53.53,87,104,captain ginyu
PT-2573,99,223.4,516,Saiyan,58.79,109,124,android 16
PT-2574,74,206.3,659,Saiyan,40.65,114,104,lord slug
PT-2575,69,123.6,465,Human,44.21,76,72,cooler
PT-2576,78,185.8,301,Majin,56.08,88,128,yamcha
PT-2577,54,72.9,618,Frieza,49.82,55,57,zarbon
PT-2578,51,121.6,481,Human,40.59,113,52,android 16
PT-2579,95,172.8,1488,Saiyan,58.47,48,154,majin buu
PT-2580,97,294.8,791,Saiyan,55.91,91,54,nappa
PT-2581,50,118.9,345,Human,35.98,0,0,pan
PT-2582,89,233.9,763,Saiyan,48.24,60,58,hercule
PT-2583,68,133.4,593,Frieza,34.75,97,93,turles
PT-2584,77,154.4,1081,Human,45.18,105,135,android 16
PT-2585,79,145.7,360,Majin,58.83,81,59,zarbon
PT-2586,90,289.9,6142,Namekian,52.6,147,166,pan
PT-2587,72,237.0,464,Saiyan,46.03,142,81,beerus
PT-2588,98,144.6,510,Saiyan,56.28,106,94,gotenks
PT-2589,76,197.7,290,Namekian,60.36,101,49,beerus
PT-2590,82,191.7,696,Saiyan,45.37,77,165,whis
PT-2591,53,82.6,633,Human,43.42,97,61,majin buu
PT-2592,113,295.0,1065,Namekian,64.65,73,56,piccolo
PT-2593,79,131.0,490,Saiyan,52.14,165,184,frieza
PT-2594,84,147.5,385,Namekian,55.55,143,105,android 18
PT-2595,38,109.8,791,Saiyan,35.66,12,89,hercule
PT-2596,54,102.1,306,Human,47.94,42,135,dodoria
PT-2597,95,335.2,945,Saiyan,57.77,123,121,captain ginyu
PT-2598,76,209.0,944,Human,64.36,77,122,zamasu
PT-2599,32,100.5,1048,Saiyan,33.16,77,55,zarbon
PT-2600,91,285.6,618,Saiyan,42.77,88,123,yamcha
PT-2601,59,188.1,368,Saiyan,48.71,138,70,cell
PT-2602,98,226.2,526,Saiyan,62.34,109,98,nappa
PT-2603,68,186.4,619,Human,47.46,181,82,raditz
PT-2604,74,198.3,352,Saiyan,47.52,113,66,android 18
PT-2605,94,315.3,1096,Saiyan,40.68,51,116,goku
PT-2606,52,98.1,698,Saiyan,25.23,155,86,gohan (kid)
PT-2607,50,134.3,288,Saiyan,53.18,114,98,vegeta
PT-2608,66,189.9,1525,Saiyan,41.72,98,102,dodoria
PT-2609,87,199.8,522,Saiyan,62.52,125,171,cell
PT-2610,43,169.5,256,Human,24.38,17,102,vegeta
PT-2611,37,101.3,299,Majin,26.43,0,48,zarbon
PT-2612,86,163.4,1203,Human,59.83,97,108,cell
PT-2613,58,167.6,1473,Saiyan,42.38,132,127,hit
PT-2614,62,132.1,903,Namekian,49.1,95,35,gohan (kid)
PT-2615,33,46.6,1087,Human,33.09,125,134,cooler
PT-2616,56,106.0,1022,Human,40.74,128,38,hercule
PT-2617,70,154.6,688,Saiyan,42.56,87,115,piccolo
PT-2618,89,258.9,600,Saiyan,46.05,149,93,gohan (adult) and videl
PT-2619,55,173.4,681,Human,53.22,135,66,nappa
PT-2620,103,299.6,766,Saiyan,73.74,109,50,tien
PT-2621,56,97.3,316,Human,34.09,66,106,krillin
PT-2622,56,171.2,764,Saiyan,33.57,80,18,krillin
PT-2623,101,327.4,1182,Saiyan,57.62,14,43,hercule
PT-2624,74,225.6,435,Saiyan,52.32,100,128,android 16
PT-2625,59,118.3,408,Saiyan,42.15,106,143,hercule
PT-2626,67,131.2,656,Saiyan,50.8,89,50,majin buu
PT-2627,97,340.6,334,Saiyan,58.41,121,138,vegeta
PT-2628,99,302.1,224,Human,58.68,107,131,pan
PT-2629,54,81.5,981,Saiyan,60.9,0,64,broly
PT-2630,69,230.9,376,Human,43.4,152,132,nappa
PT-2631,72,120.1,498,Frieza,61.92,73,74,hercule
PT-2632,50,73.9,342,Namekian,51.57,45,86,gohan (adult) and videl
PT-2633,69,223.3,1060,Human,51.63,140,28,dodoria
PT-2634,70,196.6,822,Saiyan,32.59,125,31,yamcha
PT-2635,93,209.9,426,Human,57.45,115,142,nappa
PT-2636,94,314.1,243,Frieza,53.48,136,118,hit
PT-2637,63,182.1,400,Human,45.36,34,68,lord slug
PT-2638,66,93.2,694,Saiyan,37.9,80,153,hercule
PT-2639,83,228.6,552,Majin,59.25,148,164,whis
PT-2640,58,177.1,526,Saiyan,51.08,49,88,piccolo
PT-2641,82,198.8,559,Majin,62.16,56,29,gohan (future)
PT-2642,68,224.9,777,Saiyan,44.14,88,73,captain ginyu
PT-2643,51,130.5,481,Saiyan,31.92,75,32,majin buu
PT-2644,51,93.9,645,Majin,43.21,97,69,nappa
PT-2645,99,158.2,273,Human,73.65,54,62,nappa
PT-2646,67,196.0,2281,Human,47.36,0,29,nappa
PT-2647,103,331.9,416,Namekian,64.82,149,12,nappa
PT-2648,60,108.1,557,Namekian,42.12,35,79,tien
PT-2649,76,102.2,692,Human,46.37,66,0,gohan (kid)
PT-2650,118,357.6,385,Frieza,72.47,37,100,android 16
PT-2651,49,104.4,495,Saiyan,38.75,110,92,beerus
PT-2652,32,77.5,491,Saiyan,36.03,70,24,krillin
PT-2653,96,287.6,285,Namekian,62.46,119,54,krillin
PT-2654,53,168.8,641,Saiyan,43.98,85,64,cooler
PT-2655,70,213.6,183,Namekian,52.46,4,46,cell
PT-2656,58,144.6,1410,Saiyan,36.38,37,78,cooler
PT-2657,75,159.2,793,Saiyan,42.69,72,41,gohan (future)
PT-2658,51,187.4,723,Saiyan,40.06,41,62,raditz
PT-2659,66,147.4,174,Human,46.25,72,62,dodoria
PT-2660,79,151.3,306,Namekian,47.42,103,85,whis
PT-2661,50,174.2,1134,Saiyan,41.93,110,130,android 18
PT-2662,56,126.6,5948,Saiyan,49.67,16,77,cooler
PT-2663,63,196.1,1009,Saiyan,54.7,80,94,pan
PT-2664,41,61.9,918,Saiyan,47.7,91,34,nappa
PT-2665,62,212.3,675,Human,34.28,43,82,yamcha
PT-2666,72,193.2,296,Human,39.5,80,69,yamcha
PT-2667,62,173.7,895,Saiyan,42.48,98,75,gohan (adult) and videl
PT-2668,65,213.7,254,Saiyan,46.64,82,101,turles
PT-2669,70,158.6,238,Human,46.09,113,59,raditz
PT-2670,57,175.6,229,Saiyan,38.38,79,54,dodoria
PT-2671,84,235.8,885,Saiyan,51.16,85,69,cooler
PT-2672,99,300.2,476,Human,63.47,62,79,yamcha
PT-2673,61,207.0,523,Saiyan,33.76,89,80,turles
PT-2674,80,241.2,488,Saiyan,70.75,98,71,zarbon
PT-2675,65,98.0,251,Saiyan,46.17,42,135,turles
PT-2676,77,142.8,329,Majin,59.21,115,191,majin buu
PT-2677,101,361.6,340,Saiyan,55.76,162,78,gohan (kid)
PT-2678,80,258.4,212,Majin,56.59,68,98,lord slug
PT-2679,35,147.3,364,Human,34.8,29,96,lord slug
PT-2680,79,104.2,258,Human,58.45,63,75,gohan (kid)
PT-2681,95,210.0,697,Majin,56.41,39,57,raditz
PT-2682,66,185.0,733,Saiyan,58.81,163,146,gohan (adult) and videl
PT-2683,90,303.3,227,Saiyan,44.06,84,120,android 16
PT-2684,56,86.1,412,Saiyan,49.99,40,82,lord slug
PT-2685,40,101.2,1501,Human,36.95,17,116,gohan (kid)
PT-2686,73,124.8,274,Human,41.05,73,112,lord slug
PT-2687,35,88.5,636,Majin,49.62,30,53,lord slug
PT-2688,65,123.7,525,Human,60.79,140,36,nappa
PT-2689,96,152.2,949,Saiyan,41.81,57,77,gohan (kid)
PT-2690,32,5.0,588,Saiyan,34.21,0,101,zarbon
PT-2691,44,147.0,380,Saiyan,43.25,87,88,lord slug
PT-2692,49,146.7,513,Namekian,43.13,65,57,piccolo
PT-2693,69,247.7,517,Saiyan,59.72,76,149,broly
PT-2694,63,173.4,466,Frieza,55.66,103,68,raditz
PT-2695,98,225.2,223,Saiyan,61.32,114,138,gotenks
PT-2696,89,209.5,1039,Human,73.82,99,101,yamcha
PT-2697,80,202.1,934,Saiyan,59.49,38,163,lord slug
PT-2698,73,172.3,263,Majin,46.39,22,111,frieza
PT-2699,78,224.8,411,Saiyan,46.78,64,86,android 16
PT-2700,53,146.7,431,Human,51.15,29,60,gohan (future)
PT-2701,87,280.1,246,Frieza,48.46,110,90,krillin
PT-2702,48,116.3,161,Human,35.92,0,35,yamcha
PT-2703,87,224.9,330,Saiyan,52.88,82,36,tien
PT-2704,94,205.5,398,Majin,60.45,98,108,captain ginyu
PT-2705,74,105.3,208,Saiyan,48.05,88,60,gohan (adult) and videl
PT-2706,66,208.2,548,Saiyan,35.86,99,55,krillin
PT-2707,78,192.9,990,Human,60.5,79,81,hercule
PT-2708,13,41.7,817,Majin,21.96,14,41,zarbon
PT-2709,76,130.6,457,Saiyan,66.56,141,83,jaco
PT-2710,68,247.3,163,Majin,49.63,72,147,vegeta
PT-2711,69,244.5,757,Majin,57.74,142,105,hit
PT-2712,84,193.0,538,Human,58.65,84,173,frieza
PT-2713,69,236.2,636,Saiyan,58.12,85,61,bojack
PT-2714,47,119.4,1574,Majin,43.36,62,94,android 18
PT-2715,67,190.6,300,Saiyan,48.68,93,62,nappa
PT-2716,71,203.8,88,Saiyan,57.15,70,57,gohan (adult) and videl
PT-2717,72,232.8,262,Saiyan,68.69,91,166,dodoria
PT-2718,73,223.1,660,Namekian,47.04,150,50,gohan (kid)
PT-2719,91,218.8,501,Saiyan,62.76,145,4,dodoria
PT-2720,48,159.1,238,Saiyan,39.16,111,35,broly
PT-2721,74,206.4,210,Saiyan,53.65,36,1,lord slug
PT-2722,96,165.4,398,Saiyan,58.74,60,59,piccolo
PT-2723,35,59.0,233,Frieza,20.0,67,20,gotenks
PT-2724,74,247.3,673,Human,48.0,120,83,zarbon
PT-2725,58,160.0,385,Majin,51.2,56,0,tien
PT-2726,63,141.4,338,Majin,39.08,52,122,yamcha
PT-2727,52,154.4,313,Saiyan,48.17,127,0,tien
PT-2728,67,191.0,577,Majin,48.27,111,72,android 16
PT-2729,107,228.3,506,Frieza,61.27,158,92,raditz
PT-2730,45,81.3,556,Majin,45.25,48,95,tien
PT-2731,47,136.9,549,Majin,44.25,47,77,vegeta
PT-2732,44,143.2,472,Saiyan,40.96,103,108,turles
PT-2733,105,270.5,265,Namekian,70.13,103,89,android 18
PT-2734,61,158.0,318,Saiyan,46.02,54,54,dodoria
PT-2735,69,206.6,389,Majin,34.44,49,95,lord slug
PT-2736,62,189.5,1701,Saiyan,41.78,59,115,tien
PT-2737,51,170.3,219,Human,25.96,106,99,broly
PT-2738,65,66.5,383,Namekian,51.26,22,88,piccolo
PT-2739,119,354.6,523,Human,74.77,150,123,krillin
PT-2740,98,255.5,411,Saiyan,66.73,80,97,nappa
PT-2741,53,81.3,939,Majin,45.11,64,83,tien
PT-2742,83,237.8,409,Frieza,60.94,91,169,piccolo
PT-2743,53,166.7,428,Human,28.59,64,57,lord slug
PT-2744,34,87.8,803,Namekian,32.74,46,39,vegeta
PT-2745,90,300.5,1460,Namekian,44.68,84,75,krillin
PT-2746,93,212.3,1147,Namekian,54.33,82,111,android 18
PT-2747,91,171.5,454,Saiyan,69.33,156,9,cell
PT-2748,61,131.3,478,Human,53.15,80,67,beerus
PT-2749,67,112.7,507,Namekian,52.1,79,112,yamcha
PT-2750,85,240.9,538,Frieza,52.55,72,68,turles
PT-2751,78,228.6,296,Saiyan,43.25,76,92,cell
PT-2752,62,185.7,864,Saiyan,46.3,54,158,frieza
PT-2753,38,72.5,558,Saiyan,44.09,91,70,raditz
PT-2754,72,171.2,480,Majin,52.08,57,0,dodoria
PT-2755,92,188.1,230,Namekian,44.11,14,38,piccolo
PT-2756,46,131.8,512,Human,39.24,69,52,lord slug
PT-2757,83,199.9,158,Saiyan,37.89,85,56,cell
PT-2758,77,199.9,348,Saiyan,57.23,68,88,piccolo
PT-2759,85,242.5,351,Namekian,48.46,134,78,raditz
PT-2760,87,238.8,585,Saiyan,45.02,0,138,beerus
PT-2761,56,111.8,1522,Saiyan,48.94,138,26,dodoria
PT-2762,38,91.2,694,Saiyan,39.68,103,48,frieza
PT-2763,59,151.4,1175,Majin,45.46,52,80,goku
PT-2764,88,224.2,726,Human,72.73,82,105,piccolo
PT-2765,59,97.5,968,Saiyan,48.68,97,77,android 18
PT-2766,56,175.2,1502,Saiyan,37.24,96,0,hercule
PT-2767,34,98.0,318,Frieza,37.75,32,57,nappa
PT-2768,105,266.5,305,Saiyan,59.71,49,97,gohan (kid)
PT-2769,87,182.5,736,Saiyan,64.93,184,125,beerus
PT-2770,85,186.6,492,Saiyan,56.25,136,118,tien
PT-2771,89,210.8,562,Saiyan,58.64,107,102,yamcha
PT-2772,82,146.9,424,Majin,41.26,103,100,zarbon
PT-2773,65,150.4,345,Majin,46.49,107,130,gohan (adult) and videl
PT-2774,67,144.2,1303,Saiyan,46.35,113,123,dodoria
PT-2775,61,200.1,255,Namekian,36.21,0,84,gohan (kid)
PT-2776,123,434.1,744,Saiyan,67.43,114,200,zarbon
PT-2777,81,148.0,675,Namekian,55.89,77,62,zarbon
PT-2778,61,96.6,1284,Saiyan,44.37,72,25,lord slug
PT-2779,79,239.3,299,Saiyan,40.3,124,85,turles
PT-2780,50,183.1,331,Namekian,37.81,0,50,nappa
PT-2781,100,315.6,691,Frieza,56.26,56,1,cell
PT-2782,57,80.2,395,Majin,44.35,48,44,cell
PT-2783,80,140.0,468,Human,52.68,100,100,majin buu
PT-2784,91,135.8,205,Majin,53.11,136,91,cooler
PT-2785,78,262.7,1989,Majin,47.59,158,54,krillin
PT-2786,72,193.1,514,Saiyan,49.34,76,82,android 16
PT-2787,70,165.8,665,Human,55.7,119,84,android 18
PT-2788,69,198.6,356,Human,49.83,114,107,cooler
PT-2789,58,107.5,333,Human,54.58,98,45,gohan (kid)
PT-2790,61,186.2,1552,Namekian,53.47,78,108,tien
PT-2791,100,177.2,156,Human,71.97,94,56,piccolo
PT-2792,68,190.7,582,Saiyan,58.15,42,57,piccolo
PT-2793,54,137.8,238,Saiyan,54.1,28,136,piccolo
PT-2794,60,205.1,386,Namekian,34.77,92,31,raditz
PT-2795,92,204.9,336,Saiyan,61.98,101,68,tien
PT-2796,84,260.0,273,Namekian,63.35,81,39,gohan (kid)
PT-2797,81,251.8,503,Saiyan,63.59,121,54,zamasu
PT-2798,65,124.7,106,Saiyan,39.83,74,81,captain ginyu
PT-2799,81,172.8,408,Majin,57.66,58,115,nappa
PT-2800,57,148.2,467,Saiyan,43.4,65,69,lord slug
PT-2801,65,139.9,218,Namekian,60.78,115,63,dodoria
PT-2802,89,137.0,1222,Saiyan,44.5,60,43,krillin
PT-2803,87,167.5,345,Human,48.65,108,62,frieza
PT-2804,50,91.2,427,Human,25.51,68,3,gohan (kid)
PT-2805,53,134.4,345,Namekian,42.36,42,97,frieza
PT-2806,72,193.3,469,Saiyan,66.91,76,113,piccolo
PT-2807,105,190.8,1080,Saiyan,61.65,51,102,dodoria
PT-2808,32,80.6,2173,Human,33.61,60,70,piccolo
PT-2809,76,168.6,771,Frieza,54.8,36,118,gohan (kid)
PT-2810,42,111.5,947,Namekian,35.87,106,63,cell
PT-2811,57,102.6,1380,Namekian,45.73,72,126,raditz
PT-2812,63,201.7,572,Human,48.34,58,33,zarbon
PT-2813,62,218.5,1264,Human,38.04,126,59,tien
PT-2814,59,146.7,793,Namekian,42.85,36,53,cell
PT-2815,70,88.0,537,Namekian,53.94,56,105,frieza
PT-2816,59,99.7,608,Majin,51.03,4,14,gohan (adult) and videl
PT-2817,41,62.7,165,Majin,46.79,115,117,captain ginyu
PT-2818,86,241.9,587,Namekian,57.08,174,113,bojack
PT-2819,85,163.0,195,Saiyan,56.85,31,160,raditz
PT-2820,87,304.2,186,Saiyan,60.8,67,89,lord slug
PT-2821,39,104.0,553,Frieza,30.84,64,35,zarbon
PT-2822,76,159.8,253,Human,45.31,70,109,vegeta
PT-2823,84,241.0,491,Saiyan,52.6,96,130,lord slug
PT-2824,49,76.2,535,Human,29.4,64,36,goku
PT-2825,70,243.4,550,Human,51.26,102,0,majin buu
PT-2826,68,107.4,286,Namekian,55.59,46,5,nappa
PT-2827,107,353.4,845,Majin,57.12,123,115,captain ginyu
PT-2828,108,269.1,467,Saiyan,66.68,72,167,piccolo
PT-2829,37,60.9,642,Human,29.77,43,4,android 18
PT-2830,120,398.2,240,Saiyan,59.87,57,103,vegeta
PT-2831,52,75.7,443,Namekian,57.24,55,52,raditz
PT-2832,90,149.6,952,Saiyan,47.98,79,170,krillin
PT-2833,89,296.8,882,Human,45.37,139,183,pan
PT-2834,50,122.2,305,Human,41.72,68,82,tien
PT-2835,80,277.4,355,Human,54.15,99,122,nappa
PT-2836,68,178.1,272,Human,52.54,84,112,piccolo
PT-2837,81,243.6,332,Majin,68.41,10,35,dodoria
PT-2838,75,160.4,213,Human,43.78,10,110,piccolo
PT-2839,94,172.7,454,Saiyan,52.97,92,55,lord slug
PT-2840,72,248.4,720,Saiyan,61.67,99,74,raditz
PT-2841,67,107.0,308,Human,54.31,74,122,piccolo
PT-2842,92,235.3,467,Saiyan,63.2,69,98,piccolo
PT-2843,82,161.1,432,Majin,48.08,86,131,gohan (kid)
PT-2844,85,186.8,928,Saiyan,63.01,85,141,android 18
PT-2845,57,150.2,341,Namekian,49.23,107,0,piccolo
PT-2846,49,129.2,349,Saiyan,41.12,98,0,cell
PT-2847,59,155.0,297,Majin,38.92,55,118,zarbon
PT-2848,58,161.9,249,Saiyan,44.05,74,119,piccolo
PT-2849,86,188.6,677,Human,67.59,110,100,raditz
PT-2850,90,201.6,454,Saiyan,47.25,119,109,captain ginyu
PT-2851,67,106.3,509,Human,40.4,150,113,vegeta
PT-2852,99,298.4,1059,Saiyan,54.58,108,134,captain ginyu
PT-2853,97,203.2,1096,Majin,55.51,154,86,gohan (adult) and videl
PT-2854,75,203.3,184,Human,49.87,44,121,krillin
PT-2855,54,101.7,727,Frieza,49.27,48,54,vegeta
PT-2856,102,279.5,564,Majin,64.49,26,111,zarbon
PT-2857,69,211.4,374,Human,48.09,91,86,raditz
PT-2858,73,244.0,600,Namekian,51.42,114,47,zarbon
PT-2859,63,124.9,175,Saiyan,50.19,0,44,frieza
PT-2860,52,206.5,1185,Human,27.35,79,156,cooler
PT-2861,41,61.4,671,Saiyan,44.97,87,23,android 16
PT-2862,83,170.6,293,Majin,46.59,118,103,tien
PT-2863,54,84.4,347,Saiyan,38.05,25,91,dodoria
PT-2864,131,289.4,177,Saiyan,75.12,166,120,majin buu
PT-2865,48,140.2,408,Human,38.6,69,90,dodoria
PT-2866,45,94.3,369,Human,41.9,90,75,android 16
PT-2867,80,185.5,223,Saiyan,53.13,89,51,cooler
PT-2868,101,304.6,785,Human,58.09,126,122,dodoria
PT-2869,71,243.4,1060,Namekian,60.63,131,58,tien
PT-2870,81,251.1,485,Saiyan,58.06,87,156,android 18
PT-2871,33,95.6,410,Saiyan,35.62,68,70,captain ginyu
PT-2872,56,95.3,640,Frieza,47.94,125,41,krillin
PT-2873,49,165.0,487,Frieza,33.96,64,78,piccolo
PT-2874,32,62.6,257,Saiyan,50.2,11,15,tien
PT-2875,72,143.2,333,Human,40.1,115,91,frieza
PT-2876,25,35.1,412,Saiyan,30.91,107,38,krillin
PT-2877,44,141.7,572,Frieza,35.31,117,28,gotenks
PT-2878,59,156.9,496,Saiyan,41.0,106,38,jaco
PT-2879,53,137.4,559,Saiyan,37.57,0,164,bardock
PT-2880,78,167.2,197,Saiyan,45.03,67,88,raditz
PT-2881,76,188.5,734,Human,59.91,67,66,dodoria
PT-2882,88,219.9,494,Saiyan,45.56,102,67,beerus
PT-2883,85,127.4,2279,Majin,61.87,166,108,cell
PT-2884,93,247.8,390,Human,62.39,61,70,gohan (kid)
PT-2885,70,201.1,598,Human,44.95,176,35,gotenks
PT-2886,76,205.0,2691,Namekian,54.66,76,82,frieza
PT-2887,80,158.4,554,Saiyan,50.74,63,84,lord slug
PT-2888,73,200.3,473,Saiyan,40.39,122,64,gohan (future)
PT-2889,62,130.0,273,Saiyan,36.08,117,38,zamasu
PT-2890,63,77.5,1233,Majin,50.44,106,58,captain ginyu
PT-2891,54,95.2,246,Saiyan,46.43,42,49,yamcha
PT-2892,78,172.3,637,Majin,53.14,112,60,android 18
PT-2893,68,155.4,371,Human,44.07,43,89,android 18
PT-2894,57,171.0,440,Human,41.28,44,159,frieza
PT-2895,57,108.8,210,Human,40.2,72,123,zarbon
PT-2896,46,138.6,1103,Saiyan,24.42,34,140,cooler
PT-2897,90,198.0,417,Saiyan,56.49,144,70,captain ginyu
PT-2898,72,180.4,238,Majin,52.98,64,147,jaco
PT-2899,53,167.3,1045,Saiyan,41.74,64,76,gotenks
PT-2900,86,205.8,364,Human,68.55,64,130,vegeta
PT-2901,59,67.3,602,Frieza,35.56,119,90,frieza
PT-2902,42,118.3,816,Saiyan,31.51,37,46,frieza
PT-2903,90,289.1,655,Saiyan,57.06,148,122,captain ginyu
PT-2904,59,201.1,132,Saiyan,45.55,120,91,tien
PT-2905,62,103.0,748,Saiyan,29.59,62,3,cell
PT-2906,71,235.3,464,Frieza,53.22,88,75,lord slug
PT-2907,93,186.3,404,Frieza,59.19,85,130,dodoria
PT-2908,70,102.7,462,Saiyan,31.04,108,90,beerus
PT-2909,46,132.3,188,Frieza,37.47,59,81,hit
PT-2910,81,196.4,553,Saiyan,45.93,78,57,gohan (adult) and videl
PT-2911,60,132.1,217,Frieza,40.37,80,82,pan
PT-2912,108,348.6,415,Namekian,52.5,53,102,dodoria
PT-2913,70,122.2,541,Saiyan,51.33,83,71,whis
PT-2914,25,55.3,939,Human,44.09,76,20,pan
PT-2915,77,163.3,301,Majin,52.92,97,120,android 18
PT-2916,109,184.8,1177,Saiyan,46.32,155,120,yamcha
PT-2917,102,249.5,870,Saiyan,63.08,97,111,yamcha
PT-2918,107,380.3,381,Human,61.24,97,187,dodoria
PT-2919,50,121.0,253,Saiyan,31.19,25,84,lord slug
PT-2920,88,114.6,207,Saiyan,58.03,84,140,captain ginyu
PT-2921,56,166.9,580,Saiyan,49.44,153,80,gohan (adult) and videl
PT-2922,74,275.6,317,Majin,44.25,100,68,majin buu
PT-2923,45,167.7,1012,Saiyan,24.85,43,19,piccolo
PT-2924,57,157.6,328,Human,26.71,35,80,yamcha
PT-2925,56,108.3,287,Saiyan,37.07,11,0,cell
PT-2926,88,226.3,567,Saiyan,53.96,67,102,nappa
PT-2927,86,298.3,326,Human,50.27,129,103,pan
PT-2928,76,223.7,495,Saiyan,44.93,74,74,turles
PT-2929,43,117.7,890,Human,41.74,26,56,zarbon
PT-2930,64,168.4,529,Saiyan,49.3,47,25,cooler
PT-2931,55,89.1,530,Human,43.6,100,124,turles
PT-2932,87,211.8,557,Saiyan,61.33,96,77,broly
PT-2933,94,193.3,178,Namekian,52.35,80,57,frieza
PT-2934,91,154.5,623,Saiyan,47.64,90,115,gohan (future)
PT-2935,55,131.6,542,Namekian,37.82,162,73,captain ginyu
PT-2936,15,25.0,842,Saiyan,21.27,91,26,krillin
PT-2937,35,143.0,709,Saiyan,20.0,117,36,frieza
PT-2938,98,300.1,437,Human,54.84,38,98,hercule
PT-2939,62,220.3,915,Saiyan,53.64,74,127,hit
PT-2940,55,179.5,413,Human,48.41,48,87,tien
PT-2941,103,291.6,572,Majin,65.4,134,101,zarbon
PT-2942,95,136.7,409,Majin,59.05,148,131,cooler
PT-2943,70,214.3,650,Human,59.59,99,80,broly
PT-2944,64,133.4,393,Frieza,37.12,46,91,lord slug
PT-2945,67,80.2,1324,Human,39.08,57,83,raditz
PT-2946,75,144.2,1653,Saiyan,58.99,115,106,turles
PT-2947,102,319.1,832,Majin,61.02,140,84,android 16
PT-2948,78,217.5,1242,Saiyan,45.83,98,39,beerus
PT-2949,85,292.7,196,Saiyan,58.42,103,126,gotenks
PT-2950,93,301.3,210,Saiyan,53.69,106,155,yamcha
PT-2951,47,147.5,406,Saiyan,32.1,78,19,goku
PT-2952,85,138.1,505,Saiyan,47.08,127,97,dodoria
PT-2953,64,200.9,437,Saiyan,48.17,106,57,bardock
PT-2954,20,62.5,184,Human,29.65,47,79,piccolo
PT-2955,27,72.3,983,Majin,42.93,50,59,hercule
PT-2956,50,113.8,1795,Frieza,37.68,67,198,gohan (kid)
PT-2957,81,147.8,1063,Saiyan,49.94,64,75,krillin
PT-2958,72,267.9,945,Saiyan,60.32,56,142,bojack
PT-2959,74,134.3,564,Human,57.49,111,147,gohan (kid)
PT-2960,109,235.6,297,Saiyan,64.76,89,128,tien
PT-2961,45,134.9,515,Saiyan,25.51,99,63,turles
PT-2962,69,112.0,1743,Human,41.11,83,82,zarbon
PT-2963,76,114.5,399,Majin,41.97,124,84,cooler
PT-2964,55,202.7,375,Saiyan,42.29,99,114,hit
PT-2965,71,212.4,958,Human,44.33,121,45,dodoria
PT-2966,38,137.0,996,Human,48.02,41,50,tien
PT-2967,98,211.5,296,Namekian,46.63,125,87,cell
PT-2968,56,127.7,421,Saiyan,33.11,104,0,cell
PT-2969,111,274.4,365,Majin,66.36,57,142,piccolo
PT-2970,69,185.6,514,Majin,51.77,153,121,frieza
PT-2971,91,135.9,955,Saiyan,35.7,193,68,vegeta
PT-2972,69,198.1,304,Human,33.72,123,120,krillin
PT-2973,69,272.7,947,Human,45.49,117,15,gohan (kid)
PT-2974,58,125.4,524,Saiyan,54.05,100,72,whis
PT-2975,72,142.5,1990,Human,63.9,75,75,gohan (kid)
PT-2976,76,182.2,597,Saiyan,47.08,86,87,raditz
PT-2977,54,115.8,465,Majin,40.23,112,71,jaco
PT-2978,67,139.0,696,Saiyan,40.11,45,74,vegeta
PT-2979,58,160.2,403,Human,48.27,34,55,jaco
PT-2980,116,244.3,168,Saiyan,78.63,107,107,broly
PT-2981,68,168.6,427,Human,57.25,111,132,dodoria
PT-2982,101,294.9,423,Human,60.17,76,78,vegeta
PT-2983,66,140.4,190,Human,39.69,74,166,yamcha
PT-2984,75,93.4,472,Human,50.07,86,57,piccolo
PT-2985,44,50.2,143,Saiyan,48.65,25,70,raditz
PT-2986,61,115.6,400,Saiyan,41.2,0,96,dodoria
PT-2987,74,211.4,570,Majin,35.08,48,70,vegeta
PT-2988,102,315.5,522,Saiyan,57.92,122,157,gohan (adult) and videl
PT-2989,74,250.8,385,Majin,47.37,109,104,gohan (kid)
PT-2990,98,279.5,468,Human,44.63,128,90,zarbon
PT-2991,83,188.2,308,Namekian,55.06,121,143,yamcha
PT-2992,103,169.9,496,Saiyan,65.25,87,61,gohan (kid)
PT-2993,69,167.4,510,Human,62.48,52,56,hercule
PT-2994,118,264.6,287,Saiyan,56.54,139,135,cell
PT-2995,60,207.8,579,Frieza,49.84,70,104,vegeta
PT-2996,55,140.7,576,Human,49.73,110,81,cooler
PT-2997,46,72.3,446,Human,42.56,82,57,dodoria
PT-2998,117,253.4,2106,Majin,58.75,175,102,beerus
PT-2999,86,152.5,453,Saiyan,45.88,80,135,vegeta
PT-3000,63,203.0,417,Human,45.98,123,84,lord slug
