id_patrulheiro,nivel,tempo_jogo_horas,medalhas_pt,raca,quest_sucess,ki_maximo,stamina_maxima,mentor_atual
PT-0001,76,269.4,413,Saiyan,87.03,700,700,dodoria
PT-0002,49,156.0,326,Human,57.95,500,500,tien
PT-0003,85,258.4,840,Namekian,76.13,800,700,lord slug
PT-0004,89,277.8,210,Namekian,88.26,700,600,tien
PT-0005,31,99.1,271,Human,57.43,400,500,vegeta
PT-0006,44,95.4,405,Human,61.53,500,500,raditz
PT-0007,73,174.9,1298,Human,75.32,700,600,yamcha
PT-0008,64,156.5,928,Human,81.44,600,600,captain ginyu
PT-0009,70,125.6,184,Saiyan,70.54,700,600,lord slug
PT-0010,53,114.5,1109,Saiyan,70.77,600,500,dodoria
PT-0011,88,155.7,1107,Saiyan,82.17,700,700,gohan (adult) and videl
PT-0012,86,251.6,244,Majin,90.96,700,700,whis
PT-0013,71,189.8,109,Saiyan,85.18,700,600,gohan (adult) and videl
PT-0014,93,258.8,472,Saiyan,72.52,700,700,goku
PT-0015,79,178.4,966,Frieza,89.96,700,700,pan
PT-0016,53,59.6,1280,Majin,66.31,600,500,gotenks
PT-0017,77,203.7,292,Saiyan,82.69,700,600,gohan (kid)
PT-0018,51,104.9,1410,Saiyan,62.89,600,400,piccolo
PT-0019,88,306.4,129,Majin,88.17,800,700,lord slug
PT-0020,69,210.9,395,Saiyan,98.01,600,600,gotenks
PT-0021,66,235.7,384,Human,77.42,700,600,gohan (adult) and videl
PT-0022,56,227.4,984,Human,68.72,500,500,android 18
PT-0023,94,288.2,1074,Saiyan,85.74,700,700,gotenks
PT-0024,67,173.3,874,Majin,65.05,700,500,cell
PT-0025,61,70.2,219,Saiyan,85.99,600,600,android 16
PT-0026,63,111.4,827,Human,77.7,600,500,krillin
PT-0027,81,181.6,669,Saiyan,74.01,700,600,dodoria
PT-0028,77,157.1,181,Saiyan,72.67,800,600,krillin
PT-0029,78,129.8,143,Saiyan,81.32,700,600,tien
PT-0030,79,280.8,919,Namekian,89.06,700,600,frieza
PT-0031,113,191.9,442,Saiyan,85.99,900,700,krillin
PT-0032,62,230.6,228,Saiyan,83.71,600,500,whis
PT-0033,60,175.2,435,Saiyan,73.27,600,500,zarbon
PT-0034,54,129.2,613,Majin,64.16,600,600,cell
PT-0035,82,257.8,469,Saiyan,79.06,700,600,yamcha
PT-0036,93,200.1,194,Frieza,100.0,700,700,turles
PT-0037,68,218.5,1527,Human,66.09,500,500,dodoria
PT-0038,53,117.6,900,Human,65.34,500,600,frieza
PT-0039,54,170.3,403,Human,79.22,700,600,android 16
PT-0040,83,173.3,413,Saiyan,84.93,700,700,frieza
PT-0041,85,172.7,611,Frieza,77.67,800,700,frieza
PT-0042,81,259.6,250,Frieza,90.12,700,600,majin buu
PT-0043,57,166.9,598,Saiyan,80.9,600,600,gohan (adult) and videl
PT-0044,75,182.8,222,Human,82.65,700,700,gohan (kid)
PT-0045,72,196.1,472,Saiyan,73.9,700,500,whis
PT-0046,74,133.8,244,Human,75.93,700,600,nappa
PT-0047,87,267.2,252,Majin,87.08,800,600,gohan (kid)
PT-0048,74,151.1,1323,Frieza,69.1,700,600,gohan (kid)
PT-0049,84,165.9,511,Saiyan,94.22,700,600,nappa
PT-0050,71,121.1,558,Human,92.0,700,500,gohan (kid)
PT-0051,76,156.2,147,Majin,78.51,700,500,gotenks
PT-0052,83,158.5,344,Saiyan,86.05,800,500,frieza
PT-0053,41,87.5,650,Human,75.89,500,500,gohan (future)
PT-0054,64,142.9,554,Human,91.24,600,500,tien
PT-0055,61,111.9,135,Majin,86.86,600,500,android 18
PT-0056,57,157.8,558,Frieza,58.92,500,500,tien
PT-0057,64,75.3,614,Saiyan,73.08,600,600,dodoria
PT-0058,100,296.3,1064,Saiyan,94.01,800,600,vegeta
PT-0059,53,177.1,333,Saiyan,67.25,600,500,cell
PT-0060,89,202.2,128,Saiyan,99.86,800,700,majin buu
PT-0061,36,121.6,271,Human,77.44,500,400,raditz
PT-0062,63,99.5,255,Namekian,68.67,600,500,piccolo
PT-0063,73,83.9,767,Saiyan,77.9,600,700,zarbon
PT-0064,82,255.1,97,Human,76.8,700,700,raditz
PT-0065,84,257.5,377,Saiyan,82.04,700,600,android 16
PT-0066,86,269.3,1159,Saiyan,82.6,700,600,captain ginyu
PT-0067,63,87.2,495,Namekian,82.83,700,500,gotenks
PT-0068,61,164.2,844,Human,67.29,500,600,bardock
PT-0069,87,199.4,184,Saiyan,63.87,800,600,vegeta
PT-0070,66,163.2,188,Frieza,63.56,600,600,whis
PT-0071,44,84.3,1167,Human,59.37,600,600,hercule
PT-0072,47,143.4,524,Saiyan,63.55,600,400,yamcha
PT-0073,52,88.0,524,Human,72.3,600,500,gotenks
PT-0074,80,251.5,252,Human,73.36,800,700,dodoria
PT-0075,73,215.8,523,Saiyan,69.51,600,600,cell
PT-0076,84,258.6,248,Namekian,76.16,700,700,cell
PT-0077,61,133.5,1004,Human,65.47,600,600,broly
PT-0078,73,243.0,2532,Human,74.76,600,700,majin buu
PT-0079,83,140.0,659,Namekian,78.42,700,700,gotenks
PT-0080,64,74.8,337,Human,81.11,700,600,nappa
PT-0081,79,210.2,108,Saiyan,73.68,700,500,gohan (future)
PT-0082,57,132.0,179,Saiyan,69.94,700,500,android 16
PT-0083,63,85.5,1253,Saiyan,70.84,700,700,hercule
PT-0084,62,126.6,266,Saiyan,81.27,800,500,turles
PT-0085,46,111.0,394,Saiyan,67.17,600,500,yamcha
PT-0086,80,131.9,730,Human,90.41,800,500,nappa
PT-0087,61,85.4,1199,Saiyan,65.18,600,500,gotenks
PT-0088,70,218.6,437,Saiyan,77.61,700,600,whis
PT-0089,80,185.3,387,Human,77.39,700,600,majin buu
PT-0090,79,251.0,514,Saiyan,71.79,700,600,dodoria
PT-0091,83,300.6,338,Human,82.66,700,600,raditz
PT-0092,68,118.9,349,Human,91.06,700,500,captain ginyu
PT-0093,62,180.2,631,Saiyan,67.98,600,600,vegeta
PT-0094,68,158.1,551,Saiyan,76.18,600,600,broly
PT-0095,36,101.5,1770,Human,53.9,500,400,frieza
PT-0096,41,78.6,641,Saiyan,54.73,500,500,vegeta
PT-0097,44,62.5,983,Human,61.3,500,500,captain ginyu
PT-0098,50,90.1,259,Majin,66.4,500,500,pan
PT-0099,78,212.6,675,Human,77.96,700,600,android 18
PT-0100,52,170.9,319,Saiyan,68.99,600,500,raditz
PT-0101,62,189.1,625,Frieza,61.61,600,500,captain ginyu
PT-0102,96,247.4,745,Saiyan,83.39,800,700,dodoria
PT-0103,63,223.8,508,Namekian,79.21,600,600,gohan (kid)
PT-0104,85,267.1,2089,Majin,73.13,700,700,lord slug
PT-0105,51,102.2,1161,Saiyan,67.56,600,500,raditz
PT-0106,66,219.3,999,Saiyan,78.74,600,500,dodoria
PT-0107,51,109.2,779,Saiyan,64.14,600,500,zarbon
PT-0108,63,85.5,1419,Frieza,77.93,700,600,dodoria
PT-0109,87,214.2,208,Saiyan,72.63,800,600,frieza
PT-0110,35,126.2,1121,Namekian,71.11,400,400,cell
PT-0111,79,147.0,272,Human,84.53,600,600,yamcha
PT-0112,75,197.6,351,Human,80.45,600,700,gohan (kid)
PT-0113,58,139.2,690,Human,82.2,700,400,hercule
PT-0114,41,65.3,1033,Saiyan,63.77,500,500,whis
PT-0115,71,97.8,247,Saiyan,73.46,600,600,krillin
PT-0116,59,154.1,362,Frieza,84.58,500,500,tien
PT-0117,75,253.8,522,Saiyan,94.73,600,600,pan
PT-0118,70,124.2,441,Frieza,72.45,600,600,yamcha
PT-0119,102,225.0,823,Frieza,89.89,900,700,bardock
PT-0120,65,114.8,3872,Saiyan,84.36,700,600,gotenks
PT-0121,50,90.1,634,Human,69.37,500,400,yamcha
PT-0122,74,190.5,317,Saiyan,84.36,700,500,tien
PT-0123,74,203.6,226,Human,85.84,700,700,bardock
PT-0124,97,265.2,405,Frieza,84.3,700,700,raditz
PT-0125,87,180.1,280,Namekian,88.15,700,700,frieza
PT-0126,77,230.8,652,Frieza,80.75,700,600,raditz
PT-0127,99,165.7,646,Saiyan,79.87,800,700,cooler
PT-0128,46,92.9,373,Human,60.48,400,500,gotenks
PT-0129,57,183.7,1621,Saiyan,67.58,600,500,android 16
PT-0130,51,138.4,317,Namekian,77.83,600,500,krillin
PT-0131,62,203.9,459,Saiyan,82.49,700,500,cooler
PT-0132,42,156.5,723,Saiyan,72.8,500,500,android 16
PT-0133,83,224.5,842,Saiyan,86.72,700,600,piccolo
PT-0134,66,208.5,1061,Saiyan,79.7,600,600,majin buu
PT-0135,41,98.0,637,Saiyan,68.62,500,500,android 18
PT-0136,50,82.8,926,Saiyan,73.26,600,500,krillin
PT-0137,76,148.2,331,Namekian,84.2,700,600,jaco
PT-0138,87,154.9,855,Majin,73.56,700,700,zarbon
PT-0139,110,195.6,848,Saiyan,87.68,900,700,raditz
PT-0140,128,292.8,1221,Majin,92.97,900,700,tien
PT-0141,78,209.1,181,Saiyan,90.06,700,600,vegeta
PT-0142,50,139.6,286,Majin,83.23,600,500,gohan (kid)
PT-0143,27,56.1,807,Saiyan,43.45,400,400,gohan (kid)
PT-0144,75,114.5,100,Human,92.52,700,600,hercule
PT-0145,54,173.7,662,Saiyan,72.29,500,500,android 18
PT-0146,62,141.3,931,Saiyan,82.9,600,500,yamcha
PT-0147,58,89.7,349,Human,77.25,600,600,cell
PT-0148,67,99.2,381,Majin,88.32,600,500,lord slug
PT-0149,91,227.5,259,Majin,88.08,700,700,captain ginyu
PT-0150,73,136.1,360,Saiyan,68.29,700,500,zamasu
PT-0151,67,240.1,367,Human,75.95,700,600,gohan (kid)
PT-0152,49,126.2,327,Majin,73.73,600,500,tien
PT-0153,37,94.8,317,Saiyan,63.07,500,500,krillin
PT-0154,60,73.6,419,Saiyan,79.26,500,500,nappa
PT-0155,69,220.4,416,Saiyan,77.07,600,600,captain ginyu
PT-0156,105,283.2,1517,Saiyan,87.24,800,700,tien
PT-0157,73,121.9,389,Saiyan,70.51,600,500,frieza
PT-0158,90,231.1,606,Saiyan,82.87,800,700,beerus
PT-0159,60,159.7,349,Human,75.64,600,500,hercule
PT-0160,46,120.1,346,Human,52.72,600,400,android 16
PT-0161,51,115.1,177,Majin,64.16,500,500,android 16
PT-0162,55,129.2,192,Human,56.03,500,500,lord slug
PT-0163,113,195.4,239,Saiyan,90.26,900,800,dodoria
PT-0164,54,79.4,550,Frieza,81.18,600,600,vegeta
PT-0165,87,148.5,940,Majin,75.31,800,600,gohan (kid)
PT-0166,52,169.4,931,Human,76.43,600,500,tien
PT-0167,89,191.2,354,Saiyan,100.0,700,600,frieza
PT-0168,78,187.7,217,Human,92.83,700,600,dodoria
PT-0169,67,158.5,420,Human,77.87,600,600,yamcha
PT-0170,69,214.8,940,Human,84.47,700,600,raditz
PT-0171,57,164.7,377,Majin,61.84,700,500,hercule
PT-0172,79,263.1,479,Frieza,69.01,700,600,raditz
PT-0173,61,123.2,1180,Frieza,74.63,600,600,zarbon
PT-0174,45,67.2,649,Human,71.19,500,500,yamcha
PT-0175,44,106.5,312,Frieza,76.36,600,500,piccolo
PT-0176,73,186.1,542,Frieza,74.65,700,600,majin buu
PT-0177,102,321.2,300,Saiyan,92.35,700,700,tien
PT-0178,73,240.5,634,Human,80.47,600,700,gohan (kid)
PT-0179,68,162.3,671,Saiyan,76.15,600,600,bardock
PT-0180,76,298.3,217,Saiyan,79.82,700,700,dodoria
PT-0181,96,269.8,547,Saiyan,81.56,800,700,cooler
PT-0182,74,140.3,459,Human,81.84,700,500,android 18
PT-0183,62,149.5,683,Saiyan,76.36,600,500,piccolo
PT-0184,92,141.7,811,Saiyan,83.28,800,700,vegeta
PT-0185,79,247.7,656,Saiyan,86.93,700,700,vegeta
PT-0186,101,161.5,411,Human,98.62,800,600,raditz
PT-0187,74,163.3,7994,Namekian,85.02,700,600,raditz
PT-0188,46,142.8,292,Frieza,60.06,400,500,cooler
PT-0189,43,48.5,223,Saiyan,68.0,500,500,tien
PT-0190,103,153.9,72,Saiyan,83.91,800,700,yamcha
PT-0191,104,293.5,472,Namekian,92.37,900,700,frieza
PT-0192,66,101.9,301,Saiyan,69.14,500,600,zarbon
PT-0193,62,182.1,626,Frieza,85.02,600,600,android 18
PT-0194,99,230.6,151,Majin,95.87,800,700,krillin
PT-0195,48,108.1,334,Human,78.42,600,500,cell
PT-0196,52,93.7,653,Saiyan,79.21,600,600,turles
PT-0197,83,246.9,266,Saiyan,81.04,800,600,captain ginyu
PT-0198,62,189.2,630,Human,71.4,600,600,gotenks
PT-0199,70,136.4,353,Saiyan,91.93,700,600,vegeta
PT-0200,67,236.5,483,Namekian,75.48,600,600,tien
PT-0201,77,226.4,704,Human,69.96,700,600,vegeta
PT-0202,98,269.6,873,Saiyan,97.26,800,600,zarbon
PT-0203,72,208.1,521,Saiyan,79.95,700,500,turles
PT-0204,83,243.9,302,Human,95.25,700,600,nappa
PT-0205,29,104.4,374,Saiyan,63.54,500,400,gohan (kid)
PT-0206,69,148.2,722,Human,77.44,700,600,broly
PT-0207,53,147.1,267,Human,83.41,600,500,raditz
PT-0208,46,98.5,443,Majin,56.09,600,500,android 18
PT-0209,52,73.1,391,Saiyan,66.12,600,400,nappa
PT-0210,63,147.0,463,Saiyan,68.1,600,600,jaco
PT-0211,88,135.9,2286,Namekian,67.64,800,700,piccolo
PT-0212,43,109.9,162,Human,74.19,500,500,lord slug
PT-0213,71,145.0,673,Majin,73.94,700,600,frieza
PT-0214,60,118.2,879,Human,81.24,700,500,bardock
PT-0215,63,204.4,168,Namekian,78.31,500,600,bojack
PT-0216,90,247.5,615,Saiyan,90.86,800,700,hercule
PT-0217,81,204.0,944,Saiyan,78.76,800,700,tien
PT-0218,97,156.2,705,Majin,82.69,800,600,dodoria
PT-0219,67,150.9,384,Saiyan,77.52,700,600,turles
PT-0220,56,113.3,280,Majin,79.75,600,500,android 18
PT-0221,66,163.2,517,Saiyan,76.0,600,500,broly
PT-0222,75,218.7,572,Saiyan,74.38,700,700,gohan (adult) and videl
PT-0223,74,174.1,522,Saiyan,70.01,700,600,gohan (kid)
PT-0224,48,106.7,442,Namekian,70.83,600,400,piccolo
PT-0225,72,229.4,257,Majin,74.37,700,600,nappa
PT-0226,75,222.9,635,Saiyan,79.43,700,600,cell
PT-0227,120,325.7,654,Saiyan,96.09,900,700,dodoria
PT-0228,108,296.9,556,Saiyan,89.64,800,700,krillin
PT-0229,53,57.4,527,Saiyan,73.55,600,400,lord slug
PT-0230,64,211.3,1350,Majin,80.04,700,500,krillin
PT-0231,41,72.2,339,Saiyan,82.12,500,500,vegeta
PT-0232,58,131.5,1063,Saiyan,79.26,700,600,dodoria
PT-0233,76,270.2,317,Saiyan,93.15,600,600,captain ginyu
PT-0234,94,266.6,959,Human,81.05,800,600,yamcha
PT-0235,55,88.8,1033,Human,59.19,500,500,majin buu
PT-0236,57,85.4,413,Human,72.68,700,500,turles
PT-0237,27,66.1,1335,Human,67.66,500,400,cell
PT-0238,67,189.1,653,Frieza,82.41,600,500,jaco
PT-0239,49,90.6,291,Human,79.29,600,500,raditz
PT-0240,59,158.6,394,Namekian,53.31,700,600,yamcha
PT-0241,52,174.4,972,Human,80.82,600,500,tien
PT-0242,68,207.5,857,Saiyan,79.88,600,500,lord slug
PT-0243,35,115.6,261,Majin,51.65,500,400,yamcha
PT-0244,41,57.7,453,Human,72.19,500,400,pan
PT-0245,113,179.3,557,Human,96.56,900,700,cooler
PT-0246,44,112.9,363,Saiyan,70.65,600,500,gohan (adult) and videl
PT-0247,48,107.4,2028,Saiyan,77.19,500,500,zarbon
PT-0248,107,182.5,567,Namekian,96.24,900,600,lord slug
PT-0249,128,260.2,475,Saiyan,89.42,1000,800,zarbon
PT-0250,47,72.2,1007,Saiyan,67.66,500,500,frieza
PT-0251,63,110.1,396,Saiyan,62.26,600,600,hercule
PT-0252,77,208.2,902,Human,85.99,800,600,raditz
PT-0253,105,326.3,181,Namekian,100.0,900,700,broly
PT-0254,50,148.1,375,Human,60.07,600,500,lord slug
PT-0255,65,178.5,925,Frieza,70.63,700,500,majin buu
PT-0256,86,193.2,1264,Human,77.34,700,700,raditz
PT-0257,79,267.8,310,Saiyan,77.97,600,500,tien
PT-0258,62,134.0,289,Saiyan,78.1,700,500,tien
PT-0259,67,133.8,693,Saiyan,73.26,600,600,android 18
PT-0260,43,146.7,339,Majin,72.42,600,500,yamcha
PT-0261,65,159.0,419,Saiyan,84.52,600,600,nenhum
PT-0262,65,97.5,834,Saiyan,84.81,600,600,goku
PT-0263,75,146.3,356,Namekian,71.05,600,500,krillin
PT-0264,59,144.6,152,Human,84.69,600,500,lord slug
PT-0265,79,154.1,226,Saiyan,93.33,700,600,raditz
PT-0266,90,226.1,496,Majin,98.42,700,800,nappa
PT-0267,73,231.6,161,Human,77.94,600,600,raditz
PT-0268,77,158.4,412,Namekian,74.79,600,600,gotenks
PT-0269,71,193.2,214,Human,70.53,600,600,beerus
PT-0270,70,160.9,1318,Saiyan,69.19,700,600,krillin
PT-0271,56,164.8,1806,Saiyan,72.49,600,500,gohan (kid)
PT-0272,76,140.0,261,Saiyan,87.18,600,500,zarbon
PT-0273,68,138.4,575,Majin,87.65,700,400,captain ginyu
PT-0274,112,268.2,277,Human,90.92,800,800,tien
PT-0275,101,289.4,409,Majin,90.09,800,700,gotenks
PT-0276,78,238.2,1454,Human,80.37,700,500,pan
PT-0277,55,146.4,372,Saiyan,66.92,600,500,vegeta
PT-0278,48,121.8,415,Saiyan,75.09,500,500,turles
PT-0279,94,236.0,280,Saiyan,90.5,900,700,android 16
PT-0280,75,105.8,980,Saiyan,81.13,600,700,cooler
PT-0281,80,154.0,70,Human,84.87,700,600,gohan (adult) and videl
PT-0282,35,45.9,378,Frieza,68.92,500,400,dodoria
PT-0283,89,182.7,479,Saiyan,90.44,700,600,frieza
PT-0284,79,215.0,331,Human,74.89,600,700,gohan (kid)
PT-0285,48,121.1,827,Saiyan,76.37,500,400,cell
PT-0286,61,163.0,1014,Majin,76.44,600,600,yamcha
PT-0287,75,196.0,211,Saiyan,76.52,700,600,raditz
PT-0288,71,198.4,1730,Human,80.27,600,600,dodoria
PT-0289,64,181.2,210,Saiyan,78.36,700,600,vegeta
PT-0290,68,135.3,1068,Saiyan,85.85,600,600,raditz
PT-0291,65,156.1,539,Human,67.63,600,400,piccolo
PT-0292,73,184.5,364,Saiyan,89.8,600,700,turles
PT-0293,99,288.9,385,Human,89.79,800,700,cooler
PT-0294,19,35.7,483,Saiyan,53.55,400,400,vegeta
PT-0295,65,140.7,558,Frieza,71.71,700,500,gotenks
PT-0296,74,225.1,284,Saiyan,71.59,600,500,gotenks
PT-0297,76,212.8,428,Human,66.47,700,700,tien
PT-0298,63,107.0,310,Namekian,80.62,600,500,frieza
PT-0299,35,82.9,238,Human,79.85,500,400,gohan (kid)
PT-0300,77,266.4,302,Saiyan,67.86,800,600,frieza
PT-0301,105,155.2,247,Human,84.4,800,800,lord slug
PT-0302,39,123.3,383,Saiyan,71.61,400,500,krillin
PT-0303,87,159.0,639,Human,84.43,700,700,captain ginyu
PT-0304,63,171.4,530,Saiyan,81.88,500,500,gohan (kid)
PT-0305,69,160.6,1611,Majin,76.79,600,600,captain ginyu
PT-0306,49,101.6,131,Namekian,64.95,600,500,tien
PT-0307,63,207.5,653,Saiyan,73.39,500,500,gohan (adult) and videl
PT-0308,96,227.8,495,Saiyan,69.34,800,800,frieza
PT-0309,82,276.9,804,Saiyan,73.65,700,500,piccolo
PT-0310,105,198.0,757,Human,99.59,800,800,majin buu
PT-0311,94,288.3,446,Saiyan,97.14,800,600,krillin
PT-0312,79,256.3,547,Human,92.85,600,700,cooler
PT-0313,105,291.5,315,Human,95.53,900,700,captain ginyu
PT-0314,79,150.0,712,Frieza,63.55,700,600,krillin
PT-0315,87,242.5,160,Saiyan,79.72,700,700,raditz
PT-0316,64,184.7,785,Saiyan,86.2,600,600,tien
PT-0317,71,263.9,486,Saiyan,91.38,700,600,lord slug
PT-0318,56,152.0,368,Human,83.3,600,600,cell
PT-0319,90,170.5,429,Saiyan,84.11,600,600,tien
PT-0320,46,74.3,448,Saiyan,57.95,500,300,tien
PT-0321,86,276.4,1073,Saiyan,84.07,600,600,broly
PT-0322,66,231.2,3429,Majin,76.52,600,500,piccolo
PT-0323,93,140.8,1024,Frieza,99.72,800,700,gohan (kid)
PT-0324,85,264.2,351,Saiyan,85.82,700,600,cell
PT-0325,106,370.6,719,Saiyan,92.53,900,800,tien
PT-0326,85,131.6,738,Saiyan,84.59,800,600,jaco
PT-0327,39,70.4,283,Saiyan,68.8,500,500,krillin
PT-0328,69,212.9,231,Frieza,82.61,600,600,turles
PT-0329,47,114.0,474,Human,63.0,500,500,nappa
PT-0330,60,98.4,800,Human,65.54,500,600,yamcha
PT-0331,100,300.2,187,Frieza,100.0,800,700,vegeta
PT-0332,83,196.6,320,Human,70.07,800,600,gohan (future)
PT-0333,56,177.2,695,Saiyan,85.5,500,500,captain ginyu
PT-0334,50,170.0,505,Human,54.71,500,500,tien
PT-0335,71,217.0,1153,Saiyan,73.72,600,600,jaco
PT-0336,46,106.7,211,Saiyan,76.17,600,500,yamcha
PT-0337,57,115.0,2021,Frieza,72.8,600,400,krillin
PT-0338,76,173.7,196,Saiyan,69.87,700,600,krillin
PT-0339,93,164.7,146,Human,90.61,700,600,gotenks
PT-0340,82,248.0,476,Saiyan,83.34,700,700,yamcha
PT-0341,24,41.2,249,Saiyan,57.87,400,400,piccolo
PT-0342,76,188.7,481,Human,75.41,600,600,jaco
PT-0343,71,119.8,471,Majin,78.12,700,500,cooler
PT-0344,78,133.3,438,Human,76.54,700,600,gohan (kid)
PT-0345,102,208.4,297,Saiyan,100.0,900,700,cooler
PT-0346,29,126.0,639,Saiyan,59.68,400,500,raditz
PT-0347,58,176.4,407,Human,70.21,600,600,dodoria
PT-0348,82,130.6,955,Human,78.47,700,700,nappa
PT-0349,38,132.8,442,Majin,79.42,600,500,android 18
PT-0350,100,346.8,276,Human,76.89,800,800,majin buu
PT-0351,77,182.8,179,Namekian,83.68,700,600,nappa
PT-0352,87,212.8,444,Majin,82.89,700,600,yamcha
PT-0353,59,144.5,230,Saiyan,62.21,600,500,nappa
PT-0354,86,194.1,219,Human,77.85,700,600,majin buu
PT-0355,91,242.1,676,Majin,88.94,800,700,hercule
PT-0356,75,108.1,170,Frieza,73.08,600,600,hercule
PT-0357,75,248.5,1150,Saiyan,82.08,700,500,gohan (future)
PT-0358,75,231.9,542,Human,93.83,700,600,gotenks
PT-0359,53,185.1,480,Saiyan,72.56,600,500,gohan (future)
PT-0360,67,161.5,265,Majin,65.17,500,600,android 18
PT-0361,67,176.3,779,Frieza,70.03,600,600,raditz
PT-0362,78,257.7,492,Frieza,78.92,600,600,cooler
PT-0363,90,171.4,326,Saiyan,83.18,800,600,piccolo
PT-0364,49,103.2,556,Saiyan,70.82,500,500,tien
PT-0365,67,177.4,180,Majin,79.3,600,600,gohan (kid)
PT-0366,100,207.4,185,Human,100.0,700,700,nappa
PT-0367,55,100.8,252,Frieza,71.97,600,500,cell
PT-0368,54,53.7,608,Saiyan,62.38,500,500,nappa
PT-0369,74,180.5,492,Namekian,88.83,700,600,krillin
PT-0370,87,178.1,925,Human,94.9,800,700,whis
PT-0371,70,146.0,284,Saiyan,79.86,700,600,cooler
PT-0372,97,144.9,696,Saiyan,86.83,800,700,piccolo
PT-0373,87,217.5,460,Majin,89.78,600,600,raditz
PT-0374,87,272.7,280,Saiyan,83.11,700,600,yamcha
PT-0375,81,172.5,621,Majin,65.95,700,600,beerus
PT-0376,117,318.2,474,Human,100.0,900,800,raditz
PT-0377,66,213.7,338,Human,83.54,700,600,jaco
PT-0378,30,96.1,505,Saiyan,73.53,500,400,raditz
PT-0379,102,294.2,456,Frieza,84.95,900,700,gohan (adult) and videl
PT-0380,61,170.7,449,Majin,76.21,600,500,krillin
PT-0381,72,207.5,385,Majin,80.78,600,700,dodoria
PT-0382,96,122.5,225,Majin,89.08,800,700,vegeta
PT-0383,38,68.2,515,Human,66.12,500,400,nappa
PT-0384,45,175.0,304,Frieza,68.3,500,400,bojack
PT-0385,38,117.6,267,Human,66.89,600,400,lord slug
PT-0386,54,190.5,426,Human,77.53,600,600,raditz
PT-0387,79,287.5,765,Saiyan,91.36,700,600,majin buu
PT-0388,80,152.5,551,Saiyan,75.95,700,700,yamcha
PT-0389,76,233.4,358,Majin,79.02,700,600,pan
PT-0390,42,92.9,350,Saiyan,63.42,500,500,zarbon
PT-0391,24,60.1,722,Majin,55.07,400,400,piccolo
PT-0392,71,122.1,117,Frieza,65.47,700,500,gohan (kid)
PT-0393,61,106.1,795,Saiyan,74.59,600,500,yamcha
PT-0394,79,233.4,160,Saiyan,85.43,700,600,pan
PT-0395,84,260.8,211,Human,82.36,800,600,gohan (kid)
PT-0396,73,192.4,362,Saiyan,79.13,700,600,yamcha
PT-0397,85,182.9,1812,Majin,87.35,800,700,gohan (adult) and videl
PT-0398,75,197.5,1348,Human,91.29,600,500,piccolo
PT-0399,81,276.3,753,Human,79.04,800,600,tien
PT-0400,56,126.7,610,Human,63.03,500,500,android 16
PT-0401,66,173.3,161,Human,75.68,600,500,krillin
PT-0402,74,196.3,541,Saiyan,94.67,600,600,gotenks
PT-0403,86,221.0,354,Saiyan,75.11,700,600,frieza
PT-0404,62,164.0,302,Saiyan,80.0,600,400,raditz
PT-0405,80,185.4,541,Namekian,91.26,700,600,dodoria
PT-0406,65,178.2,371,Saiyan,57.08,600,500,raditz
PT-0407,68,201.3,830,Saiyan,80.48,600,600,captain ginyu
PT-0408,87,265.2,154,Saiyan,89.63,700,700,frieza
PT-0409,30,84.5,515,Saiyan,59.86,500,300,hercule
PT-0410,44,84.5,291,Saiyan,62.43,500,400,dodoria
PT-0411,40,135.3,385,Majin,61.27,500,500,hercule
PT-0412,23,73.5,592,Saiyan,56.57,500,300,tien
PT-0413,56,143.4,252,Human,69.98,600,600,whis
PT-0414,85,233.8,544,Saiyan,80.07,700,700,piccolo
PT-0415,64,201.3,434,Human,72.84,700,500,gotenks
PT-0416,74,199.0,332,Saiyan,89.13,600,600,dodoria
PT-0417,92,260.5,372,Majin,77.08,700,600,tien
PT-0418,97,203.8,449,Frieza,74.81,800,700,nappa
PT-0419,69,177.6,311,Saiyan,87.25,600,700,whis
PT-0420,97,256.1,495,Frieza,87.26,900,800,gotenks
PT-0421,72,118.0,417,Saiyan,75.69,600,600,lord slug
PT-0422,53,170.4,341,Human,70.31,500,500,vegeta
PT-0423,58,163.5,1279,Majin,74.87,500,600,cooler
PT-0424,40,58.1,632,Saiyan,61.81,600,500,raditz
PT-0425,52,194.0,392,Saiyan,74.85,500,500,android 16
PT-0426,63,176.2,538,Saiyan,67.5,600,600,raditz
PT-0427,86,282.8,266,Human,81.99,600,600,gotenks
PT-0428,104,234.7,379,Saiyan,73.88,800,800,cell
PT-0429,42,146.9,407,Namekian,76.18,600,500,vegeta
PT-0430,78,192.6,233,Saiyan,79.79,700,600,android 16
PT-0431,49,146.6,622,Frieza,74.96,500,400,nappa
PT-0432,79,106.0,364,Saiyan,85.41,600,500,yamcha
PT-0433,67,203.0,398,Human,81.2,600,600,raditz
PT-0434,33,124.6,350,Saiyan,63.14,500,400,gohan (kid)
PT-0435,89,230.6,2909,Saiyan,88.71,700,700,raditz
PT-0436,58,145.1,331,Saiyan,65.51,600,500,android 16
PT-0437,59,176.2,142,Human,64.23,600,500,lord slug
PT-0438,49,135.1,189,Saiyan,68.79,500,500,dodoria
PT-0439,57,142.9,777,Human,67.36,600,500,hit
PT-0440,79,255.0,1099,Frieza,93.0,700,600,beerus
PT-0441,66,178.2,327,Saiyan,79.4,700,600,tien
PT-0442,77,291.8,1061,Saiyan,75.07,800,600,dodoria
PT-0443,77,274.4,769,Saiyan,78.63,600,600,whis
PT-0444,96,352.2,440,Saiyan,89.46,800,700,raditz
PT-0445,63,182.9,421,Human,74.66,700,600,vegeta
PT-0446,40,110.6,549,Majin,68.17,500,500,jaco
PT-0447,91,157.9,834,Saiyan,86.95,700,600,hercule
PT-0448,63,165.1,625,Saiyan,64.07,600,600,gotenks
PT-0449,92,252.2,328,Human,69.59,800,700,broly
PT-0450,78,208.5,444,Saiyan,78.21,700,700,piccolo
PT-0451,67,221.7,1618,Human,81.28,600,600,cell
PT-0452,77,131.5,573,Frieza,77.9,700,700,gohan (adult) and videl
PT-0453,109,240.7,830,Saiyan,100.0,800,800,raditz
PT-0454,112,267.9,681,Human,94.42,800,800,krillin
PT-0455,71,178.8,581,Majin,89.26,700,600,piccolo
PT-0456,73,107.8,526,Human,88.42,700,500,lord slug
PT-0457,92,173.9,844,Majin,95.21,700,700,cell
PT-0458,53,199.4,758,Majin,61.57,600,500,beerus
PT-0459,77,212.4,577,Human,80.94,800,600,gohan (kid)
PT-0460,69,87.6,325,Human,87.38,600,500,android 18
PT-0461,76,108.5,621,Majin,82.58,600,600,krillin
PT-0462,53,136.0,473,Human,75.63,600,500,pan
PT-0463,38,68.4,410,Human,54.1,600,400,frieza
PT-0464,29,63.4,2458,Saiyan,76.95,400,400,majin buu
PT-0465,48,154.1,196,Namekian,62.87,500,500,gohan (kid)
PT-0466,61,119.2,876,Saiyan,58.44,700,600,tien
PT-0467,64,200.5,294,Saiyan,72.79,600,600,tien
PT-0468,109,193.4,533,Saiyan,74.02,800,700,gohan (adult) and videl
PT-0469,92,211.4,2301,Saiyan,78.12,800,700,yamcha
PT-0470,51,148.2,277,Human,90.87,500,500,gotenks
PT-0471,77,183.9,319,Saiyan,77.76,600,600,raditz
PT-0472,62,213.7,488,Human,63.38,500,600,frieza
PT-0473,64,141.1,296,Human,75.8,700,600,raditz
PT-0474,74,145.5,838,Saiyan,72.42,600,500,krillin
PT-0475,82,200.6,358,Saiyan,89.72,700,600,frieza
PT-0476,63,134.3,730,Human,68.08,600,600,vegeta
PT-0477,91,315.4,222,Majin,88.57,800,700,zarbon
PT-0478,47,93.8,167,Saiyan,59.62,500,400,cooler
PT-0479,70,217.8,429,Saiyan,98.79,700,600,gohan (kid)
PT-0480,122,390.0,192,Saiyan,100.0,900,800,frieza
PT-0481,74,175.9,1225,Saiyan,78.44,600,700,android 16
PT-0482,99,206.9,197,Saiyan,87.26,800,700,tien
PT-0483,72,209.1,264,Frieza,74.37,700,500,nappa
PT-0484,82,172.1,632,Saiyan,76.71,700,500,tien
PT-0485,69,198.7,347,Saiyan,71.29,700,600,krillin
PT-0486,67,162.5,198,Namekian,90.23,700,600,krillin
PT-0487,54,157.0,1676,Human,67.18,600,500,cooler
PT-0488,79,201.7,270,Saiyan,64.56,700,600,tien
PT-0489,53,154.4,5163,Human,61.87,500,500,turles
PT-0490,83,240.4,435,Frieza,90.62,700,700,majin buu
PT-0491,92,259.1,755,Saiyan,84.78,700,700,krillin
PT-0492,77,253.4,650,Saiyan,79.73,600,500,frieza
PT-0493,64,119.1,300,Namekian,84.96,600,500,krillin
PT-0494,79,281.9,405,Majin,75.38,700,700,tien
PT-0495,64,159.9,430,Frieza,80.66,700,600,hit
PT-0496,89,289.8,772,Saiyan,80.26,800,600,dodoria
PT-0497,33,80.6,244,Frieza,67.81,600,400,krillin
PT-0498,63,222.3,1654,Saiyan,72.07,700,600,turles
PT-0499,30,77.9,312,Majin,60.07,500,400,whis
PT-0500,40,104.0,490,Namekian,72.56,500,400,frieza
PT-0501,97,191.4,246,Saiyan,94.78,700,700,cell
PT-0502,88,182.1,226,Saiyan,83.88,700,600,hercule
PT-0503,56,120.4,292,Human,68.63,600,600,lord slug
PT-0504,40,88.7,275,Namekian,78.79,500,600,dodoria
PT-0505,11,22.0,384,Saiyan,59.11,300,300,gotenks
PT-0506,59,208.3,274,Namekian,70.47,600,500,captain ginyu
PT-0507,118,242.7,748,Saiyan,91.98,800,800,raditz
PT-0508,79,239.3,308,Saiyan,89.8,600,700,krillin
PT-0509,59,110.7,288,Saiyan,74.52,500,500,nappa
PT-0510,79,255.9,389,Frieza,80.29,700,700,tien
PT-0511,39,132.0,894,Saiyan,66.52,400,400,tien
PT-0512,64,168.7,561,Human,78.3,600,600,dodoria
PT-0513,72,221.2,464,Saiyan,78.35,700,500,jaco
PT-0514,68,229.0,209,Frieza,86.83,700,600,tien
PT-0515,86,285.3,248,Majin,94.47,700,600,gohan (kid)
PT-0516,77,174.3,229,Saiyan,85.06,600,600,gotenks
PT-0517,83,205.4,1079,Saiyan,94.2,700,700,vegeta
PT-0518,56,197.1,677,Saiyan,72.47,600,500,majin buu
PT-0519,88,207.8,294,Saiyan,90.72,800,600,frieza
PT-0520,103,320.0,351,Majin,99.24,800,700,cooler
PT-0521,51,103.2,300,Human,78.55,600,500,yamcha
PT-0522,52,183.8,290,Saiyan,78.13,600,500,nappa
PT-0523,97,174.3,649,Majin,93.85,800,700,android 18
PT-0524,66,109.6,415,Human,92.06,700,600,krillin
PT-0525,98,337.7,1718,Saiyan,84.88,800,700,piccolo
PT-0526,61,202.5,1043,Saiyan,73.16,700,500,vegeta
PT-0527,99,323.0,1081,Saiyan,87.88,800,700,android 16
PT-0528,73,238.4,737,Human,76.26,600,500,captain ginyu
PT-0529,75,180.2,382,Saiyan,64.09,600,600,lord slug
PT-0530,101,213.4,705,Human,100.0,700,700,lord slug
PT-0531,63,105.3,400,Saiyan,66.99,500,500,krillin
PT-0532,51,141.2,1311,Human,71.76,600,500,beerus
PT-0533,61,137.7,628,Saiyan,63.03,700,500,gotenks
PT-0534,79,280.9,577,Human,86.57,700,600,gohan (kid)
PT-0535,39,54.7,532,Saiyan,59.32,500,400,dodoria
PT-0536,83,159.6,1400,Saiyan,74.11,800,700,gohan (kid)
PT-0537,59,118.8,208,Saiyan,75.15,600,500,beerus
PT-0538,93,158.0,1485,Human,81.59,800,600,vegeta
PT-0539,22,53.0,441,Majin,54.21,400,300,vegeta
PT-0540,54,154.0,212,Saiyan,72.97,600,500,whis
PT-0541,36,116.5,314,Majin,70.8,500,500,cooler
PT-0542,53,166.6,183,Human,64.65,600,500,yamcha
PT-0543,75,256.7,729,Human,72.07,700,600,android 18
PT-0544,66,182.3,264,Human,76.59,600,600,hercule
PT-0545,65,190.2,545,Saiyan,80.31,500,600,nappa
PT-0546,67,134.4,973,Majin,88.5,700,600,captain ginyu
PT-0547,74,108.6,329,Majin,71.03,600,600,android 18
PT-0548,50,94.0,420,Majin,67.46,600,500,captain ginyu
PT-0549,84,287.3,225,Saiyan,93.01,800,600,nenhum
PT-0550,83,196.1,390,Human,98.98,700,600,captain ginyu
PT-0551,78,152.1,2309,Saiyan,73.26,700,600,android 18
PT-0552,81,190.8,786,Human,76.49,800,500,hercule
PT-0553,76,237.8,420,Saiyan,83.45,700,600,yamcha
PT-0554,111,305.0,341,Saiyan,89.78,800,800,krillin
PT-0555,68,173.1,480,Human,71.13,700,600,gohan (future)
PT-0556,64,235.2,533,Namekian,77.56,600,600,lord slug
PT-0557,55,166.4,383,Saiyan,84.4,500,500,vegeta
PT-0558,49,128.1,677,Human,59.12,600,400,krillin
PT-0559,45,83.6,278,Human,79.99,500,400,piccolo
PT-0560,52,88.6,277,Frieza,66.2,600,400,krillin
PT-0561,69,225.2,615,Human,80.37,600,600,vegeta
PT-0562,77,196.2,244,Saiyan,93.53,700,600,frieza
PT-0563,71,180.7,763,Saiyan,81.0,700,600,yamcha
PT-0564,55,141.0,489,Human,69.62,400,600,android 18
PT-0565,88,126.5,165,Saiyan,90.95,800,600,goku
PT-0566,85,266.6,526,Frieza,82.61,700,600,bojack
PT-0567,67,131.3,179,Frieza,80.97,700,600,gotenks
PT-0568,57,147.6,747,Frieza,71.16,600,600,zarbon
PT-0569,81,207.5,424,Saiyan,89.29,700,500,frieza
PT-0570,74,165.0,1496,Majin,68.45,600,600,captain ginyu
PT-0571,41,70.7,937,Human,58.29,500,400,yamcha
PT-0572,69,249.5,261,Saiyan,66.33,600,500,turles
PT-0573,75,157.7,147,Saiyan,79.55,700,700,android 16
PT-0574,52,105.1,313,Saiyan,58.56,600,700,android 18
PT-0575,74,264.9,237,Saiyan,74.07,700,600,raditz
PT-0576,41,101.6,1474,Frieza,57.54,400,400,yamcha
PT-0577,97,223.5,490,Namekian,100.0,700,700,broly
PT-0578,95,204.0,863,Saiyan,80.07,800,700,piccolo
PT-0579,65,200.8,415,Human,65.71,600,500,tien
PT-0580,77,162.9,442,Saiyan,82.79,700,600,android 18
PT-0581,22,32.5,483,Saiyan,72.29,500,400,cell
PT-0582,47,105.5,957,Saiyan,67.87,500,500,yamcha
PT-0583,64,112.2,594,Human,75.29,500,500,piccolo
PT-0584,49,94.3,261,Human,79.93,500,500,hercule
PT-0585,84,146.1,1304,Namekian,90.63,700,600,pan
PT-0586,110,197.8,413,Namekian,97.4,800,700,dodoria
PT-0587,46,78.5,375,Saiyan,63.74,500,400,hercule
PT-0588,53,150.9,90,Majin,74.85,600,500,nappa
PT-0589,75,103.9,721,Saiyan,69.11,700,600,cell
PT-0590,102,183.1,524,Saiyan,85.81,800,700,frieza
PT-0591,46,158.8,523,Human,79.85,600,400,gotenks
PT-0592,75,249.3,387,Saiyan,90.42,600,700,hercule
PT-0593,106,319.0,349,Saiyan,95.9,800,700,gohan (kid)
PT-0594,37,84.6,395,Saiyan,49.37,500,400,yamcha
PT-0595,44,119.0,651,Saiyan,57.93,600,500,gohan (adult) and videl
PT-0596,62,128.3,723,Frieza,69.36,600,500,krillin
PT-0597,60,108.6,429,Saiyan,72.63,600,600,android 16
PT-0598,86,210.8,871,Human,74.4,600,600,dodoria
PT-0599,75,212.7,470,Frieza,78.03,700,600,tien
PT-0600,35,83.3,364,Human,78.14,400,400,cell
PT-0601,80,236.8,555,Saiyan,85.21,800,500,dodoria
PT-0602,58,86.2,218,Frieza,74.95,600,600,turles
PT-0603,95,203.9,567,Saiyan,79.86,700,700,piccolo
PT-0604,57,171.0,195,Saiyan,59.69,600,500,krillin
PT-0605,57,202.9,266,Human,62.97,600,500,yamcha
PT-0606,81,197.2,147,Saiyan,68.96,800,700,gohan (kid)
PT-0607,85,202.9,444,Majin,84.6,600,600,android 16
PT-0608,79,183.6,1294,Saiyan,84.67,600,700,nappa
PT-0609,36,40.3,459,Human,56.68,500,600,yamcha
PT-0610,81,223.9,725,Majin,83.58,600,600,bardock
PT-0611,49,86.7,2021,Frieza,81.35,600,500,tien
PT-0612,75,171.6,628,Saiyan,95.66,700,600,nappa
PT-0613,42,80.5,311,Saiyan,72.96,600,400,broly
PT-0614,79,157.4,338,Frieza,80.2,700,700,android 16
PT-0615,54,101.4,493,Human,77.5,600,500,nappa
PT-0616,44,112.4,337,Saiyan,78.41,600,500,gohan (future)
PT-0617,84,279.5,353,Saiyan,67.54,700,700,captain ginyu
PT-0618,75,204.2,890,Majin,91.86,700,500,krillin
PT-0619,58,130.8,912,Human,68.84,600,500,krillin
PT-0620,99,181.5,183,Human,85.32,800,800,jaco
PT-0621,61,122.2,302,Namekian,71.56,600,500,gohan (kid)
PT-0622,71,105.2,373,Saiyan,80.96,600,600,gohan (adult) and videl
PT-0623,75,194.0,706,Saiyan,71.11,700,500,krillin
PT-0624,58,157.9,978,Human,70.92,600,500,yamcha
PT-0625,79,181.6,2493,Namekian,85.8,700,700,turles
PT-0626,59,121.9,373,Saiyan,75.35,600,600,bojack
PT-0627,62,89.0,384,Human,77.85,600,600,krillin
PT-0628,97,151.3,701,Saiyan,86.21,800,800,piccolo
PT-0629,49,125.1,327,Saiyan,75.15,500,600,lord slug
PT-0630,22,68.3,453,Frieza,67.25,500,400,captain ginyu
PT-0631,102,196.0,384,Saiyan,98.77,800,800,vegeta
PT-0632,121,317.9,102,Saiyan,100.0,900,800,piccolo
PT-0633,62,177.7,531,Majin,82.31,600,600,jaco
PT-0634,31,24.2,442,Saiyan,69.37,400,400,piccolo
PT-0635,64,122.5,1057,Saiyan,97.01,500,600,raditz
PT-0636,64,131.6,494,Majin,85.34,600,500,nappa
PT-0637,66,206.4,232,Saiyan,75.69,600,600,yamcha
PT-0638,48,123.0,422,Human,61.91,600,600,frieza
PT-0639,82,261.0,141,Saiyan,80.71,700,700,nappa
PT-0640,80,243.7,238,Saiyan,79.35,700,600,cooler
PT-0641,40,115.1,721,Human,70.09,500,400,vegeta
PT-0642,84,274.1,425,Saiyan,78.0,700,600,yamcha
PT-0643,111,323.4,857,Namekian,100.0,900,700,broly
PT-0644,73,252.7,151,Frieza,68.08,600,600,captain ginyu
PT-0645,63,221.7,426,Namekian,62.14,600,600,nappa
PT-0646,67,181.1,370,Saiyan,75.72,600,600,krillin
PT-0647,82,247.6,874,Saiyan,76.06,700,700,cooler
PT-0648,35,116.8,738,Namekian,53.93,500,500,hercule
PT-0649,73,187.7,724,Human,74.1,700,600,android 16
PT-0650,62,145.8,1242,Majin,68.71,600,600,hercule
PT-0651,107,246.7,395,Namekian,92.88,800,700,yamcha
PT-0652,67,221.9,1098,Saiyan,71.84,600,600,gohan (future)
PT-0653,103,214.1,263,Saiyan,86.89,800,700,piccolo
PT-0654,48,144.0,258,Human,69.16,600,500,raditz
PT-0655,82,256.5,774,Human,90.91,800,600,captain ginyu
PT-0656,76,266.4,200,Saiyan,92.17,700,500,krillin
PT-0657,53,103.8,695,Human,72.38,500,500,zarbon
PT-0658,74,210.5,524,Majin,81.4,700,600,piccolo
PT-0659,94,296.0,937,Saiyan,86.13,800,700,majin buu
PT-0660,64,220.1,475,Saiyan,79.45,600,400,majin buu
PT-0661,36,109.6,510,Majin,67.52,500,400,android 18
PT-0662,70,185.9,669,Majin,88.61,500,500,zarbon
PT-0663,52,144.0,331,Frieza,55.69,600,500,gohan (kid)
PT-0664,63,141.4,323,Saiyan,73.32,600,600,gotenks
PT-0665,68,246.4,655,Namekian,79.91,600,500,captain ginyu
PT-0666,36,90.6,484,Majin,64.19,600,400,captain ginyu
PT-0667,38,102.9,386,Majin,57.69,400,500,yamcha
PT-0668,80,239.5,469,Saiyan,71.61,700,600,piccolo
PT-0669,60,139.4,1283,Saiyan,80.45,600,500,nappa
PT-0670,19,34.4,378,Human,51.54,400,500,cell
PT-0671,86,146.4,371,Saiyan,70.36,600,700,gotenks
PT-0672,75,260.0,177,Saiyan,86.85,700,600,bojack
PT-0673,56,154.5,480,Frieza,76.07,600,500,zarbon
PT-0674,44,69.3,731,Saiyan,66.67,500,500,zarbon
PT-0675,87,264.9,814,Frieza,77.48,700,700,majin buu
PT-0676,77,157.4,526,Human,79.89,700,700,nappa
PT-0677,118,394.6,874,Namekian,100.0,800,700,frieza
PT-0678,78,145.1,764,Saiyan,68.28,700,600,android 16
PT-0679,78,146.1,961,Human,68.69,700,600,raditz
PT-0680,67,111.0,889,Human,71.78,700,500,gohan (kid)
PT-0681,86,226.3,1264,Frieza,84.19,800,700,nappa
PT-0682,83,189.9,445,Saiyan,79.23,800,600,cooler
PT-0683,95,247.8,222,Saiyan,93.14,800,800,gohan (kid)
PT-0684,60,129.5,734,Frieza,82.71,600,600,piccolo
PT-0685,61,132.5,787,Saiyan,76.63,500,600,yamcha
PT-0686,60,122.4,1264,Human,78.48,700,500,gohan (adult) and videl
PT-0687,86,202.1,1063,Saiyan,86.58,800,600,broly
PT-0688,100,344.3,1583,Saiyan,90.08,800,700,beerus
PT-0689,61,112.9,715,Human,64.05,700,600,gohan (adult) and videl
PT-0690,62,215.0,565,Human,66.58,700,500,yamcha
PT-0691,76,180.3,215,Human,69.59,600,600,tien
PT-0692,65,100.1,593,Human,74.81,600,500,captain ginyu
PT-0693,89,175.7,354,Majin,87.46,700,800,captain ginyu
PT-0694,25,24.1,559,Frieza,48.41,400,400,lord slug
PT-0695,53,184.5,509,Saiyan,71.78,600,500,raditz
PT-0696,54,142.2,654,Saiyan,64.6,600,500,pan
PT-0697,24,41.6,465,Saiyan,51.05,400,400,gohan (kid)
PT-0698,51,142.3,864,Majin,65.4,600,400,cooler
PT-0699,52,151.2,96,Saiyan,61.84,600,500,turles
PT-0700,66,219.3,552,Human,81.25,700,500,captain ginyu
PT-0701,92,306.9,1014,Saiyan,85.46,800,700,majin buu
PT-0702,65,176.2,1513,Human,82.52,600,500,majin buu
PT-0703,49,158.7,764,Namekian,66.05,600,600,hercule
PT-0704,69,207.5,1354,Human,74.35,600,600,gohan (adult) and videl
PT-0705,91,219.1,545,Human,100.0,800,600,vegeta
PT-0706,50,125.4,494,Saiyan,57.02,600,500,nappa
PT-0707,52,87.3,677,Human,81.08,600,500,gohan (adult) and videl
PT-0708,81,241.6,492,Saiyan,95.64,700,600,cooler
PT-0709,66,221.1,308,Namekian,82.53,600,600,cooler
PT-0710,83,141.6,362,Saiyan,80.56,700,500,zarbon
PT-0711,70,233.3,253,Saiyan,89.42,700,600,piccolo
PT-0712,84,293.3,677,Saiyan,81.03,700,600,dodoria
PT-0713,49,104.0,496,Human,63.95,500,500,gohan (future)
PT-0714,70,174.9,397,Frieza,74.89,600,700,gohan (kid)
PT-0715,66,213.0,351,Saiyan,71.84,700,500,gohan (kid)
PT-0716,46,141.7,667,Saiyan,60.83,500,500,yamcha
PT-0717,39,59.6,787,Saiyan,74.48,400,500,dodoria
PT-0718,84,184.9,250,Frieza,77.41,800,700,gohan (kid)
PT-0719,63,170.7,228,Namekian,74.96,600,500,cell
PT-0720,50,98.6,874,Saiyan,58.45,600,500,yamcha
PT-0721,68,131.7,216,Human,77.45,600,600,raditz
PT-0722,93,118.9,684,Majin,77.95,800,700,tien
PT-0723,24,55.7,1300,Majin,50.16,400,400,krillin
PT-0724,40,97.9,1302,Human,65.13,600,400,gohan (adult) and videl
PT-0725,52,133.4,767,Majin,79.26,600,500,beerus
PT-0726,99,260.6,754,Human,93.12,900,700,majin buu
PT-0727,76,238.7,1903,Saiyan,84.47,600,700,turles
PT-0728,85,218.7,121,Saiyan,82.96,700,700,tien
PT-0729,47,90.2,373,Saiyan,66.11,600,400,beerus
PT-0730,48,70.3,820,Saiyan,75.53,600,500,dodoria
PT-0731,79,167.2,402,Saiyan,77.09,800,700,majin buu
PT-0732,71,123.7,1037,Namekian,85.08,700,600,android 18
PT-0733,81,179.9,481,Namekian,92.29,700,700,nappa
PT-0734,66,138.3,533,Saiyan,69.67,700,500,raditz
PT-0735,76,97.3,418,Saiyan,74.84,700,600,yamcha
PT-0736,73,205.3,360,Human,74.83,700,500,zarbon
PT-0737,86,226.5,355,Human,72.66,700,700,dodoria
PT-0738,86,286.0,580,Saiyan,80.64,700,700,bardock
PT-0739,38,111.4,310,Majin,75.61,500,500,krillin
PT-0740,25,78.1,873,Saiyan,51.64,400,400,cooler
PT-0741,90,158.1,729,Saiyan,96.6,700,600,captain ginyu
PT-0742,94,233.4,953,Majin,84.13,800,700,krillin
PT-0743,50,78.6,250,Human,86.91,500,500,nappa
PT-0744,33,85.7,178,Saiyan,57.75,500,400,zarbon
PT-0745,72,146.4,492,Human,77.65,700,700,dodoria
PT-0746,89,185.0,2805,Frieza,78.32,800,700,raditz
PT-0747,106,248.2,1053,Saiyan,86.9,900,600,krillin
PT-0748,80,220.1,353,Human,92.71,700,600,gohan (kid)
PT-0749,63,198.4,636,Saiyan,79.0,500,600,gotenks
PT-0750,52,152.0,762,Human,79.03,600,500,gohan (adult) and videl
PT-0751,70,201.1,217,Saiyan,67.48,700,600,piccolo
PT-0752,64,191.5,1121,Saiyan,80.84,700,600,android 18
PT-0753,50,86.8,446,Saiyan,62.23,600,500,whis
PT-0754,111,304.2,467,Majin,83.7,800,800,piccolo
PT-0755,106,253.8,500,Saiyan,94.31,800,700,yamcha
PT-0756,93,183.9,979,Namekian,89.03,800,700,krillin
PT-0757,52,108.1,313,Saiyan,71.23,600,500,piccolo
PT-0758,87,267.5,177,Namekian,90.54,800,700,gohan (adult) and videl
PT-0759,83,240.4,598,Human,90.19,800,600,gohan (adult) and videl
PT-0760,79,177.4,145,Saiyan,93.36,700,700,frieza
PT-0761,95,282.9,411,Majin,78.48,700,700,nappa
PT-0762,83,220.5,1004,Majin,95.22,700,700,gohan (adult) and videl
PT-0763,85,203.7,697,Human,99.06,700,600,piccolo
PT-0764,83,179.3,921,Saiyan,80.27,800,600,yamcha
PT-0765,77,164.8,715,Human,67.45,600,600,tien
PT-0766,34,107.0,2093,Human,52.53,500,500,turles
PT-0767,72,106.3,346,Saiyan,75.11,700,600,lord slug
PT-0768,59,166.0,626,Majin,89.71,600,500,android 18
PT-0769,44,86.6,379,Saiyan,67.74,500,600,lord slug
PT-0770,104,291.0,875,Human,86.66,700,700,yamcha
PT-0771,105,287.6,475,Human,86.52,800,700,vegeta
PT-0772,97,286.4,1382,Frieza,78.22,800,600,gohan (adult) and videl
PT-0773,75,191.9,358,Saiyan,87.0,700,600,whis
PT-0774,97,357.6,1146,Saiyan,88.06,700,700,captain ginyu
PT-0775,70,156.3,703,Saiyan,94.8,700,600,yamcha
PT-0776,74,243.6,483,Human,84.63,600,600,bardock
PT-0777,48,124.5,682,Saiyan,75.84,600,500,vegeta
PT-0778,78,153.8,576,Saiyan,79.26,600,600,nappa
PT-0779,71,139.4,610,Saiyan,69.67,800,700,yamcha
PT-0780,44,98.2,435,Namekian,60.61,500,500,krillin
PT-0781,69,153.8,323,Saiyan,66.65,500,500,cooler
PT-0782,68,174.4,403,Human,84.48,600,500,android 18
PT-0783,106,259.7,179,Saiyan,89.32,800,700,raditz
PT-0784,88,232.2,817,Saiyan,92.82,700,600,yamcha
PT-0785,70,138.5,235,Saiyan,79.09,600,600,captain ginyu
PT-0786,75,221.4,432,Saiyan,77.66,600,500,zarbon
PT-0787,71,153.8,727,Human,69.04,600,500,gohan (kid)
PT-0788,66,175.0,815,Saiyan,78.81,600,600,piccolo
PT-0789,48,73.3,170,Saiyan,67.45,600,500,turles
PT-0790,67,167.2,466,Saiyan,84.02,700,700,hit
PT-0791,55,56.9,649,Saiyan,66.28,600,500,nappa
PT-0792,45,127.6,508,Saiyan,72.93,500,400,cell
PT-0793,80,197.7,1104,Saiyan,95.13,600,500,turles
PT-0794,78,281.9,301,Saiyan,83.38,700,600,krillin
PT-0795,34,64.3,144,Human,69.88,500,400,whis
PT-0796,68,157.7,801,Frieza,81.78,600,600,captain ginyu
PT-0797,90,188.2,357,Human,100.0,800,700,frieza
PT-0798,91,214.6,172,Saiyan,89.37,800,600,frieza
PT-0799,91,238.2,448,Frieza,92.0,700,600,raditz
PT-0800,71,155.9,1031,Frieza,78.11,700,600,hercule
PT-0801,53,128.6,231,Human,65.0,600,500,lord slug
PT-0802,48,56.8,2001,Saiyan,59.53,600,400,tien
PT-0803,77,147.7,298,Majin,90.94,700,600,frieza
PT-0804,78,271.3,519,Frieza,73.13,800,500,goku
PT-0805,96,218.2,237,Majin,94.37,800,700,broly
PT-0806,92,117.8,505,Human,90.13,800,700,android 18
PT-0807,67,237.1,455,Human,84.14,600,600,piccolo
PT-0808,45,79.4,202,Frieza,63.88,500,500,nappa
PT-0809,64,176.4,2685,Saiyan,69.27,600,500,yamcha
PT-0810,74,232.3,366,Saiyan,82.63,700,700,gohan (adult) and videl
PT-0811,66,210.8,366,Namekian,74.06,600,600,hercule
PT-0812,58,154.6,881,Saiyan,63.35,600,600,whis
PT-0813,75,161.5,1463,Saiyan,95.51,700,600,tien
PT-0814,60,229.0,969,Saiyan,67.67,600,500,gohan (future)
PT-0815,57,78.3,240,Saiyan,64.85,500,500,gohan (future)
PT-0816,76,286.2,560,Saiyan,78.46,700,600,android 16
PT-0817,62,206.2,159,Human,84.82,600,600,broly
PT-0818,75,256.8,846,Saiyan,62.67,700,600,zarbon
PT-0819,75,146.1,185,Human,89.36,700,600,gohan (kid)
PT-0820,47,93.8,304,Saiyan,61.51,500,500,yamcha
PT-0821,60,169.4,492,Frieza,76.12,600,500,krillin
PT-0822,99,245.1,644,Human,84.19,900,600,krillin
PT-0823,47,130.1,421,Frieza,84.74,500,500,cell
PT-0824,28,91.6,1226,Saiyan,62.2,500,400,nappa
PT-0825,33,78.5,760,Saiyan,57.54,400,400,krillin
PT-0826,71,159.7,725,Majin,75.99,600,600,tien
PT-0827,71,162.3,236,Namekian,79.12,600,600,android 16
PT-0828,68,127.5,1366,Saiyan,78.62,700,600,pan
PT-0829,94,170.3,304,Human,91.11,800,600,vegeta
PT-0830,17,12.2,1398,Human,56.79,400,300,hercule
PT-0831,78,269.4,1658,Saiyan,70.18,700,600,gohan (future)
PT-0832,101,317.1,670,Human,87.68,800,700,cell
PT-0833,47,133.6,915,Saiyan,73.65,500,500,lord slug
PT-0834,62,133.6,77,Saiyan,69.44,600,500,android 18
PT-0835,55,151.5,438,Namekian,77.38,600,600,bardock
PT-0836,52,183.3,955,Human,71.05,500,500,gohan (kid)
PT-0837,63,200.2,858,Majin,73.46,600,600,hercule
PT-0838,99,247.3,237,Majin,99.15,800,700,zarbon
PT-0839,107,364.0,413,Frieza,78.89,800,700,yamcha
PT-0840,63,158.2,108,Saiyan,69.8,600,600,lord slug
PT-0841,108,291.0,631,Saiyan,100.0,900,700,gotenks
PT-0842,71,208.4,159,Saiyan,93.04,700,600,turles
PT-0843,105,246.4,971,Human,100.0,800,600,whis
PT-0844,68,186.9,1002,Human,77.6,600,500,majin buu
PT-0845,73,154.5,371,Majin,82.86,600,500,captain ginyu
PT-0846,77,191.4,674,Saiyan,87.34,800,600,pan
PT-0847,134,329.5,433,Saiyan,100.0,1000,800,piccolo
PT-0848,87,261.7,570,Namekian,87.3,800,700,tien
PT-0849,56,120.7,248,Namekian,79.81,500,500,zarbon
PT-0850,89,170.9,716,Saiyan,89.28,700,600,cooler
PT-0851,63,185.2,184,Human,79.38,600,600,android 16
PT-0852,60,154.9,164,Human,66.65,600,600,gohan (adult) and videl
PT-0853,88,311.8,458,Majin,82.57,700,600,krillin
PT-0854,71,135.5,434,Saiyan,74.22,600,600,gohan (adult) and videl
PT-0855,76,181.8,580,Human,70.89,700,600,cooler
PT-0856,70,203.2,334,Saiyan,64.79,600,600,goku
PT-0857,77,237.6,1528,Saiyan,77.41,700,600,nappa
PT-0858,78,122.1,543,Majin,79.09,700,500,android 18
PT-0859,31,76.5,567,Saiyan,63.24,500,400,majin buu
PT-0860,83,203.0,555,Saiyan,87.65,800,700,captain ginyu
PT-0861,50,111.8,899,Saiyan,71.5,600,600,yamcha
PT-0862,41,94.0,696,Saiyan,64.34,500,500,krillin
PT-0863,69,119.6,642,Majin,70.28,700,600,tien
PT-0864,72,174.0,766,Saiyan,85.82,600,500,dodoria
PT-0865,56,118.9,165,Majin,71.59,700,500,android 18
PT-0866,87,179.3,169,Namekian,81.33,800,600,frieza
PT-0867,43,121.3,471,Saiyan,65.71,500,400,lord slug
PT-0868,62,183.5,438,Majin,68.94,700,600,krillin
PT-0869,58,92.6,698,Saiyan,68.95,600,600,yamcha
PT-0870,69,119.3,499,Saiyan,73.1,600,700,majin buu
PT-0871,76,118.7,699,Saiyan,78.1,600,600,hercule
PT-0872,50,116.9,233,Saiyan,75.25,500,400,cell
PT-0873,84,221.0,490,Saiyan,86.86,700,600,majin buu
PT-0874,71,147.5,220,Saiyan,90.77,700,600,goku
PT-0875,32,102.6,621,Namekian,72.49,600,400,jaco
PT-0876,31,68.7,160,Human,78.05,500,400,android 18
PT-0877,70,127.8,607,Frieza,82.47,600,500,nappa
PT-0878,66,207.8,204,Human,80.74,700,600,krillin
PT-0879,68,158.5,391,Human,73.3,600,600,android 18
PT-0880,69,150.8,843,Saiyan,84.21,600,600,zarbon
PT-0881,75,268.0,565,Human,74.75,700,600,yamcha
PT-0882,89,295.7,184,Saiyan,73.84,800,700,piccolo
PT-0883,48,145.9,329,Frieza,81.41,500,500,pan
PT-0884,47,70.1,200,Frieza,58.81,500,500,tien
PT-0885,48,129.7,178,Saiyan,72.71,500,600,hercule
PT-0886,76,248.2,529,Human,73.36,700,500,beerus
PT-0887,95,326.1,690,Human,97.01,800,700,cell
PT-0888,61,105.1,642,Human,84.5,500,600,tien
PT-0889,20,37.7,707,Saiyan,62.23,400,400,gotenks
PT-0890,36,75.9,489,Human,74.37,500,400,android 16
PT-0891,53,95.3,418,Majin,71.26,500,500,gohan (kid)
PT-0892,59,161.2,259,Saiyan,91.47,500,500,android 18
PT-0893,62,125.0,378,Human,80.77,600,600,yamcha
PT-0894,71,140.4,223,Saiyan,71.2,600,600,cell
PT-0895,64,142.8,297,Frieza,76.16,700,600,beerus
PT-0896,91,243.0,520,Saiyan,85.18,700,700,captain ginyu
PT-0897,56,105.8,459,Saiyan,70.4,500,500,jaco
PT-0898,53,142.9,3099,Saiyan,57.94,600,600,zarbon
PT-0899,80,113.2,220,Namekian,85.09,600,600,turles
PT-0900,39,94.5,457,Majin,54.51,500,500,hercule
PT-0901,78,133.6,210,Saiyan,61.0,600,600,tien
PT-0902,72,162.5,390,Saiyan,76.05,600,500,whis
PT-0903,67,123.3,400,Majin,70.75,700,700,whis
PT-0904,102,171.7,818,Saiyan,83.91,900,700,nappa
PT-0905,58,124.3,376,Saiyan,48.38,700,500,hercule
PT-0906,111,161.6,439,Frieza,87.59,800,700,raditz
PT-0907,65,121.6,381,Saiyan,74.61,600,600,krillin
PT-0908,44,109.6,213,Human,62.53,500,400,piccolo
PT-0909,71,204.3,333,Saiyan,81.5,700,600,dodoria
PT-0910,48,72.6,392,Majin,80.34,400,500,tien
PT-0911,55,151.8,515,Majin,76.13,600,500,yamcha
PT-0912,78,206.1,689,Saiyan,89.41,700,600,jaco
PT-0913,81,186.1,428,Human,91.27,600,700,dodoria
PT-0914,58,118.3,424,Frieza,65.05,500,500,gohan (adult) and videl
PT-0915,90,159.1,175,Majin,89.51,700,700,piccolo
PT-0916,93,179.5,681,Saiyan,95.16,800,700,tien
PT-0917,99,236.0,325,Saiyan,86.11,800,700,hercule
PT-0918,81,291.4,771,Namekian,76.07,700,600,nappa
PT-0919,97,334.3,1086,Saiyan,93.04,800,800,dodoria
PT-0920,32,70.8,440,Saiyan,50.95,500,500,bojack
PT-0921,64,104.2,267,Saiyan,66.9,600,600,gohan (kid)
PT-0922,53,107.1,488,Namekian,65.87,600,600,dodoria
PT-0923,72,173.0,607,Saiyan,82.4,700,600,android 18
PT-0924,59,144.9,408,Saiyan,75.35,600,400,tien
PT-0925,67,102.1,351,Human,85.06,600,500,lord slug
PT-0926,108,163.2,691,Saiyan,85.83,800,800,zarbon
PT-0927,67,154.9,664,Saiyan,69.0,700,600,piccolo
PT-0928,78,170.2,400,Human,85.39,700,600,zarbon
PT-0929,65,105.8,183,Saiyan,69.61,700,400,dodoria
PT-0930,72,235.8,648,Frieza,73.97,600,600,android 18
PT-0931,70,188.6,311,Saiyan,63.15,600,500,pan
PT-0932,79,260.3,560,Namekian,83.93,700,600,majin buu
PT-0933,93,184.2,540,Human,99.53,700,700,vegeta
PT-0934,103,246.0,159,Saiyan,82.97,800,700,gohan (future)
PT-0935,76,165.2,517,Saiyan,88.57,700,600,hercule
PT-0936,82,205.4,671,Human,82.32,600,600,krillin
PT-0937,47,80.5,722,Saiyan,54.68,600,500,yamcha
PT-0938,68,131.2,529,Saiyan,70.04,600,600,piccolo
PT-0939,89,233.7,150,Frieza,77.95,800,700,tien
PT-0940,87,178.6,10303,Human,82.27,700,600,dodoria
PT-0941,74,114.9,631,Frieza,82.96,700,500,nappa
PT-0942,88,311.9,239,Saiyan,99.99,700,600,gohan (future)
PT-0943,80,125.3,307,Saiyan,70.55,700,500,dodoria
PT-0944,94,264.6,566,Human,83.72,800,700,piccolo
PT-0945,76,194.3,741,Saiyan,73.23,700,600,gohan (future)
PT-0946,63,124.0,368,Saiyan,65.06,700,500,captain ginyu
PT-0947,77,167.0,809,Saiyan,81.56,700,600,tien
PT-0948,11,29.8,168,Saiyan,54.41,300,400,tien
PT-0949,78,216.4,264,Majin,66.69,600,700,android 16
PT-0950,1,5.0,143,Saiyan,50.55,400,300,dodoria
PT-0951,36,67.9,288,Frieza,54.76,500,400,android 18
PT-0952,79,170.1,1218,Saiyan,81.69,800,600,turles
PT-0953,80,238.8,1694,Saiyan,92.16,700,600,cell
PT-0954,47,141.9,567,Saiyan,72.5,500,500,turles
PT-0955,56,202.0,336,Human,73.82,600,500,lord slug
PT-0956,97,266.3,431,Namekian,84.57,900,600,android 16
PT-0957,60,166.2,655,Namekian,74.53,500,500,yamcha
PT-0958,115,285.3,193,Saiyan,100.0,900,800,dodoria
PT-0959,70,229.8,349,Saiyan,81.71,600,700,zarbon
PT-0960,78,181.2,1166,Namekian,80.41,700,700,frieza
PT-0961,102,224.9,263,Saiyan,92.54,800,700,vegeta
PT-0962,73,217.9,314,Human,68.67,700,600,android 18
PT-0963,50,113.8,497,Saiyan,64.13,600,500,vegeta
PT-0964,68,113.2,584,Saiyan,82.86,600,500,frieza
PT-0965,69,137.0,339,Saiyan,84.34,600,500,vegeta
PT-0966,43,105.6,516,Saiyan,67.95,500,400,beerus
PT-0967,65,206.2,710,Namekian,87.83,700,600,vegeta
PT-0968,55,111.4,1599,Human,76.06,500,600,lord slug
PT-0969,88,278.0,457,Frieza,83.33,800,700,android 18
PT-0970,71,151.3,481,Majin,68.64,700,600,vegeta
PT-0971,64,176.9,1232,Saiyan,87.11,700,600,gohan (adult) and videl
PT-0972,68,98.5,354,Human,83.36,700,500,pan
PT-0973,74,231.8,223,Saiyan,93.99,700,600,majin buu
PT-0974,82,222.2,573,Namekian,100.0,800,600,jaco
PT-0975,50,90.0,940,Saiyan,59.7,600,500,zarbon
PT-0976,49,104.2,612,Frieza,59.33,600,500,whis
PT-0977,92,174.2,465,Human,63.89,700,700,broly
PT-0978,62,149.9,207,Human,82.15,600,600,majin buu
PT-0979,42,107.9,476,Human,72.05,500,400,gotenks
PT-0980,79,269.1,1033,Human,82.38,700,700,lord slug
PT-0981,79,225.0,235,Human,71.79,700,500,captain ginyu
PT-0982,39,136.1,425,Human,64.89,500,500,frieza
PT-0983,75,189.2,391,Saiyan,81.48,800,600,zarbon
PT-0984,85,259.4,324,Human,90.26,700,700,android 16
PT-0985,77,256.6,572,Saiyan,82.98,600,500,nappa
PT-0986,83,205.2,643,Human,88.51,600,600,lord slug
PT-0987,42,118.6,639,Human,65.81,500,500,captain ginyu
PT-0988,77,163.7,274,Saiyan,90.25,700,600,nappa
PT-0989,64,194.9,184,Majin,80.65,700,600,yamcha
PT-0990,60,199.8,577,Human,64.5,600,500,raditz
PT-0991,87,247.9,364,Human,95.91,800,700,android 18
PT-0992,100,162.7,1485,Human,99.8,800,700,vegeta
PT-0993,106,304.3,1526,Human,96.12,800,700,krillin
PT-0994,96,145.5,1627,Majin,90.65,900,600,nappa
PT-0995,68,206.3,280,Saiyan,90.47,700,600,vegeta
PT-0996,77,174.5,693,Saiyan,67.73,700,600,raditz
PT-0997,85,245.2,831,Human,93.93,700,600,gohan (kid)
PT-0998,72,224.4,777,Saiyan,74.99,600,500,cell
PT-0999,73,115.7,398,Saiyan,87.96,600,600,majin buu
PT-1000,86,193.1,1062,Saiyan,85.36,700,700,goku
PT-1001,69,181.4,493,Saiyan,67.66,700,600,yamcha
PT-1002,55,131.7,532,Frieza,68.03,600,500,gohan (kid)
PT-1003,62,93.7,196,Saiyan,82.97,500,600,tien
PT-1004,83,141.5,725,Saiyan,81.52,800,600,android 18
PT-1005,70,163.7,421,Frieza,73.03,700,600,krillin
PT-1006,77,218.3,651,Frieza,75.77,700,600,piccolo
PT-1007,83,241.4,567,Saiyan,88.34,700,600,cooler
PT-1008,63,107.6,549,Namekian,89.21,500,600,nappa
PT-1009,85,193.2,479,Saiyan,66.87,700,600,frieza
PT-1010,78,166.4,790,Majin,100.0,700,600,android 18
PT-1011,45,89.3,437,Saiyan,69.63,600,400,gotenks
PT-1012,99,291.5,206,Saiyan,94.24,800,800,vegeta
PT-1013,60,114.7,693,Saiyan,70.51,600,400,gohan (kid)
PT-1014,37,65.1,303,Majin,64.77,500,500,frieza
PT-1015,49,155.6,223,Saiyan,71.14,600,400,tien
PT-1016,50,134.3,267,Human,61.61,600,400,krillin
PT-1017,71,196.2,584,Human,71.95,700,600,zarbon
PT-1018,65,125.0,465,Saiyan,85.48,600,600,piccolo
PT-1019,63,146.3,137,Namekian,62.78,500,500,krillin
PT-1020,82,150.9,391,Saiyan,86.33,700,700,android 16
PT-1021,77,254.0,994,Saiyan,77.84,600,600,gohan (adult) and videl
PT-1022,76,252.6,376,Saiyan,72.71,700,600,yamcha
PT-1023,78,171.7,446,Saiyan,96.98,700,600,frieza
PT-1024,82,186.7,921,Saiyan,75.16,700,600,hit
PT-1025,28,74.4,794,Human,52.16,500,300,raditz
PT-1026,63,179.6,910,Human,73.7,700,600,lord slug
PT-1027,26,68.3,93,Saiyan,54.25,500,400,yamcha
PT-1028,71,203.4,1394,Saiyan,78.45,600,600,pan
PT-1029,70,226.7,722,Majin,79.24,600,500,krillin
PT-1030,91,199.5,24646,Saiyan,88.28,900,600,gohan (kid)
PT-1031,94,254.0,308,Human,86.61,800,700,bardock
PT-1032,74,191.0,171,Namekian,73.98,700,600,android 16
PT-1033,60,91.4,495,Saiyan,79.15,600,600,piccolo
PT-1034,80,291.0,418,Human,81.11,700,600,hercule
PT-1035,59,96.5,729,Frieza,69.64,500,600,beerus
PT-1036,70,211.5,939,Human,89.84,600,700,dodoria
PT-1037,90,287.9,468,Frieza,85.03,700,700,yamcha
PT-1038,59,201.0,426,Saiyan,82.34,600,500,raditz
PT-1039,86,239.9,674,Human,94.21,700,700,jaco
PT-1040,84,161.4,423,Saiyan,93.9,800,600,yamcha
PT-1041,51,196.9,402,Saiyan,75.93,500,500,gohan (kid)
PT-1042,89,287.0,918,Frieza,85.59,800,700,yamcha
PT-1043,84,213.2,1049,Saiyan,83.09,700,600,tien
PT-1044,72,239.9,944,Frieza,76.85,700,600,captain ginyu
PT-1045,55,94.4,445,Human,54.66,600,500,vegeta
PT-1046,53,137.7,136,Frieza,76.95,600,500,krillin
PT-1047,59,212.3,451,Frieza,75.56,600,600,yamcha
PT-1048,81,145.0,313,Human,89.0,600,600,krillin
PT-1049,51,134.2,456,Frieza,69.46,500,500,krillin
PT-1050,79,276.7,329,Majin,86.92,700,700,piccolo
PT-1051,45,168.9,487,Human,56.98,500,400,majin buu
PT-1052,66,192.3,264,Human,67.05,700,600,krillin
PT-1053,72,187.6,229,Saiyan,58.99,700,700,gohan (kid)
PT-1054,119,407.3,1026,Saiyan,96.53,900,800,frieza
PT-1055,42,69.1,275,Saiyan,60.62,500,500,majin buu
PT-1056,99,232.9,493,Saiyan,82.37,800,700,android 16
PT-1057,73,163.2,874,Saiyan,81.88,600,600,hit
PT-1058,78,247.6,853,Human,77.8,700,600,gohan (kid)
PT-1059,72,222.2,794,Human,67.34,700,500,krillin
PT-1060,79,245.1,591,Human,100.0,600,600,krillin
PT-1061,67,174.5,761,Namekian,76.5,600,600,tien
PT-1062,99,214.9,1123,Frieza,80.93,800,700,bardock
PT-1063,61,145.8,636,Namekian,69.04,700,700,frieza
PT-1064,93,239.3,164,Human,85.81,800,700,gohan (adult) and videl
PT-1065,57,83.7,359,Saiyan,71.4,600,600,hit
PT-1066,69,173.4,748,Frieza,88.02,700,600,gotenks
PT-1067,49,167.8,338,Saiyan,68.96,500,500,vegeta
PT-1068,79,246.8,1303,Saiyan,96.44,700,600,broly
PT-1069,99,301.4,474,Saiyan,86.14,800,700,zarbon
PT-1070,68,139.4,519,Human,80.61,700,600,yamcha
PT-1071,66,170.0,968,Human,84.58,500,600,frieza
PT-1072,48,82.3,442,Saiyan,78.76,600,500,whis
PT-1073,65,125.4,548,Majin,86.49,600,600,hercule
PT-1074,38,79.7,845,Saiyan,63.02,500,400,vegeta
PT-1075,52,93.8,204,Saiyan,70.76,500,500,turles
PT-1076,75,114.1,415,Saiyan,60.16,700,700,dodoria
PT-1077,96,265.1,810,Saiyan,86.83,800,700,cell
PT-1078,126,309.2,513,Majin,100.0,1000,900,nappa
PT-1079,58,111.1,1188,Saiyan,80.37,500,500,piccolo
PT-1080,99,174.3,191,Saiyan,88.91,800,700,gohan (kid)
PT-1081,75,188.2,179,Saiyan,93.59,600,600,broly
PT-1082,67,156.6,782,Majin,73.73,600,600,hit
PT-1083,79,171.6,828,Frieza,75.87,600,500,raditz
PT-1084,71,179.9,439,Human,74.65,700,600,yamcha
PT-1085,72,102.9,627,Human,69.82,700,700,tien
PT-1086,62,199.7,771,Frieza,79.78,600,600,majin buu
PT-1087,42,71.2,302,Saiyan,69.11,600,500,captain ginyu
PT-1088,39,83.7,322,Saiyan,70.48,500,400,frieza
PT-1089,83,181.1,552,Human,79.89,700,700,krillin
PT-1090,64,170.4,848,Saiyan,75.14,600,600,tien
PT-1091,58,107.4,245,Human,55.77,600,500,whis
PT-1092,70,226.8,438,Human,81.01,700,500,cooler
PT-1093,86,199.0,426,Saiyan,85.19,800,600,raditz
PT-1094,74,223.8,633,Human,70.8,600,600,piccolo
PT-1095,57,104.9,490,Saiyan,71.96,600,600,raditz
PT-1096,95,157.7,355,Saiyan,85.94,800,700,tien
PT-1097,102,236.1,1042,Namekian,100.0,800,600,krillin
PT-1098,80,228.2,357,Majin,73.51,700,500,lord slug
PT-1099,89,234.7,414,Saiyan,88.25,700,700,raditz
PT-1100,95,328.2,190,Saiyan,79.27,600,600,vegeta
PT-1101,93,267.0,321,Saiyan,82.74,800,700,frieza
PT-1102,82,293.9,672,Saiyan,85.01,700,500,nappa
PT-1103,82,168.7,597,Saiyan,81.11,700,600,dodoria
PT-1104,80,271.5,706,Saiyan,81.95,700,600,turles
PT-1105,48,126.5,686,Namekian,71.86,500,500,raditz
PT-1106,84,222.7,1724,Namekian,79.65,700,600,hercule
PT-1107,43,142.4,315,Majin,74.27,500,400,raditz
PT-1108,54,133.4,186,Human,69.16,500,500,piccolo
PT-1109,96,324.9,262,Majin,87.62,800,700,tien
PT-1110,87,244.5,323,Majin,87.69,700,700,cell
PT-1111,100,191.9,275,Namekian,91.82,800,700,zarbon
PT-1112,65,169.0,521,Majin,81.15,600,600,majin buu
PT-1113,47,117.9,1045,Majin,71.34,500,500,yamcha
PT-1114,65,234.2,1241,Majin,79.75,700,600,cooler
PT-1115,72,191.9,667,Human,76.2,600,600,krillin
PT-1116,72,153.3,1781,Saiyan,70.25,600,500,raditz
PT-1117,93,158.0,398,Saiyan,75.78,700,700,cooler
PT-1118,63,105.4,185,Saiyan,61.83,600,600,krillin
PT-1119,77,200.0,927,Saiyan,94.9,700,600,vegeta
PT-1120,50,94.0,164,Saiyan,52.3,500,400,frieza
PT-1121,79,236.9,313,Saiyan,91.15,600,600,lord slug
PT-1122,70,197.3,673,Saiyan,71.43,700,600,cell
PT-1123,55,182.2,463,Frieza,81.49,600,500,yamcha
PT-1124,65,160.3,439,Saiyan,58.38,500,500,tien
PT-1125,66,175.4,243,Saiyan,74.52,600,700,vegeta
PT-1126,65,142.2,490,Saiyan,87.63,700,500,raditz
PT-1127,105,356.8,900,Saiyan,97.71,900,800,gohan (kid)
PT-1128,68,98.7,499,Human,74.5,500,600,nappa
PT-1129,65,150.0,299,Human,60.46,700,500,vegeta
PT-1130,28,44.9,233,Saiyan,50.62,500,400,captain ginyu
PT-1131,52,184.3,303,Human,81.91,500,500,krillin
PT-1132,65,111.7,624,Saiyan,73.21,700,600,gohan (kid)
PT-1133,56,168.7,606,Human,71.83,600,500,raditz
PT-1134,98,282.9,305,Frieza,91.47,800,700,raditz
PT-1135,67,210.5,131,Frieza,66.38,600,600,hercule
PT-1136,96,176.7,634,Saiyan,91.66,800,700,raditz
PT-1137,71,138.9,288,Majin,75.04,700,600,yamcha
PT-1138,71,176.8,745,Majin,80.75,700,500,turles
PT-1139,68,143.6,313,Namekian,72.58,700,600,vegeta
PT-1140,70,170.4,272,Saiyan,65.42,600,600,piccolo
PT-1141,104,228.9,540,Human,88.18,1000,600,majin buu
PT-1142,24,63.7,2028,Saiyan,64.73,500,400,android 16
PT-1143,30,55.2,772,Saiyan,65.15,500,400,jaco
PT-1144,59,169.9,535,Human,73.85,500,600,broly
PT-1145,70,125.5,611,Saiyan,85.19,600,600,cell
PT-1146,84,240.8,172,Saiyan,81.97,600,700,yamcha
PT-1147,79,147.5,251,Namekian,82.05,600,700,dodoria
PT-1148,62,179.8,109,Human,70.96,700,500,yamcha
PT-1149,90,267.1,1391,Frieza,93.65,800,700,frieza
PT-1150,91,164.6,1232,Majin,88.73,700,800,whis
PT-1151,74,99.4,624,Namekian,75.14,700,600,krillin
PT-1152,89,198.1,534,Majin,73.69,700,700,broly
PT-1153,75,153.8,194,Saiyan,88.84,700,600,frieza
PT-1154,59,129.9,432,Saiyan,67.65,600,600,yamcha
PT-1155,84,270.6,1444,Frieza,84.18,700,600,turles
PT-1156,72,208.0,533,Saiyan,97.62,700,500,frieza
PT-1157,70,142.7,351,Saiyan,84.41,600,600,zarbon
PT-1158,99,257.4,172,Human,100.0,900,600,captain ginyu
PT-1159,21,31.8,1128,Saiyan,54.1,400,400,yamcha
PT-1160,42,135.5,472,Saiyan,75.37,500,400,yamcha
PT-1161,46,84.6,172,Human,68.61,600,500,android 16
PT-1162,63,186.1,283,Saiyan,78.13,600,600,broly
PT-1163,65,182.3,229,Human,92.17,600,500,cell
PT-1164,40,40.1,455,Saiyan,63.77,400,400,gotenks
PT-1165,50,104.7,558,Human,70.15,600,500,gotenks
PT-1166,53,112.0,364,Saiyan,63.97,700,600,krillin
PT-1167,119,390.1,785,Human,100.0,800,700,majin buu
PT-1168,106,291.4,517,Saiyan,87.91,800,700,hercule
PT-1169,62,154.6,932,Saiyan,82.98,600,600,nappa
PT-1170,63,192.5,398,Majin,62.0,700,600,vegeta
PT-1171,47,145.8,3063,Saiyan,73.19,600,500,majin buu
PT-1172,32,84.2,351,Majin,57.65,500,400,hit
PT-1173,68,189.8,287,Saiyan,83.04,600,600,hit
PT-1174,50,126.9,266,Saiyan,69.89,500,600,dodoria
PT-1175,68,146.4,434,Saiyan,72.92,700,600,hercule
PT-1176,38,137.4,176,Namekian,62.11,400,500,dodoria
PT-1177,55,82.0,588,Saiyan,65.2,500,500,turles
PT-1178,73,136.0,157,Saiyan,85.9,700,500,android 16
PT-1179,77,245.0,543,Human,72.41,700,600,pan
PT-1180,78,175.3,219,Saiyan,79.06,700,600,zamasu
PT-1181,44,87.9,392,Majin,70.36,500,500,nappa
PT-1182,87,171.4,708,Frieza,97.71,800,700,bardock
PT-1183,54,123.6,1963,Human,71.53,500,500,cell
PT-1184,83,279.8,258,Human,81.26,700,600,raditz
PT-1185,70,132.4,450,Saiyan,80.19,700,500,krillin
PT-1186,42,68.4,319,Frieza,50.21,500,500,cell
PT-1187,64,133.1,292,Human,66.01,700,500,raditz
PT-1188,77,261.0,321,Saiyan,77.8,700,600,raditz
PT-1189,82,171.7,808,Frieza,77.1,700,700,frieza
PT-1190,67,211.9,368,Frieza,63.99,600,600,krillin
PT-1191,101,325.4,1900,Saiyan,97.26,700,700,zarbon
PT-1192,90,164.8,632,Saiyan,88.08,700,700,gohan (adult) and videl
PT-1193,65,212.8,269,Human,77.12,600,600,krillin
PT-1194,85,246.6,395,Namekian,78.45,700,600,android 18
PT-1195,109,250.4,305,Human,94.24,800,700,yamcha
PT-1196,109,261.0,796,Saiyan,97.72,900,700,turles
PT-1197,45,140.0,184,Saiyan,65.88,600,500,vegeta
PT-1198,51,165.1,220,Saiyan,73.96,500,500,gohan (adult) and videl
PT-1199,100,295.5,346,Saiyan,83.63,800,700,lord slug
PT-1200,49,159.3,742,Majin,70.38,600,500,broly
PT-1201,44,96.5,1033,Saiyan,76.74,500,500,captain ginyu
PT-1202,60,178.8,1128,Saiyan,83.86,600,500,dodoria
PT-1203,78,251.8,677,Namekian,91.82,700,600,krillin
PT-1204,68,133.0,469,Saiyan,79.48,700,600,captain ginyu
PT-1205,57,87.4,794,Saiyan,73.05,600,500,captain ginyu
PT-1206,57,125.3,248,Frieza,69.21,500,500,cooler
PT-1207,56,174.7,163,Saiyan,57.94,600,400,yamcha
PT-1208,52,145.7,640,Namekian,60.04,600,500,frieza
PT-1209,116,324.8,270,Saiyan,95.06,800,700,dodoria
PT-1210,76,106.7,474,Saiyan,79.53,700,600,cooler
PT-1211,88,244.0,529,Human,96.5,700,800,android 16
PT-1212,60,170.2,572,Saiyan,84.52,700,600,nappa
PT-1213,66,95.4,865,Human,70.91,700,600,captain ginyu
PT-1214,56,197.1,4133,Saiyan,78.95,600,600,vegeta
PT-1215,17,17.2,554,Human,52.98,400,400,majin buu
PT-1216,42,153.1,378,Saiyan,72.26,600,500,hercule
PT-1217,34,62.6,526,Majin,70.05,500,500,gohan (kid)
PT-1218,25,80.6,345,Human,69.94,400,400,raditz
PT-1219,46,148.8,438,Human,64.46,500,500,android 16
PT-1220,96,168.7,2371,Saiyan,96.51,800,700,hercule
PT-1221,69,127.1,550,Human,62.62,600,600,krillin
PT-1222,96,164.9,646,Human,98.77,800,700,zarbon
PT-1223,78,202.4,323,Saiyan,81.0,700,600,gohan (kid)
PT-1224,86,277.4,909,Human,84.37,700,700,majin buu
PT-1225,52,138.0,778,Saiyan,54.5,600,600,yamcha
PT-1226,80,193.2,781,Saiyan,78.89,600,600,hercule
PT-1227,85,254.7,561,Majin,94.84,600,700,android 16
PT-1228,58,161.6,916,Saiyan,69.79,600,500,gotenks
PT-1229,81,236.1,1057,Saiyan,88.11,700,700,bojack
PT-1230,81,201.7,584,Human,82.68,800,600,dodoria
PT-1231,59,174.8,460,Majin,82.1,700,600,cell
PT-1232,48,149.0,843,Saiyan,70.73,500,500,cell
PT-1233,46,99.9,286,Saiyan,60.95,600,400,gotenks
PT-1234,72,113.1,320,Saiyan,79.25,700,700,captain ginyu
PT-1235,77,128.6,477,Human,93.61,700,600,tien
PT-1236,54,145.8,173,Human,75.58,400,500,bardock
PT-1237,71,155.7,810,Human,77.47,700,500,krillin
PT-1238,81,285.4,277,Majin,100.0,700,600,goku
PT-1239,82,235.8,371,Frieza,92.07,700,600,raditz
PT-1240,101,259.1,434,Saiyan,96.93,800,700,dodoria
PT-1241,96,276.7,505,Saiyan,90.94,700,600,jaco
PT-1242,50,127.7,401,Saiyan,75.84,500,500,android 16
PT-1243,104,324.4,473,Saiyan,97.7,900,600,cooler
PT-1244,59,87.6,475,Saiyan,56.14,600,500,nappa
PT-1245,91,244.1,377,Namekian,89.56,700,700,gohan (kid)
PT-1246,71,231.9,310,Saiyan,77.11,600,500,krillin
PT-1247,62,213.9,943,Saiyan,70.8,600,500,cooler
PT-1248,34,129.8,139,Human,62.04,400,500,zarbon
PT-1249,67,160.4,436,Frieza,64.35,700,500,raditz
PT-1250,39,121.2,372,Saiyan,51.16,500,500,vegeta
PT-1251,89,240.8,634,Majin,95.57,700,700,jaco
PT-1252,100,274.8,206,Namekian,93.7,900,600,turles
PT-1253,54,84.5,365,Saiyan,52.3,600,500,zarbon
PT-1254,76,149.7,463,Human,75.79,700,600,bardock
PT-1255,55,136.5,936,Saiyan,79.04,600,500,dodoria
PT-1256,57,96.0,601,Saiyan,70.56,500,500,nappa
PT-1257,85,256.6,242,Saiyan,93.96,800,700,vegeta
PT-1258,69,228.5,368,Saiyan,86.0,700,500,broly
PT-1259,105,341.5,839,Majin,81.15,900,700,raditz
PT-1260,60,112.9,240,Namekian,72.85,400,500,raditz
PT-1261,90,290.6,470,Saiyan,82.42,700,700,goku
PT-1262,72,109.1,490,Human,67.69,600,600,lord slug
PT-1263,86,202.6,391,Saiyan,72.77,800,500,majin buu
PT-1264,61,177.9,2484,Saiyan,67.95,700,500,lord slug
PT-1265,69,128.4,385,Human,72.47,700,600,cell
PT-1266,68,89.9,645,Saiyan,79.47,600,600,tien
PT-1267,53,71.7,311,Majin,79.55,600,500,majin buu
PT-1268,83,228.2,676,Saiyan,87.31,700,600,raditz
PT-1269,83,250.7,831,Majin,89.2,800,700,yamcha
PT-1270,82,141.1,346,Saiyan,80.67,700,600,bardock
PT-1271,101,161.5,477,Saiyan,95.22,800,700,krillin
PT-1272,99,273.6,288,Majin,88.41,800,700,krillin
PT-1273,63,136.7,248,Human,71.67,700,500,gohan (kid)
PT-1274,77,239.0,918,Saiyan,95.98,700,700,gotenks
PT-1275,58,205.2,353,Namekian,54.56,700,500,bardock
PT-1276,70,213.3,116,Saiyan,63.01,700,600,yamcha
PT-1277,58,180.9,1421,Saiyan,76.26,600,600,vegeta
PT-1278,102,246.8,305,Saiyan,88.68,800,800,lord slug
PT-1279,77,263.0,425,Human,69.3,800,600,android 18
PT-1280,66,134.6,1319,Human,67.96,700,700,raditz
PT-1281,94,143.4,453,Namekian,80.2,800,700,nappa
PT-1282,27,76.5,447,Human,67.94,300,400,cooler
PT-1283,30,43.6,236,Saiyan,71.7,500,400,krillin
PT-1284,86,265.6,1914,Saiyan,97.52,700,600,majin buu
PT-1285,71,207.4,446,Saiyan,65.69,700,600,gohan (kid)
PT-1286,75,249.1,613,Majin,69.06,700,600,gotenks
PT-1287,43,77.2,592,Saiyan,55.71,400,500,cell
PT-1288,70,150.9,369,Human,88.31,700,600,android 18
PT-1289,110,304.7,499,Human,97.34,1000,800,majin buu
PT-1290,86,165.2,164,Majin,85.04,700,600,tien
PT-1291,73,187.3,649,Saiyan,81.04,700,600,raditz
PT-1292,61,158.8,543,Saiyan,73.95,700,400,captain ginyu
PT-1293,62,224.1,1610,Frieza,65.83,700,500,hercule
PT-1294,27,79.7,495,Human,64.91,400,400,turles
PT-1295,75,138.9,280,Human,78.51,700,600,vegeta
PT-1296,87,210.5,478,Majin,75.2,800,600,hercule
PT-1297,38,89.9,405,Frieza,69.79,600,400,raditz
PT-1298,57,103.9,640,Saiyan,69.39,600,600,tien
PT-1299,47,92.2,501,Frieza,70.62,400,500,raditz
PT-1300,51,113.6,231,Saiyan,69.4,500,600,beerus
PT-1301,71,109.3,185,Frieza,85.53,700,600,frieza
PT-1302,28,84.4,577,Saiyan,62.96,400,400,dodoria
PT-1303,82,145.1,1130,Saiyan,75.73,500,600,majin buu
PT-1304,85,243.8,517,Saiyan,86.58,700,700,krillin
PT-1305,65,102.7,803,Majin,78.84,600,600,yamcha
PT-1306,20,48.8,905,Frieza,62.09,400,500,tien
PT-1307,50,100.2,578,Saiyan,78.29,500,500,yamcha
PT-1308,95,330.4,302,Saiyan,83.07,800,800,zarbon
PT-1309,14,46.7,554,Saiyan,60.94,400,400,gohan (kid)
PT-1310,63,160.9,1017,Saiyan,61.4,600,600,hercule
PT-1311,46,126.0,677,Majin,67.44,600,400,gotenks
PT-1312,86,163.4,772,Saiyan,82.2,700,700,pan
PT-1313,56,153.3,373,Frieza,83.98,500,500,piccolo
PT-1314,78,234.2,436,Frieza,79.95,600,600,captain ginyu
PT-1315,81,276.1,459,Saiyan,87.26,700,500,krillin
PT-1316,107,190.3,478,Human,78.71,900,700,raditz
PT-1317,66,102.5,993,Frieza,73.59,600,600,android 18
PT-1318,78,236.3,121,Namekian,74.43,700,600,zarbon
PT-1319,40,86.9,502,Majin,85.8,500,400,cell
PT-1320,94,185.2,470,Saiyan,82.27,900,600,gotenks
PT-1321,55,179.7,216,Saiyan,72.59,600,500,tien
PT-1322,59,142.2,737,Majin,74.61,600,600,pan
PT-1323,70,181.9,319,Saiyan,65.28,700,500,krillin
PT-1324,39,79.4,398,Human,61.39,500,600,bardock
PT-1325,75,163.9,1494,Majin,83.24,700,600,android 18
PT-1326,89,164.1,903,Saiyan,86.29,700,600,krillin
PT-1327,76,230.5,696,Saiyan,62.0,700,500,vegeta
PT-1328,38,64.3,619,Saiyan,60.66,500,500,raditz
PT-1329,68,233.0,446,Namekian,85.37,600,600,gohan (adult) and videl
PT-1330,85,252.4,1635,Saiyan,88.71,700,700,raditz
PT-1331,32,116.7,797,Saiyan,72.54,400,400,gotenks
PT-1332,49,59.8,314,Frieza,61.71,500,500,gohan (kid)
PT-1333,88,181.2,213,Human,95.45,700,700,hit
PT-1334,75,200.5,692,Human,79.64,700,600,gohan (kid)
PT-1335,78,226.9,477,Namekian,93.94,800,600,cell
PT-1336,107,350.9,209,Saiyan,92.83,900,700,gohan (adult) and videl
PT-1337,79,186.2,637,Frieza,65.22,700,600,piccolo
PT-1338,83,276.1,419,Namekian,89.99,700,600,tien
PT-1339,124,218.4,677,Saiyan,96.05,900,800,frieza
PT-1340,66,157.2,642,Saiyan,73.39,600,600,android 16
PT-1341,54,114.6,342,Saiyan,59.98,500,500,gohan (adult) and videl
PT-1342,79,242.9,720,Human,94.58,700,500,gohan (kid)
PT-1343,79,150.8,365,Human,77.43,800,700,broly
PT-1344,59,128.9,380,Human,86.2,600,500,whis
PT-1345,49,127.6,358,Frieza,66.15,500,500,hercule
PT-1346,116,305.0,971,Human,88.98,900,700,krillin
PT-1347,77,102.4,416,Majin,91.36,700,600,tien
PT-1348,55,73.9,1123,Human,71.41,600,400,zamasu
PT-1349,88,254.3,1437,Human,84.69,700,600,lord slug
PT-1350,68,139.7,316,Saiyan,66.95,700,600,android 18
PT-1351,65,109.8,85,Human,72.34,600,600,beerus
PT-1352,81,238.2,922,Human,85.83,700,600,krillin
PT-1353,44,71.9,401,Saiyan,57.21,500,500,majin buu
PT-1354,77,200.0,293,Majin,76.49,600,700,android 16
PT-1355,108,262.7,346,Human,89.84,800,700,turles
PT-1356,79,148.6,384,Saiyan,82.13,700,500,hercule
PT-1357,62,86.7,1073,Namekian,86.64,700,600,dodoria
PT-1358,60,126.6,6227,Saiyan,71.6,500,600,tien
PT-1359,62,90.8,1064,Human,69.28,500,500,whis
PT-1360,65,160.7,663,Human,97.97,600,600,majin buu
PT-1361,62,195.7,409,Saiyan,71.33,700,500,nappa
PT-1362,88,294.1,390,Saiyan,83.67,800,700,hit
PT-1363,35,105.2,690,Saiyan,61.14,500,500,gohan (kid)
PT-1364,87,217.9,806,Saiyan,82.59,700,600,vegeta
PT-1365,62,160.5,896,Human,75.42,600,500,gohan (future)
PT-1366,78,252.1,421,Saiyan,88.57,600,600,android 16
PT-1367,47,79.9,547,Frieza,72.03,500,600,broly
PT-1368,97,207.1,700,Saiyan,97.42,700,700,broly
PT-1369,95,196.5,391,Saiyan,96.35,800,800,frieza
PT-1370,89,137.1,249,Frieza,87.27,800,700,raditz
PT-1371,40,85.9,304,Human,69.01,500,400,turles
PT-1372,87,284.3,426,Human,93.67,700,600,captain ginyu
PT-1373,78,261.7,733,Human,72.31,700,600,frieza
PT-1374,38,56.3,1049,Namekian,85.19,600,300,frieza
PT-1375,70,160.8,218,Saiyan,73.9,700,600,krillin
PT-1376,77,172.4,344,Saiyan,77.99,700,600,krillin
PT-1377,81,200.1,398,Frieza,72.7,700,600,android 18
PT-1378,74,186.5,794,Saiyan,70.14,600,700,hercule
PT-1379,76,121.9,359,Majin,88.19,700,600,dodoria
PT-1380,99,288.0,381,Human,100.0,700,600,piccolo
PT-1381,95,316.5,211,Human,83.46,900,600,vegeta
PT-1382,13,32.3,659,Majin,57.98,400,400,majin buu
PT-1383,64,167.7,447,Frieza,77.36,700,600,tien
PT-1384,67,195.7,333,Saiyan,84.8,600,600,frieza
PT-1385,35,76.2,422,Human,81.75,400,500,cell
PT-1386,72,132.1,969,Majin,90.97,700,600,zarbon
PT-1387,95,246.2,270,Saiyan,86.09,700,700,cooler
PT-1388,48,76.1,297,Namekian,73.43,600,500,broly
PT-1389,77,224.2,1045,Human,85.82,700,600,piccolo
PT-1390,52,119.2,516,Saiyan,70.64,600,600,yamcha
PT-1391,57,118.7,736,Namekian,64.03,500,500,tien
PT-1392,100,211.3,627,Frieza,83.61,800,600,lord slug
PT-1393,59,164.5,482,Saiyan,82.79,500,600,beerus
PT-1394,79,129.2,400,Majin,91.61,700,700,cell
PT-1395,33,81.4,812,Saiyan,61.54,500,400,bardock
PT-1396,107,208.4,990,Saiyan,94.89,800,800,cell
PT-1397,82,250.8,944,Saiyan,92.38,700,500,gohan (kid)
PT-1398,66,250.7,242,Namekian,62.77,700,500,raditz
PT-1399,82,171.7,1078,Saiyan,79.23,600,600,android 16
PT-1400,42,132.3,398,Saiyan,82.94,400,400,android 16
PT-1401,94,177.8,313,Majin,89.99,800,600,captain ginyu
PT-1402,64,196.1,445,Saiyan,66.57,600,600,captain ginyu
PT-1403,66,105.3,811,Saiyan,77.34,700,500,zarbon
PT-1404,60,186.9,681,Saiyan,82.17,600,500,nappa
PT-1405,58,157.5,423,Majin,52.83,600,500,android 18
PT-1406,84,245.7,815,Human,85.01,700,600,majin buu
PT-1407,75,145.8,536,Majin,77.02,700,600,gohan (adult) and videl
PT-1408,83,282.1,349,Saiyan,70.06,800,600,gohan (kid)
PT-1409,70,266.3,322,Human,78.66,700,500,turles
PT-1410,80,178.1,630,Majin,80.91,700,700,gohan (kid)
PT-1411,62,164.6,469,Saiyan,74.61,600,600,gohan (kid)
PT-1412,115,338.8,216,Saiyan,93.21,700,800,gohan (adult) and videl
PT-1413,39,58.9,819,Saiyan,57.43,500,500,gohan (future)
PT-1414,95,316.8,369,Saiyan,76.36,800,600,pan
PT-1415,97,196.9,1281,Saiyan,83.27,800,700,tien
PT-1416,53,162.5,212,Frieza,78.07,600,600,gohan (kid)
PT-1417,115,206.6,442,Human,97.86,900,600,majin buu
PT-1418,90,159.0,324,Human,85.45,800,600,gohan (adult) and videl
PT-1419,89,247.8,274,Saiyan,77.28,800,700,captain ginyu
PT-1420,71,175.8,368,Human,75.41,700,500,krillin
PT-1421,66,219.2,1426,Human,82.3,600,600,captain ginyu
PT-1422,66,239.8,537,Frieza,80.44,500,600,krillin
PT-1423,78,154.3,306,Saiyan,77.38,700,500,gohan (kid)
PT-1424,98,198.6,164,Majin,68.31,800,700,android 16
PT-1425,74,132.1,175,Saiyan,74.2,700,600,yamcha
PT-1426,52,128.7,357,Human,66.94,500,500,cell
PT-1427,86,217.0,337,Frieza,77.14,800,700,android 18
PT-1428,88,267.2,431,Human,81.89,700,700,zarbon
PT-1429,83,254.6,126,Majin,89.73,700,600,vegeta
PT-1430,85,125.3,466,Namekian,83.7,700,700,whis
PT-1431,65,136.5,913,Frieza,83.92,600,500,frieza
PT-1432,51,149.6,1305,Saiyan,58.33,500,500,broly
PT-1433,53,119.8,158,Saiyan,68.76,600,500,zarbon
PT-1434,37,59.1,305,Human,49.29,400,500,cooler
PT-1435,75,165.2,295,Frieza,76.59,600,600,goku
PT-1436,68,176.5,538,Human,68.83,700,600,yamcha
PT-1437,61,113.8,237,Saiyan,84.65,600,600,raditz
PT-1438,11,34.3,1352,Human,57.68,400,300,whis
PT-1439,45,89.8,506,Saiyan,76.12,500,500,zarbon
PT-1440,92,253.3,458,Saiyan,83.37,700,700,gohan (kid)
PT-1441,57,164.5,1281,Saiyan,64.64,700,400,zamasu
PT-1442,77,260.3,488,Saiyan,72.39,700,500,tien
PT-1443,42,83.6,627,Majin,68.92,500,500,cooler
PT-1444,99,180.2,314,Saiyan,100.0,800,600,hercule
PT-1445,67,120.0,217,Saiyan,80.1,700,500,hercule
PT-1446,76,166.4,342,Human,77.4,700,600,zarbon
PT-1447,117,242.3,1830,Saiyan,95.29,900,700,krillin
PT-1448,100,291.7,720,Saiyan,89.75,800,700,gotenks
PT-1449,64,111.4,581,Saiyan,91.81,600,600,gohan (adult) and videl
PT-1450,58,68.8,274,Saiyan,83.07,500,500,raditz
PT-1451,63,126.4,851,Human,77.28,600,600,nappa
PT-1452,80,239.9,218,Saiyan,82.88,800,700,captain ginyu
PT-1453,68,216.6,192,Saiyan,79.59,700,500,yamcha
PT-1454,62,172.0,352,Saiyan,78.75,600,600,gohan (adult) and videl
PT-1455,99,260.1,1592,Saiyan,86.29,800,700,whis
PT-1456,68,194.0,1539,Saiyan,70.45,600,500,gohan (kid)
PT-1457,116,348.4,376,Saiyan,100.0,800,900,whis
PT-1458,72,139.3,329,Saiyan,78.98,700,600,gohan (adult) and videl
PT-1459,106,286.2,184,Saiyan,99.99,800,700,lord slug
PT-1460,77,237.2,516,Namekian,93.97,800,600,gohan (future)
PT-1461,89,168.9,543,Saiyan,89.76,800,700,nappa
PT-1462,56,155.9,791,Saiyan,75.27,600,500,whis
PT-1463,53,112.0,851,Human,96.8,600,500,tien
PT-1464,79,196.4,438,Saiyan,83.26,800,600,dodoria
PT-1465,90,140.0,688,Majin,77.28,800,600,frieza
PT-1466,71,206.8,324,Saiyan,76.15,700,600,yamcha
PT-1467,44,122.0,680,Human,80.01,700,400,lord slug
PT-1468,43,76.9,363,Frieza,56.85,500,500,dodoria
PT-1469,41,100.1,649,Saiyan,60.38,500,400,dodoria
PT-1470,35,69.5,618,Saiyan,72.85,400,400,cooler
PT-1471,72,100.8,514,Human,76.63,600,700,yamcha
PT-1472,93,323.8,794,Frieza,86.32,800,700,piccolo
PT-1473,70,176.8,192,Saiyan,86.59,700,600,piccolo
PT-1474,25,78.5,260,Human,54.27,400,300,jaco
PT-1475,66,113.1,419,Saiyan,64.65,600,500,hercule
PT-1476,67,218.2,207,Human,65.69,700,600,captain ginyu
PT-1477,112,266.6,386,Saiyan,99.45,800,800,android 16
PT-1478,41,116.9,394,Human,68.47,500,400,android 16
PT-1479,62,99.8,1081,Saiyan,69.26,700,500,raditz
PT-1480,104,161.9,537,Human,82.33,800,700,tien
PT-1481,79,184.9,914,Saiyan,79.44,600,700,frieza
PT-1482,81,125.4,591,Human,91.33,800,600,raditz
PT-1483,72,217.5,357,Majin,72.11,700,600,broly
PT-1484,77,140.4,534,Namekian,75.5,700,600,raditz
PT-1485,86,250.3,763,Frieza,74.88,800,700,frieza
PT-1486,54,178.0,1008,Human,68.66,600,500,zarbon
PT-1487,88,233.2,455,Human,87.9,700,700,majin buu
PT-1488,43,46.8,183,Saiyan,84.12,500,400,jaco
PT-1489,77,220.5,1719,Frieza,82.54,700,700,zarbon
PT-1490,74,246.3,2514,Human,79.17,700,500,krillin
PT-1491,58,110.7,121,Saiyan,80.1,700,500,android 16
PT-1492,70,124.4,1447,Saiyan,83.57,700,700,yamcha
PT-1493,58,184.6,705,Majin,68.58,700,600,tien
PT-1494,49,87.0,337,Namekian,88.02,500,500,android 16
PT-1495,63,186.0,253,Majin,75.0,600,500,tien
PT-1496,48,147.5,913,Human,71.09,500,500,yamcha
PT-1497,76,122.7,253,Saiyan,84.81,700,700,zarbon
PT-1498,47,100.9,267,Frieza,71.57,500,500,zarbon
PT-1499,84,230.1,311,Human,95.8,800,700,whis
PT-1500,46,92.0,528,Human,63.68,600,500,gohan (kid)
PT-1501,59,189.4,715,Human,79.87,600,500,vegeta
PT-1502,58,121.6,1008,Human,74.52,700,600,cell
PT-1503,97,205.4,922,Majin,96.66,700,700,gotenks
PT-1504,77,266.5,493,Human,79.08,700,600,nappa
PT-1505,66,145.8,909,Namekian,73.6,700,500,android 18
PT-1506,80,262.7,329,Namekian,87.86,700,700,android 18
PT-1507,28,31.7,165,Saiyan,64.06,600,400,gohan (kid)
PT-1508,69,138.2,329,Saiyan,71.04,700,500,yamcha
PT-1509,110,197.8,304,Human,100.0,900,800,cell
PT-1510,73,210.1,337,Human,85.06,700,600,raditz
PT-1511,71,207.6,277,Human,77.81,700,600,nappa
PT-1512,81,276.8,374,Namekian,78.65,700,700,frieza
PT-1513,88,291.8,715,Saiyan,88.11,700,700,yamcha
PT-1514,30,79.0,1379,Saiyan,67.28,400,400,raditz
PT-1515,36,117.2,175,Namekian,51.65,500,400,zarbon
PT-1516,74,169.1,228,Frieza,82.61,700,700,broly
PT-1517,56,184.6,306,Saiyan,77.62,700,500,hercule
PT-1518,96,283.9,780,Saiyan,69.58,800,700,gohan (kid)
PT-1519,64,212.3,436,Saiyan,77.17,700,600,gohan (kid)
PT-1520,31,79.8,319,Human,67.96,300,400,hit
PT-1521,45,129.2,758,Human,72.65,500,500,android 16
PT-1522,15,44.5,875,Saiyan,62.42,400,300,cell
PT-1523,65,88.8,487,Saiyan,73.38,700,600,krillin
PT-1524,66,110.3,302,Human,68.08,600,600,tien
PT-1525,62,225.7,580,Human,60.4,500,500,gohan (kid)
PT-1526,92,194.7,428,Human,95.54,700,700,gotenks
PT-1527,94,170.3,426,Saiyan,93.22,700,700,whis
PT-1528,67,150.0,362,Saiyan,86.15,600,500,piccolo
PT-1529,27,84.0,858,Saiyan,55.0,500,500,lord slug
PT-1530,82,216.6,572,Frieza,89.23,700,600,broly
PT-1531,81,261.4,917,Saiyan,70.38,700,600,broly
PT-1532,76,263.2,1099,Human,73.44,700,600,dodoria
PT-1533,90,257.6,649,Human,87.01,700,700,raditz
PT-1534,47,134.0,364,Namekian,74.11,500,500,goku
PT-1535,110,251.5,920,Saiyan,100.0,800,800,gohan (kid)
PT-1536,51,151.9,652,Saiyan,68.48,600,500,raditz
PT-1537,85,166.3,2350,Namekian,77.07,800,600,piccolo
PT-1538,36,68.3,594,Saiyan,57.06,500,500,captain ginyu
PT-1539,51,169.8,749,Human,64.9,500,500,tien
PT-1540,100,335.4,587,Saiyan,100.0,800,600,frieza
PT-1541,65,139.2,464,Frieza,82.05,600,600,jaco
PT-1542,87,259.8,422,Majin,93.7,700,500,captain ginyu
PT-1543,75,185.5,588,Saiyan,78.09,700,700,gohan (future)
PT-1544,68,151.6,674,Namekian,77.19,700,600,beerus
PT-1545,97,191.6,985,Majin,94.39,800,600,hercule
PT-1546,65,105.7,593,Human,71.95,600,500,cooler
PT-1547,34,106.7,373,Saiyan,61.27,400,400,broly
PT-1548,54,138.8,405,Saiyan,66.2,700,500,frieza
PT-1549,81,189.1,223,Human,78.82,600,600,piccolo
PT-1550,78,153.3,1335,Saiyan,81.59,700,600,pan
PT-1551,39,96.1,356,Namekian,59.03,500,400,captain ginyu
PT-1552,56,146.9,880,Saiyan,74.69,600,500,whis
PT-1553,58,205.8,582,Human,75.48,600,600,vegeta
PT-1554,63,106.4,591,Saiyan,73.77,700,600,nappa
PT-1555,42,117.1,459,Human,60.18,500,500,majin buu
PT-1556,57,137.1,307,Saiyan,73.64,500,500,android 18
PT-1557,55,113.0,276,Saiyan,67.96,500,500,zarbon
PT-1558,85,165.7,1390,Saiyan,84.37,700,600,broly
PT-1559,86,181.6,528,Human,93.19,700,700,captain ginyu
PT-1560,67,151.5,968,Saiyan,66.78,700,500,krillin
PT-1561,62,145.3,1131,Majin,92.19,700,500,cell
PT-1562,73,154.6,385,Saiyan,78.62,800,600,tien
PT-1563,54,90.3,635,Human,74.89,700,500,dodoria
PT-1564,47,128.4,506,Human,62.78,500,500,piccolo
PT-1565,51,63.0,246,Saiyan,79.54,500,500,raditz
PT-1566,57,96.6,441,Saiyan,71.79,500,500,bardock
PT-1567,47,119.1,701,Saiyan,65.65,500,500,yamcha
PT-1568,73,157.8,365,Human,74.6,800,600,majin buu
PT-1569,85,161.0,405,Frieza,81.85,700,600,android 18
PT-1570,38,75.5,444,Saiyan,68.55,500,500,piccolo
PT-1571,71,98.9,1749,Majin,79.78,600,600,pan
PT-1572,66,134.7,164,Human,76.08,600,600,piccolo
PT-1573,77,135.5,666,Human,75.11,700,600,captain ginyu
PT-1574,70,110.6,423,Human,71.85,600,700,hercule
PT-1575,41,134.8,335,Frieza,62.71,400,500,majin buu
PT-1576,45,149.3,417,Human,71.68,600,500,nappa
PT-1577,71,140.5,735,Namekian,83.7,700,500,gotenks
PT-1578,91,182.0,761,Saiyan,92.78,700,700,goku
PT-1579,26,35.5,551,Majin,60.39,500,400,dodoria
PT-1580,77,233.5,949,Frieza,83.87,600,500,android 16
PT-1581,94,280.7,1055,Frieza,86.25,800,700,nappa
PT-1582,67,105.8,804,Saiyan,62.86,600,600,nappa
PT-1583,81,156.2,355,Namekian,80.67,700,600,dodoria
PT-1584,56,112.5,663,Saiyan,69.4,500,500,piccolo
PT-1585,68,224.8,665,Human,68.89,600,600,cell
PT-1586,38,126.4,302,Saiyan,60.66,500,400,yamcha
PT-1587,23,53.8,192,Human,60.28,400,500,krillin
PT-1588,89,233.7,146,Saiyan,76.53,800,600,zarbon
PT-1589,50,102.4,514,Saiyan,64.31,600,600,tien
PT-1590,61,172.6,589,Saiyan,86.78,600,500,frieza
PT-1591,42,146.5,242,Saiyan,53.98,600,500,captain ginyu
PT-1592,42,78.7,923,Saiyan,65.33,500,500,yamcha
PT-1593,67,72.1,540,Namekian,67.47,600,500,raditz
PT-1594,55,151.9,1107,Majin,65.99,600,500,krillin
PT-1595,78,187.2,615,Majin,79.62,600,600,cooler
PT-1596,79,253.8,260,Majin,73.7,700,700,gohan (kid)
PT-1597,76,157.9,649,Saiyan,84.99,700,500,lord slug
PT-1598,75,266.1,737,Human,90.81,600,600,android 18
PT-1599,102,201.9,355,Human,97.53,800,700,vegeta
PT-1600,49,95.2,207,Saiyan,77.8,500,500,krillin
PT-1601,69,154.7,523,Human,66.56,600,600,nappa
PT-1602,93,171.8,270,Majin,85.26,800,600,nappa
PT-1603,95,191.2,965,Human,91.74,800,600,nappa
PT-1604,42,108.7,386,Majin,73.77,400,500,goku
PT-1605,64,91.7,1387,Saiyan,89.63,700,600,yamcha
PT-1606,97,190.4,138,Majin,97.35,800,700,gohan (kid)
PT-1607,80,147.5,534,Saiyan,89.17,600,600,gotenks
PT-1608,74,129.3,1162,Namekian,100.0,500,600,pan
PT-1609,66,261.2,289,Saiyan,77.17,700,600,dodoria
PT-1610,62,214.9,448,Human,72.49,600,500,frieza
PT-1611,76,101.5,387,Human,81.82,600,700,krillin
PT-1612,65,193.4,327,Saiyan,68.68,700,600,gohan (adult) and videl
PT-1613,69,190.6,571,Saiyan,78.14,700,600,cooler
PT-1614,72,245.6,227,Saiyan,64.99,600,500,dodoria
PT-1615,56,116.9,461,Human,68.16,600,500,gohan (kid)
PT-1616,81,158.9,672,Frieza,81.48,800,600,zarbon
PT-1617,128,287.1,433,Saiyan,100.0,1000,800,lord slug
PT-1618,34,133.1,270,Human,72.49,500,400,tien
PT-1619,76,229.2,914,Namekian,72.69,700,600,captain ginyu
PT-1620,55,131.0,764,Human,88.61,600,400,krillin
PT-1621,82,174.5,264,Namekian,83.99,700,700,hercule
PT-1622,71,216.8,227,Saiyan,80.32,700,600,piccolo
PT-1623,85,276.9,278,Saiyan,71.06,700,700,beerus
PT-1624,94,226.5,683,Saiyan,82.64,700,700,dodoria
PT-1625,74,212.0,581,Saiyan,88.0,600,600,dodoria
PT-1626,93,224.0,792,Human,88.56,800,700,nappa
PT-1627,23,67.8,405,Namekian,60.06,400,400,captain ginyu
PT-1628,102,262.5,283,Saiyan,92.62,800,800,nappa
PT-1629,78,234.7,855,Frieza,69.65,700,600,nappa
PT-1630,92,340.8,354,Saiyan,86.03,700,700,piccolo
PT-1631,46,102.7,551,Saiyan,79.67,500,400,nappa
PT-1632,53,121.7,194,Namekian,79.89,600,600,gohan (adult) and videl
PT-1633,73,170.3,350,Namekian,78.2,700,500,raditz
PT-1634,70,114.6,903,Human,90.51,600,600,gohan (adult) and videl
PT-1635,76,147.0,321,Saiyan,70.33,700,600,turles
PT-1636,92,148.6,803,Saiyan,79.03,700,700,android 16
PT-1637,35,75.1,122,Saiyan,78.91,500,400,krillin
PT-1638,89,141.4,352,Majin,90.22,800,600,frieza
PT-1639,70,143.7,445,Saiyan,75.69,700,400,gotenks
PT-1640,66,207.7,1402,Human,75.96,600,700,vegeta
PT-1641,41,100.7,244,Saiyan,59.95,500,500,gohan (kid)
PT-1642,80,226.2,737,Human,84.21,600,500,nappa
PT-1643,22,33.7,929,Saiyan,60.38,400,400,zarbon
PT-1644,83,228.2,320,Human,83.36,700,700,tien
PT-1645,40,67.1,394,Human,56.72,500,400,raditz
PT-1646,71,162.3,536,Frieza,80.52,600,500,android 18
PT-1647,68,182.1,203,Namekian,72.96,700,600,dodoria
PT-1648,93,230.8,375,Human,79.31,700,700,raditz
PT-1649,66,117.1,1060,Saiyan,86.53,600,600,pan
PT-1650,56,133.7,674,Frieza,89.76,600,600,gohan (kid)
PT-1651,60,175.3,449,Namekian,89.54,500,600,yamcha
PT-1652,95,193.0,527,Namekian,93.2,800,700,piccolo
PT-1653,81,237.0,698,Human,80.28,700,500,gohan (kid)
PT-1654,62,115.8,783,Saiyan,74.24,500,500,captain ginyu
PT-1655,65,151.3,353,Majin,79.24,600,600,tien
PT-1656,39,94.4,1237,Saiyan,62.24,400,500,turles
PT-1657,78,174.2,1086,Saiyan,91.75,800,600,broly
PT-1658,35,88.0,740,Saiyan,47.71,500,500,nappa
PT-1659,85,207.9,297,Human,81.63,700,700,hercule
PT-1660,73,141.1,267,Saiyan,85.61,700,600,cooler
PT-1661,118,375.4,405,Human,90.44,900,800,gotenks
PT-1662,48,134.6,511,Human,67.28,600,600,gohan (kid)
PT-1663,68,119.8,171,Human,81.95,600,500,cooler
PT-1664,106,369.0,663,Saiyan,100.0,900,700,tien
PT-1665,94,283.0,1067,Frieza,77.25,800,800,krillin
PT-1666,56,154.1,696,Saiyan,61.46,600,500,broly
PT-1667,74,117.7,328,Saiyan,72.03,700,600,gohan (kid)
PT-1668,70,103.9,306,Human,65.7,500,600,zarbon
PT-1669,76,210.8,590,Saiyan,68.67,600,500,raditz
PT-1670,56,91.2,449,Human,64.62,600,600,broly
PT-1671,68,126.8,643,Saiyan,87.07,700,600,vegeta
PT-1672,38,130.1,707,Namekian,62.7,500,400,piccolo
PT-1673,73,155.1,949,Saiyan,79.45,700,600,cooler
PT-1674,79,107.6,250,Frieza,73.96,800,700,piccolo
PT-1675,65,115.0,563,Human,81.07,700,600,raditz
PT-1676,38,90.6,396,Saiyan,80.21,500,400,android 16
PT-1677,90,238.0,464,Human,78.9,900,600,goku
PT-1678,77,260.5,828,Saiyan,94.6,600,600,majin buu
PT-1679,55,92.2,883,Frieza,74.92,500,500,yamcha
PT-1680,64,103.7,1140,Majin,75.73,600,500,gohan (kid)
PT-1681,40,130.1,636,Human,69.2,500,500,hercule
PT-1682,49,108.9,461,Saiyan,72.72,500,500,gohan (kid)
PT-1683,59,144.2,423,Frieza,88.46,600,600,lord slug
PT-1684,95,312.0,174,Human,92.16,800,700,dodoria
PT-1685,57,165.3,1101,Human,77.13,600,500,broly
PT-1686,83,185.5,406,Saiyan,79.83,700,600,nappa
PT-1687,59,182.1,667,Saiyan,80.31,500,600,pan
PT-1688,75,112.1,741,Majin,72.35,600,600,vegeta
PT-1689,67,245.3,233,Human,77.67,600,600,lord slug
PT-1690,87,230.3,283,Namekian,100.0,700,700,piccolo
PT-1691,59,144.1,1247,Human,53.57,600,600,captain ginyu
PT-1692,39,151.0,587,Human,67.47,600,500,gohan (kid)
PT-1693,42,116.8,348,Human,68.97,500,500,krillin
PT-1694,59,136.2,457,Majin,71.78,500,500,zarbon
PT-1695,45,89.5,946,Saiyan,66.36,500,400,piccolo
PT-1696,78,224.7,863,Namekian,81.93,800,700,goku
PT-1697,61,148.5,204,Saiyan,72.38,700,500,gohan (adult) and videl
PT-1698,117,225.7,1314,Human,98.58,900,700,lord slug
PT-1699,35,106.8,880,Namekian,60.1,400,500,zarbon
PT-1700,74,181.0,450,Majin,95.78,700,500,raditz
PT-1701,47,105.0,241,Saiyan,66.78,600,500,nappa
PT-1702,60,86.0,927,Majin,78.56,600,600,piccolo
PT-1703,73,190.1,656,Saiyan,73.85,600,600,frieza
PT-1704,23,7.1,205,Saiyan,66.67,400,300,gohan (adult) and videl
PT-1705,75,118.0,429,Majin,85.87,600,600,piccolo
PT-1706,108,247.8,3215,Majin,96.55,800,800,krillin
PT-1707,61,115.9,498,Saiyan,66.18,700,600,yamcha
PT-1708,75,153.2,316,Frieza,73.98,700,500,dodoria
PT-1709,90,279.9,269,Saiyan,99.49,700,800,krillin
PT-1710,67,151.8,1427,Frieza,70.69,700,500,vegeta
PT-1711,58,196.6,819,Majin,78.33,600,500,tien
PT-1712,24,83.6,1146,Frieza,52.04,500,400,tien
PT-1713,83,216.4,572,Namekian,91.27,800,700,lord slug
PT-1714,68,246.4,1046,Frieza,71.71,700,600,nenhum
PT-1715,50,141.8,296,Human,62.29,600,500,piccolo
PT-1716,73,143.7,543,Saiyan,73.5,600,700,raditz
PT-1717,58,180.8,585,Saiyan,68.77,700,500,gohan (kid)
PT-1718,59,123.0,1129,Majin,76.84,600,500,hercule
PT-1719,82,202.2,597,Saiyan,83.36,700,700,captain ginyu
PT-1720,43,127.4,339,Frieza,58.44,500,500,frieza
PT-1721,91,137.5,512,Saiyan,86.18,800,700,frieza
PT-1722,42,57.8,180,Namekian,57.65,400,500,pan
PT-1723,57,149.4,122,Human,77.95,500,600,krillin
PT-1724,108,207.3,811,Namekian,99.82,900,700,yamcha
PT-1725,93,173.0,394,Frieza,87.01,700,700,vegeta
PT-1726,72,134.0,421,Saiyan,80.97,600,600,dodoria
PT-1727,51,134.9,811,Human,84.42,500,500,yamcha
PT-1728,59,179.7,1139,Saiyan,72.34,600,600,beerus
PT-1729,71,197.5,679,Majin,70.85,700,400,android 16
PT-1730,71,162.3,1567,Majin,83.03,700,600,pan
PT-1731,68,130.9,666,Saiyan,68.14,600,600,jaco
PT-1732,69,113.3,591,Saiyan,75.92,600,600,captain ginyu
PT-1733,66,148.2,569,Saiyan,71.61,600,500,turles
PT-1734,41,141.8,228,Saiyan,60.79,500,500,lord slug
PT-1735,60,168.2,874,Majin,72.0,600,500,nappa
PT-1736,88,190.9,114,Saiyan,92.4,800,700,android 16
PT-1737,43,107.5,347,Frieza,76.05,500,500,jaco
PT-1738,66,172.7,500,Frieza,83.81,700,600,majin buu
PT-1739,54,141.5,307,Frieza,74.29,600,600,cell
PT-1740,72,172.1,376,Human,76.74,700,600,raditz
PT-1741,62,191.3,1486,Saiyan,55.94,700,600,gotenks
PT-1742,100,283.7,956,Majin,92.94,800,700,vegeta
PT-1743,80,273.6,327,Majin,63.77,700,600,android 18
PT-1744,44,122.2,372,Frieza,52.21,500,500,android 16
PT-1745,83,142.7,229,Saiyan,81.91,800,600,captain ginyu
PT-1746,55,99.4,752,Saiyan,74.12,500,500,yamcha
PT-1747,58,145.5,424,Frieza,69.59,600,500,cell
PT-1748,76,176.9,151,Namekian,92.68,600,600,raditz
PT-1749,60,153.2,523,Saiyan,77.7,600,500,raditz
PT-1750,88,248.4,641,Majin,83.2,800,600,yamcha
PT-1751,55,106.7,878,Saiyan,83.09,600,500,android 18
PT-1752,58,152.9,472,Human,85.72,600,500,yamcha
PT-1753,57,161.5,394,Saiyan,76.9,600,600,nappa
PT-1754,59,145.0,1623,Saiyan,67.4,600,600,beerus
PT-1755,92,210.2,495,Saiyan,82.4,800,600,zarbon
PT-1756,83,126.2,759,Saiyan,71.63,700,600,beerus
PT-1757,104,230.9,356,Human,91.26,800,700,dodoria
PT-1758,115,330.7,745,Saiyan,87.6,900,700,piccolo
PT-1759,49,166.2,206,Human,66.97,500,500,majin buu
PT-1760,71,198.3,373,Human,80.48,600,600,nappa
PT-1761,46,100.4,239,Majin,52.53,500,600,gohan (future)
PT-1762,54,142.9,343,Human,61.49,500,500,raditz
PT-1763,57,173.6,1043,Saiyan,68.75,600,500,gohan (adult) and videl
PT-1764,49,99.0,341,Saiyan,69.18,600,400,dodoria
PT-1765,49,137.4,758,Namekian,65.65,500,500,gotenks
PT-1766,67,121.5,1225,Namekian,74.64,800,600,piccolo
PT-1767,46,82.3,485,Frieza,62.75,500,400,android 18
PT-1768,87,166.1,894,Frieza,73.2,800,600,yamcha
PT-1769,52,85.1,678,Human,66.52,600,500,gohan (adult) and videl
PT-1770,126,428.2,528,Namekian,98.69,1000,800,raditz
PT-1771,61,135.9,773,Saiyan,71.92,600,600,zarbon
PT-1772,71,155.3,1486,Majin,79.29,700,600,android 16
PT-1773,44,96.1,336,Frieza,70.95,500,600,dodoria
PT-1774,104,234.8,277,Majin,97.05,900,700,hercule
PT-1775,92,157.2,268,Saiyan,81.73,800,800,cell
PT-1776,76,130.4,895,Saiyan,67.79,600,700,yamcha
PT-1777,43,122.3,970,Saiyan,77.37,500,500,hercule
PT-1778,74,125.1,357,Saiyan,82.68,600,500,zarbon
PT-1779,48,172.8,137,Namekian,61.56,600,500,cooler
PT-1780,99,171.0,329,Majin,91.82,800,700,piccolo
PT-1781,86,246.3,685,Saiyan,92.94,800,500,zarbon
PT-1782,72,210.4,473,Majin,92.63,700,500,gohan (adult) and videl
PT-1783,21,28.3,549,Saiyan,60.4,300,400,pan
PT-1784,50,99.1,360,Human,78.48,700,500,pan
PT-1785,84,307.7,905,Saiyan,73.92,700,600,cell
PT-1786,94,217.5,605,Human,87.31,700,700,tien
PT-1787,92,243.1,701,Majin,84.12,800,600,zarbon
PT-1788,38,41.4,542,Majin,67.94,600,400,piccolo
PT-1789,76,176.0,675,Majin,93.29,700,600,cell
PT-1790,90,242.8,649,Saiyan,88.0,700,700,yamcha
PT-1791,37,119.5,282,Human,57.3,500,400,bardock
PT-1792,70,122.1,616,Saiyan,67.89,600,600,piccolo
PT-1793,75,209.2,792,Human,93.17,600,500,krillin
PT-1794,64,183.3,985,Human,79.71,700,500,gotenks
PT-1795,33,65.3,632,Human,66.78,500,500,piccolo
PT-1796,63,100.5,276,Frieza,72.45,600,600,krillin
PT-1797,63,119.7,303,Saiyan,77.34,600,500,frieza
PT-1798,67,184.1,380,Namekian,68.9,700,600,gohan (future)
PT-1799,59,160.2,552,Saiyan,76.7,500,500,raditz
PT-1800,61,166.7,458,Human,65.0,600,600,vegeta
PT-1801,69,147.0,251,Namekian,74.73,800,600,raditz
PT-1802,79,212.2,250,Majin,76.46,800,500,frieza
PT-1803,64,166.4,140,Namekian,49.54,600,600,nappa
PT-1804,62,155.5,76,Majin,72.03,700,500,cooler
PT-1805,72,173.5,455,Saiyan,71.61,700,600,dodoria
PT-1806,32,47.7,1983,Frieza,61.12,500,400,pan
PT-1807,80,251.5,1448,Frieza,82.01,700,500,android 16
PT-1808,70,144.6,274,Saiyan,92.14,700,600,cell
PT-1809,71,174.3,539,Saiyan,80.84,600,600,dodoria
PT-1810,89,153.6,205,Saiyan,88.27,800,700,gohan (kid)
PT-1811,31,83.1,224,Namekian,66.36,500,400,gohan (kid)
PT-1812,31,92.3,240,Frieza,69.37,500,500,captain ginyu
PT-1813,75,154.6,430,Namekian,83.63,700,600,piccolo
PT-1814,70,233.9,442,Saiyan,80.25,700,500,yamcha
PT-1815,73,202.2,573,Saiyan,84.89,700,600,vegeta
PT-1816,61,111.4,734,Human,54.99,700,600,yamcha
PT-1817,83,202.8,403,Saiyan,99.91,700,600,raditz
PT-1818,89,200.2,504,Saiyan,98.32,700,700,captain ginyu
PT-1819,80,292.8,256,Saiyan,83.74,700,600,hercule
PT-1820,65,136.1,220,Saiyan,64.7,600,600,raditz
PT-1821,28,38.2,200,Saiyan,70.88,500,400,hercule
PT-1822,85,185.1,727,Majin,78.45,700,700,krillin
PT-1823,94,181.2,402,Saiyan,91.87,800,700,zamasu
PT-1824,83,242.2,160,Saiyan,72.94,700,500,captain ginyu
PT-1825,52,97.5,474,Human,88.61,600,600,dodoria
PT-1826,83,161.0,233,Frieza,71.66,700,600,android 16
PT-1827,87,223.3,1334,Majin,85.35,700,700,dodoria
PT-1828,101,326.8,348,Human,73.42,900,700,vegeta
PT-1829,52,168.3,742,Majin,70.47,600,400,vegeta
PT-1830,65,165.7,947,Majin,72.6,600,400,bardock
PT-1831,85,168.4,278,Human,93.1,800,600,turles
PT-1832,71,103.0,516,Human,75.0,700,600,captain ginyu
PT-1833,48,158.3,687,Human,78.31,500,600,gotenks
PT-1834,78,213.5,528,Human,73.01,800,600,yamcha
PT-1835,82,208.2,612,Saiyan,80.54,700,600,captain ginyu
PT-1836,72,241.8,222,Saiyan,76.7,700,500,zarbon
PT-1837,74,150.3,687,Saiyan,83.56,600,700,nappa
PT-1838,65,185.7,368,Saiyan,78.95,600,500,whis
PT-1839,100,201.7,608,Human,95.78,800,800,gotenks
PT-1840,52,68.9,856,Human,72.93,500,600,beerus
PT-1841,58,144.7,736,Saiyan,78.49,600,600,android 18
PT-1842,70,158.3,607,Saiyan,70.82,600,600,vegeta
PT-1843,88,316.1,724,Saiyan,88.31,700,600,majin buu
PT-1844,40,77.8,745,Majin,78.87,600,500,tien
PT-1845,44,134.1,1209,Saiyan,54.16,500,500,turles
PT-1846,29,102.8,483,Saiyan,65.51,400,400,krillin
PT-1847,71,200.0,544,Saiyan,83.81,700,500,gohan (adult) and videl
PT-1848,48,143.7,862,Human,80.89,500,500,cell
PT-1849,62,181.9,367,Saiyan,80.61,600,500,tien
PT-1850,83,173.0,221,Human,84.0,800,700,yamcha
PT-1851,57,102.9,662,Human,76.24,500,500,zarbon
PT-1852,75,159.1,435,Frieza,74.12,700,600,gohan (kid)
PT-1853,64,212.6,239,Human,72.5,700,600,turles
PT-1854,83,200.4,665,Saiyan,72.51,700,700,piccolo
PT-1855,80,171.8,1163,Saiyan,93.9,800,600,zarbon
PT-1856,56,104.7,185,Majin,76.0,600,500,raditz
PT-1857,67,148.7,910,Saiyan,69.47,700,500,yamcha
PT-1858,91,299.2,108,Frieza,88.57,800,700,raditz
PT-1859,78,158.4,388,Human,90.47,700,700,turles
PT-1860,42,135.6,1487,Saiyan,74.74,500,400,lord slug
PT-1861,83,224.0,405,Saiyan,75.78,700,700,whis
PT-1862,48,142.3,520,Frieza,44.13,600,500,vegeta
PT-1863,98,189.3,779,Frieza,92.36,700,700,raditz
PT-1864,90,225.3,176,Namekian,78.91,700,700,krillin
PT-1865,76,135.0,515,Saiyan,85.38,800,600,dodoria
PT-1866,73,156.5,512,Majin,86.8,600,600,krillin
PT-1867,66,212.2,1506,Saiyan,85.31,600,500,krillin
PT-1868,84,214.2,235,Saiyan,97.56,700,700,cooler
PT-1869,63,109.5,392,Human,85.09,600,500,yamcha
PT-1870,75,227.8,282,Frieza,94.0,700,500,frieza
PT-1871,87,161.4,265,Saiyan,95.83,700,600,frieza
PT-1872,59,145.7,969,Human,85.33,600,500,lord slug
PT-1873,58,209.6,501,Saiyan,72.87,600,500,vegeta
PT-1874,46,132.5,353,Saiyan,58.09,500,500,cell
PT-1875,49,149.8,361,Saiyan,89.46,500,500,vegeta
PT-1876,33,68.1,351,Namekian,63.7,400,500,tien
PT-1877,85,240.2,371,Saiyan,93.83,800,600,gohan (kid)
PT-1878,106,310.9,231,Human,88.0,900,700,krillin
PT-1879,99,266.4,422,Saiyan,97.31,800,700,dodoria
PT-1880,37,78.2,397,Human,45.24,500,500,lord slug
PT-1881,84,252.3,313,Saiyan,80.32,600,600,hercule
PT-1882,98,199.3,541,Saiyan,88.41,900,800,raditz
PT-1883,61,218.2,569,Human,78.1,700,600,tien
PT-1884,72,126.8,353,Human,87.38,800,600,piccolo
PT-1885,30,44.6,452,Frieza,53.25,500,500,hit
PT-1886,75,252.0,1799,Saiyan,85.28,700,600,gohan (kid)
PT-1887,49,87.9,1759,Human,79.41,600,500,zarbon
PT-1888,74,123.2,262,Frieza,98.37,600,600,tien
PT-1889,39,124.0,285,Saiyan,71.25,500,500,hercule
PT-1890,81,131.7,261,Namekian,78.72,700,600,zarbon
PT-1891,90,170.6,929,Frieza,75.83,800,700,tien
PT-1892,54,154.4,388,Namekian,86.23,500,500,dodoria
PT-1893,47,93.7,569,Human,74.7,500,500,lord slug
PT-1894,27,68.2,1633,Majin,60.62,400,400,dodoria
PT-1895,65,101.0,490,Human,63.04,700,600,gohan (future)
PT-1896,58,153.8,753,Human,65.75,600,500,broly
PT-1897,39,67.4,673,Frieza,70.65,500,300,captain ginyu
PT-1898,79,123.3,346,Saiyan,84.43,800,600,jaco
PT-1899,61,177.4,930,Majin,58.83,700,600,gohan (adult) and videl
PT-1900,48,129.3,296,Human,74.26,600,500,vegeta
PT-1901,59,114.1,1101,Saiyan,61.05,600,500,majin buu
PT-1902,91,187.7,346,Human,97.23,800,700,captain ginyu
PT-1903,82,297.2,370,Majin,84.47,700,600,frieza
PT-1904,67,210.3,256,Human,73.09,700,600,captain ginyu
PT-1905,82,194.8,283,Namekian,90.72,800,500,gohan (adult) and videl
PT-1906,47,122.5,381,Saiyan,71.63,600,500,whis
PT-1907,71,154.0,115,Frieza,89.0,600,600,nappa
PT-1908,73,210.2,428,Human,79.84,600,500,android 18
PT-1909,61,183.3,363,Majin,75.51,600,500,android 18
PT-1910,79,281.2,792,Saiyan,79.32,700,600,broly
PT-1911,54,109.3,635,Saiyan,73.7,600,500,zarbon
PT-1912,80,166.3,322,Frieza,95.58,800,600,piccolo
PT-1913,81,147.7,374,Saiyan,78.38,700,600,piccolo
PT-1914,12,5.0,428,Saiyan,59.98,300,300,krillin
PT-1915,94,200.7,1202,Majin,80.56,700,700,tien
PT-1916,9,13.6,301,Majin,37.07,400,400,gohan (kid)
PT-1917,58,122.8,320,Namekian,74.86,600,600,tien
PT-1918,91,318.8,250,Majin,89.36,700,600,broly
PT-1919,64,117.8,203,Frieza,74.72,600,600,nappa
PT-1920,41,68.0,592,Human,54.43,500,500,vegeta
PT-1921,48,131.6,557,Human,71.63,500,500,majin buu
PT-1922,91,273.4,1064,Namekian,88.53,800,700,gohan (kid)
PT-1923,32,80.2,920,Majin,55.69,400,400,lord slug
PT-1924,93,268.9,2076,Saiyan,76.37,700,700,gohan (adult) and videl
PT-1925,69,166.1,471,Saiyan,75.58,600,500,nappa
PT-1926,46,59.1,421,Human,73.62,500,500,dodoria
PT-1927,58,135.8,226,Majin,76.53,500,500,nappa
PT-1928,50,99.2,748,Human,62.95,500,500,zarbon
PT-1929,87,240.1,529,Majin,85.9,700,600,cooler
PT-1930,85,164.8,728,Namekian,91.1,800,700,nappa
PT-1931,36,98.2,249,Saiyan,55.02,500,500,dodoria
PT-1932,62,203.5,608,Human,75.31,700,500,captain ginyu
PT-1933,53,80.6,557,Human,81.92,700,500,krillin
PT-1934,96,136.8,536,Saiyan,78.2,800,700,yamcha
PT-1935,43,86.9,327,Human,76.44,500,500,frieza
PT-1936,102,305.5,1006,Human,100.0,800,800,krillin
PT-1937,69,174.9,1686,Majin,75.82,700,600,cell
PT-1938,47,135.7,253,Human,66.06,500,500,beerus
PT-1939,56,126.6,759,Saiyan,80.66,600,500,majin buu
PT-1940,54,94.6,88,Human,70.11,500,500,gohan (kid)
PT-1941,45,128.5,736,Namekian,49.17,600,500,zarbon
PT-1942,72,136.5,160,Human,78.01,700,600,android 16
PT-1943,45,148.8,360,Saiyan,71.76,600,400,android 16
PT-1944,26,46.3,224,Frieza,66.32,500,400,bardock
PT-1945,62,128.8,433,Saiyan,67.75,600,600,dodoria
PT-1946,34,77.0,815,Saiyan,61.44,500,500,raditz
PT-1947,55,135.9,162,Saiyan,79.82,400,600,nappa
PT-1948,52,151.2,397,Majin,70.32,700,600,whis
PT-1949,53,119.7,362,Namekian,58.97,500,500,android 18
PT-1950,110,375.1,1272,Saiyan,100.0,900,800,turles
PT-1951,71,213.6,638,Majin,76.69,700,600,lord slug
PT-1952,75,255.8,243,Majin,88.73,700,700,gohan (future)
PT-1953,34,85.1,371,Namekian,52.44,500,500,captain ginyu
PT-1954,57,170.7,1253,Frieza,71.83,500,500,jaco
PT-1955,74,202.1,756,Majin,83.68,700,600,broly
PT-1956,50,141.3,284,Saiyan,69.3,500,500,gotenks
PT-1957,88,171.4,420,Saiyan,75.74,600,600,pan
PT-1958,46,101.3,428,Frieza,49.31,500,400,captain ginyu
PT-1959,64,90.0,357,Human,87.79,600,500,lord slug
PT-1960,58,67.1,177,Human,75.18,600,500,frieza
PT-1961,73,213.1,328,Frieza,88.53,700,500,hercule
PT-1962,57,100.1,1134,Namekian,80.23,700,500,majin buu
PT-1963,65,165.7,392,Majin,80.77,600,600,majin buu
PT-1964,65,170.3,463,Namekian,73.43,600,500,zarbon
PT-1965,55,98.5,536,Saiyan,75.92,600,500,hercule
PT-1966,80,254.4,1865,Majin,93.46,600,600,broly
PT-1967,75,165.8,495,Frieza,80.66,700,600,android 18
PT-1968,68,211.3,950,Saiyan,92.41,700,600,dodoria
PT-1969,61,164.8,344,Saiyan,62.4,600,500,turles
PT-1970,86,182.3,422,Majin,71.54,700,600,hercule
PT-1971,65,113.9,496,Human,83.9,600,500,dodoria
PT-1972,64,167.1,310,Saiyan,69.05,700,600,cooler
PT-1973,72,157.4,436,Saiyan,95.15,700,600,cell
PT-1974,104,219.8,840,Saiyan,100.0,900,700,cell
PT-1975,43,166.6,305,Saiyan,79.9,500,500,gohan (kid)
PT-1976,85,158.7,493,Namekian,91.08,600,700,gohan (kid)
PT-1977,32,90.0,754,Human,55.43,500,400,broly
PT-1978,74,145.7,300,Majin,66.33,700,600,pan
PT-1979,102,361.6,951,Saiyan,100.0,900,700,vegeta
PT-1980,80,134.9,515,Saiyan,70.0,700,600,whis
PT-1981,73,154.1,446,Saiyan,91.88,700,600,dodoria
PT-1982,59,116.4,148,Namekian,78.96,600,600,piccolo
PT-1983,71,132.5,394,Frieza,77.79,600,600,lord slug
PT-1984,65,199.8,616,Saiyan,79.54,600,600,krillin
PT-1985,54,108.2,1404,Frieza,75.32,600,500,yamcha
PT-1986,64,140.9,693,Saiyan,73.98,600,600,jaco
PT-1987,74,175.9,968,Saiyan,91.01,700,600,captain ginyu
PT-1988,55,141.6,239,Majin,83.13,700,600,raditz
PT-1989,54,76.9,457,Saiyan,72.85,600,500,dodoria
PT-1990,43,80.8,1025,Frieza,62.4,500,600,cooler
PT-1991,78,150.9,289,Saiyan,91.65,800,600,android 18
PT-1992,81,204.5,879,Majin,66.22,700,600,nappa
PT-1993,75,133.9,765,Saiyan,83.55,800,600,vegeta
PT-1994,89,314.3,581,Saiyan,91.52,700,700,frieza
PT-1995,72,169.4,405,Saiyan,72.17,800,600,android 18
PT-1996,78,189.2,273,Frieza,88.99,800,600,whis
PT-1997,76,163.1,1430,Human,80.19,600,600,vegeta
PT-1998,68,115.6,720,Human,72.83,700,600,broly
PT-1999,59,148.1,604,Saiyan,81.31,600,500,bojack
PT-2000,114,226.4,385,Saiyan,86.91,800,700,nappa
PT-2001,61,104.1,504,Saiyan,81.35,600,600,krillin
PT-2002,57,163.2,544,Majin,56.94,500,500,cooler
PT-2003,79,190.3,626,Saiyan,83.89,700,600,beerus
PT-2004,75,235.6,766,Saiyan,80.35,600,600,krillin
PT-2005,42,95.2,308,Human,62.48,500,500,piccolo
PT-2006,92,216.9,204,Human,89.92,800,600,android 16
PT-2007,68,138.7,518,Saiyan,76.56,700,500,gohan (adult) and videl
PT-2008,48,94.6,173,Saiyan,77.64,500,500,tien
PT-2009,94,267.7,406,Saiyan,92.08,800,600,nappa
PT-2010,83,158.6,363,Majin,86.82,600,500,raditz
PT-2011,45,128.7,662,Saiyan,70.33,500,500,gohan (future)
PT-2012,106,258.9,1619,Majin,88.62,800,700,cell
PT-2013,83,131.7,153,Saiyan,80.79,800,700,dodoria
PT-2014,70,243.6,1929,Frieza,79.99,700,600,turles
PT-2015,102,248.6,428,Frieza,89.41,800,700,frieza
PT-2016,73,227.0,607,Saiyan,88.09,700,600,whis
PT-2017,69,158.8,2387,Human,78.35,600,500,raditz
PT-2018,57,170.7,896,Saiyan,75.81,700,500,krillin
PT-2019,82,179.6,505,Namekian,71.58,700,600,zarbon
PT-2020,80,186.6,475,Human,89.55,700,600,piccolo
PT-2021,70,205.0,154,Human,73.35,600,600,gotenks
PT-2022,54,137.3,515,Saiyan,63.26,600,500,captain ginyu
PT-2023,73,141.3,819,Saiyan,92.37,600,500,gohan (kid)
PT-2024,69,265.4,428,Human,83.18,700,500,hercule
PT-2025,43,111.9,997,Human,75.02,600,500,captain ginyu
PT-2026,41,122.8,972,Namekian,70.04,600,400,captain ginyu
PT-2027,81,219.8,335,Namekian,81.65,700,600,piccolo
PT-2028,18,31.8,1283,Human,54.96,400,400,zamasu
PT-2029,74,236.5,506,Human,85.83,800,700,android 16
PT-2030,60,162.6,508,Frieza,83.06,600,600,turles
PT-2031,96,210.7,523,Majin,87.85,800,600,majin buu
PT-2032,60,89.8,514,Namekian,90.58,600,500,captain ginyu
PT-2033,83,193.6,102,Frieza,81.62,700,600,krillin
PT-2034,62,172.2,441,Saiyan,63.65,600,600,android 16
PT-2035,72,203.7,217,Majin,65.03,600,500,tien
PT-2036,85,139.1,1307,Human,70.5,700,600,goku
PT-2037,61,148.1,1276,Saiyan,71.09,600,500,raditz
PT-2038,90,212.8,822,Human,84.14,900,600,vegeta
PT-2039,50,155.9,427,Saiyan,75.46,600,500,frieza
PT-2040,76,149.5,269,Human,80.17,700,600,captain ginyu
PT-2041,88,227.4,332,Saiyan,91.95,800,600,android 16
PT-2042,83,273.4,1581,Majin,83.56,800,700,hercule
PT-2043,108,365.3,325,Human,93.31,800,800,majin buu
PT-2044,55,102.3,120,Human,67.38,600,400,whis
PT-2045,42,136.8,914,Saiyan,78.18,400,500,dodoria
PT-2046,50,145.0,1212,Human,57.75,600,400,captain ginyu
PT-2047,83,275.5,1333,Saiyan,85.61,800,700,broly
PT-2048,80,126.6,919,Saiyan,80.55,700,700,gohan (kid)
PT-2049,72,206.8,1013,Saiyan,85.05,700,600,raditz
PT-2050,48,122.6,509,Namekian,69.03,500,400,krillin
PT-2051,85,191.1,142,Saiyan,84.07,700,600,lord slug
PT-2052,46,116.0,501,Human,66.27,500,500,cell
PT-2053,93,226.6,715,Namekian,98.35,800,700,gohan (kid)
PT-2054,127,334.1,454,Saiyan,100.0,900,900,yamcha
PT-2055,77,122.1,442,Namekian,96.56,700,700,krillin
PT-2056,82,182.3,276,Saiyan,84.98,700,700,dodoria
PT-2057,60,121.0,270,Saiyan,74.17,600,500,piccolo
PT-2058,34,115.5,1485,Saiyan,62.44,500,400,hercule
PT-2059,58,199.2,1517,Human,77.71,600,500,jaco
PT-2060,48,99.7,492,Frieza,64.49,500,500,hercule
PT-2061,41,74.5,583,Human,67.57,600,400,turles
PT-2062,104,196.1,274,Human,91.67,800,700,bojack
PT-2063,75,186.3,725,Saiyan,82.6,700,600,lord slug
PT-2064,78,243.8,1416,Frieza,84.0,800,600,frieza
PT-2065,64,199.9,197,Human,78.82,600,600,gohan (adult) and videl
PT-2066,67,86.8,651,Saiyan,77.56,700,500,frieza
PT-2067,89,131.8,681,Frieza,98.15,700,700,zarbon
PT-2068,69,127.3,676,Saiyan,80.98,800,500,krillin
PT-2069,81,288.6,1320,Saiyan,100.0,800,600,android 18
PT-2070,66,161.2,1672,Saiyan,76.8,600,600,beerus
PT-2071,63,171.8,428,Saiyan,82.87,600,600,cell
PT-2072,42,93.5,738,Majin,60.99,500,400,vegeta
PT-2073,30,105.8,518,Human,73.21,400,400,android 18
PT-2074,65,159.1,337,Frieza,70.37,600,600,gohan (adult) and videl
PT-2075,71,243.3,580,Saiyan,82.05,700,600,majin buu
PT-2076,44,138.1,737,Human,65.48,400,400,dodoria
PT-2077,69,173.1,561,Majin,81.22,700,600,nappa
PT-2078,71,205.5,290,Human,76.52,700,500,vegeta
PT-2079,27,56.9,373,Human,54.49,500,400,whis
PT-2080,52,134.6,375,Human,68.63,600,500,piccolo
PT-2081,78,127.9,297,Human,93.53,700,600,turles
PT-2082,78,165.7,595,Namekian,84.94,700,600,piccolo
PT-2083,47,97.0,633,Saiyan,58.49,600,500,bardock
PT-2084,73,93.2,887,Human,87.96,700,600,zarbon
PT-2085,90,137.9,295,Human,78.87,800,600,lord slug
PT-2086,86,166.5,348,Saiyan,90.35,700,700,lord slug
PT-2087,68,169.4,1252,Saiyan,81.63,700,700,hercule
PT-2088,61,164.4,446,Frieza,79.33,500,600,hercule
PT-2089,57,128.7,502,Saiyan,87.63,700,500,krillin
PT-2090,79,292.3,444,Saiyan,74.97,700,600,gohan (kid)
PT-2091,74,273.4,972,Human,84.49,800,600,raditz
PT-2092,83,133.8,995,Saiyan,93.28,700,700,cell
PT-2093,73,192.6,961,Saiyan,74.05,600,500,cell
PT-2094,86,218.6,501,Saiyan,78.43,700,600,gohan (kid)
PT-2095,72,224.8,292,Saiyan,76.5,700,700,hercule
PT-2096,86,184.6,1564,Saiyan,87.0,700,700,gohan (kid)
PT-2097,87,246.4,824,Namekian,73.52,700,600,nappa
PT-2098,54,103.6,375,Saiyan,76.01,500,600,vegeta
PT-2099,34,87.7,1158,Saiyan,52.33,400,500,majin buu
PT-2100,101,309.9,357,Human,100.0,800,700,krillin
PT-2101,75,209.6,1149,Saiyan,84.11,600,700,beerus
PT-2102,36,116.3,1196,Saiyan,79.71,400,400,cell
PT-2103,56,97.2,283,Saiyan,77.75,600,600,cooler
PT-2104,85,161.7,699,Saiyan,81.56,700,600,raditz
PT-2105,64,110.3,788,Saiyan,69.21,700,500,hercule
PT-2106,60,116.1,2366,Saiyan,75.91,600,700,broly
PT-2107,98,160.5,316,Namekian,88.96,900,600,captain ginyu
PT-2108,49,98.5,1164,Frieza,79.09,600,500,gohan (kid)
PT-2109,54,136.1,498,Namekian,64.17,600,500,vegeta
PT-2110,74,187.6,234,Saiyan,95.77,800,600,zarbon
PT-2111,78,181.2,459,Majin,91.4,600,600,gohan (kid)
PT-2112,80,145.1,493,Human,80.37,700,600,cell
PT-2113,88,243.5,261,Saiyan,99.58,700,700,nappa
PT-2114,74,120.9,594,Frieza,73.33,700,600,gohan (adult) and videl
PT-2115,80,269.9,875,Majin,83.64,700,600,dodoria
PT-2116,65,69.4,568,Saiyan,65.79,700,600,android 18
PT-2117,71,174.0,356,Frieza,93.17,700,500,jaco
PT-2118,72,242.3,451,Saiyan,65.62,700,700,zarbon
PT-2119,74,152.3,491,Human,68.08,700,600,piccolo
PT-2120,85,216.3,561,Saiyan,78.92,800,700,frieza
PT-2121,81,248.4,959,Saiyan,92.98,700,600,captain ginyu
PT-2122,71,138.9,580,Frieza,86.04,700,500,hercule
PT-2123,54,159.5,212,Human,72.58,500,600,turles
PT-2124,71,244.7,352,Saiyan,86.55,600,600,lord slug
PT-2125,69,241.2,544,Majin,76.68,700,600,gohan (future)
PT-2126,74,184.9,967,Namekian,82.98,600,500,gohan (kid)
PT-2127,114,244.8,1074,Frieza,100.0,900,800,raditz
PT-2128,60,182.1,1429,Frieza,72.03,600,600,gohan (kid)
PT-2129,78,192.2,533,Frieza,75.07,700,600,android 16
PT-2130,91,202.3,779,Human,90.16,700,700,raditz
PT-2131,72,155.6,206,Saiyan,84.72,700,600,tien
PT-2132,117,236.0,638,Frieza,97.68,900,700,bardock
PT-2133,62,143.8,258,Saiyan,82.83,600,600,gohan (kid)
PT-2134,76,125.6,475,Saiyan,78.79,700,600,raditz
PT-2135,54,102.3,3035,Saiyan,72.62,600,500,nappa
PT-2136,63,109.2,591,Saiyan,78.2,700,500,yamcha
PT-2137,75,256.9,293,Human,82.3,700,600,krillin
PT-2138,87,133.7,629,Frieza,97.71,700,700,gohan (kid)
PT-2139,76,131.5,361,Human,83.36,600,600,nappa
PT-2140,95,211.9,277,Human,85.57,800,700,gohan (adult) and videl
PT-2141,68,144.8,1740,Saiyan,81.42,600,500,zarbon
PT-2142,63,236.5,935,Majin,83.27,600,600,lord slug
PT-2143,124,436.4,606,Saiyan,100.0,1000,800,lord slug
PT-2144,78,190.8,390,Saiyan,86.95,700,600,hercule
PT-2145,56,113.5,409,Human,60.42,600,600,whis
PT-2146,56,129.0,1243,Human,52.46,500,600,captain ginyu
PT-2147,51,112.5,592,Saiyan,80.6,500,600,tien
PT-2148,89,172.6,78,Saiyan,89.11,800,800,krillin
PT-2149,63,109.1,2106,Saiyan,75.03,600,600,piccolo
PT-2150,73,145.6,550,Human,84.75,700,600,gotenks
PT-2151,69,190.2,605,Saiyan,93.02,700,500,frieza
PT-2152,85,181.5,946,Saiyan,95.31,900,600,yamcha
PT-2153,53,79.4,651,Namekian,78.9,500,400,yamcha
PT-2154,48,103.3,771,Majin,62.11,600,500,beerus
PT-2155,74,194.8,382,Saiyan,73.55,600,500,captain ginyu
PT-2156,82,127.6,236,Human,63.71,800,700,piccolo
PT-2157,77,113.2,583,Saiyan,85.87,700,600,beerus
PT-2158,54,100.9,1163,Saiyan,80.47,500,500,lord slug
PT-2159,84,181.2,334,Majin,93.12,700,600,dodoria
PT-2160,55,179.7,318,Saiyan,77.4,600,600,dodoria
PT-2161,60,206.7,1025,Saiyan,72.77,700,600,android 16
PT-2162,51,111.9,375,Namekian,65.89,500,500,nappa
PT-2163,96,240.0,385,Majin,81.8,800,600,nenhum
PT-2164,83,303.2,394,Frieza,81.89,800,700,hercule
PT-2165,82,236.2,474,Namekian,74.98,700,600,android 18
PT-2166,95,179.0,192,Saiyan,100.0,800,600,cell
PT-2167,126,196.7,357,Human,89.98,1000,800,zamasu
PT-2168,36,75.9,566,Saiyan,62.82,400,500,krillin
PT-2169,55,141.4,563,Human,56.51,500,500,krillin
PT-2170,58,95.1,987,Saiyan,75.57,600,600,hercule
PT-2171,53,110.3,1486,Saiyan,71.18,600,500,piccolo
PT-2172,48,128.0,1221,Saiyan,66.35,600,500,cell
PT-2173,64,148.2,853,Majin,68.14,700,600,captain ginyu
PT-2174,46,109.0,451,Saiyan,68.42,500,500,nappa
PT-2175,77,197.9,339,Human,76.44,700,600,raditz
PT-2176,71,198.9,498,Namekian,77.31,700,500,hercule
PT-2177,80,151.5,700,Majin,97.66,700,700,piccolo
PT-2178,80,110.6,807,Saiyan,83.38,800,600,yamcha
PT-2179,82,268.5,716,Saiyan,87.06,800,600,zarbon
PT-2180,63,170.3,458,Frieza,71.48,600,600,yamcha
PT-2181,112,145.5,790,Human,88.52,800,700,android 18
PT-2182,75,138.8,1050,Saiyan,79.82,700,600,bojack
PT-2183,33,100.9,836,Frieza,83.23,500,500,majin buu
PT-2184,50,161.2,483,Saiyan,67.7,500,500,cooler
PT-2185,35,106.1,299,Saiyan,66.89,400,400,vegeta
PT-2186,70,176.8,295,Saiyan,71.37,700,600,hit
PT-2187,68,170.4,327,Saiyan,55.16,600,600,broly
PT-2188,61,136.5,575,Saiyan,68.08,500,600,gohan (adult) and videl
PT-2189,110,215.8,673,Human,100.0,800,700,raditz
PT-2190,81,210.3,211,Saiyan,87.16,700,600,yamcha
PT-2191,85,206.7,364,Human,97.13,700,700,piccolo
PT-2192,51,103.6,570,Majin,67.62,600,400,raditz
PT-2193,50,167.4,287,Namekian,51.15,600,500,tien
PT-2194,71,172.7,639,Saiyan,69.53,600,600,broly
PT-2195,73,108.8,410,Majin,82.38,800,700,piccolo
PT-2196,33,59.2,319,Saiyan,65.1,500,500,raditz
PT-2197,66,234.2,509,Human,76.32,700,500,broly
PT-2198,70,210.5,624,Saiyan,73.76,600,600,goku
PT-2199,66,182.5,296,Majin,83.92,600,500,raditz
PT-2200,54,204.1,426,Saiyan,67.59,600,500,gohan (kid)
PT-2201,59,204.7,652,Human,76.06,700,600,gohan (adult) and videl
PT-2202,66,197.6,312,Saiyan,77.96,600,500,gohan (future)
PT-2203,72,219.6,182,Saiyan,75.85,700,600,android 16
PT-2204,82,182.5,196,Human,75.75,600,700,zarbon
PT-2205,92,257.8,383,Saiyan,83.38,700,700,android 16
PT-2206,64,155.5,223,Majin,90.59,600,600,hercule
PT-2207,61,189.0,400,Human,83.3,600,500,yamcha
PT-2208,79,156.3,1338,Human,89.76,600,600,zarbon
PT-2209,82,227.2,215,Majin,76.51,600,700,turles
PT-2210,61,218.5,416,Majin,62.9,500,600,cell
PT-2211,86,187.9,1771,Frieza,93.17,800,700,yamcha
PT-2212,90,335.2,629,Saiyan,93.24,800,700,majin buu
PT-2213,96,225.2,395,Human,89.5,800,700,android 16
PT-2214,106,217.2,448,Majin,89.44,800,800,raditz
PT-2215,53,98.6,638,Saiyan,59.49,600,600,nappa
PT-2216,70,229.6,1363,Saiyan,84.94,700,700,gohan (kid)
PT-2217,70,163.4,358,Saiyan,87.49,700,600,bojack
PT-2218,68,141.9,313,Human,71.77,600,700,piccolo
PT-2219,57,154.3,215,Saiyan,66.7,600,600,gotenks
PT-2220,40,82.9,524,Human,75.93,500,500,captain ginyu
PT-2221,72,179.2,212,Human,73.67,700,500,broly
PT-2222,55,186.9,373,Human,86.23,600,500,bardock
PT-2223,72,210.1,286,Saiyan,77.93,600,700,goku
PT-2224,54,160.7,939,Majin,68.51,600,500,turles
PT-2225,48,117.0,363,Human,69.56,500,500,zarbon
PT-2226,75,277.7,625,Saiyan,76.91,700,600,gohan (kid)
PT-2227,73,150.0,188,Saiyan,88.21,600,600,nappa
PT-2228,82,150.7,533,Saiyan,89.89,700,600,android 16
PT-2229,114,189.2,239,Frieza,100.0,1000,700,nappa
PT-2230,76,172.1,382,Saiyan,81.88,700,600,zarbon
PT-2231,80,218.7,1857,Saiyan,78.35,800,600,tien
PT-2232,48,138.7,862,Saiyan,69.13,600,400,majin buu
PT-2233,44,86.9,456,Saiyan,64.19,500,600,tien
PT-2234,102,179.3,3359,Saiyan,100.0,800,800,nappa
PT-2235,52,126.4,285,Majin,78.82,700,600,cooler
PT-2236,49,182.0,991,Human,68.87,600,500,captain ginyu
PT-2237,69,176.9,196,Namekian,70.19,600,600,beerus
PT-2238,68,143.2,426,Saiyan,89.53,600,600,android 16
PT-2239,52,106.8,219,Human,71.89,600,500,hercule
PT-2240,64,133.4,575,Majin,74.56,600,600,gohan (kid)
PT-2241,95,169.7,510,Human,100.0,800,700,yamcha
PT-2242,54,112.3,410,Namekian,67.52,700,500,majin buu
PT-2243,42,106.3,949,Saiyan,64.25,500,500,yamcha
PT-2244,89,184.1,351,Human,83.75,800,700,gotenks
PT-2245,80,178.5,600,Human,71.47,700,600,jaco
PT-2246,58,90.1,806,Saiyan,75.73,600,500,gohan (kid)
PT-2247,38,134.0,202,Majin,59.1,500,500,majin buu
PT-2248,55,108.7,314,Saiyan,67.43,500,500,zarbon
PT-2249,69,138.6,509,Saiyan,71.96,500,600,gohan (kid)
PT-2250,93,153.2,719,Majin,82.5,800,700,zarbon
PT-2251,49,132.7,1156,Majin,62.89,500,500,android 18
PT-2252,68,247.0,433,Namekian,79.18,600,500,hit
PT-2253,84,136.4,408,Namekian,82.36,600,700,gohan (kid)
PT-2254,22,15.2,292,Saiyan,59.18,500,400,cell
PT-2255,91,169.4,601,Human,100.0,800,700,nappa
PT-2256,46,132.6,412,Frieza,67.16,500,500,raditz
PT-2257,77,255.5,418,Saiyan,85.64,800,600,android 18
PT-2258,75,160.0,466,Human,85.75,700,600,majin buu
PT-2259,92,227.6,686,Frieza,86.3,800,600,lord slug
PT-2260,81,229.5,351,Saiyan,84.59,600,700,jaco
PT-2261,22,75.6,310,Frieza,58.97,300,400,tien
PT-2262,54,110.7,638,Human,73.22,600,400,frieza
PT-2263,73,142.0,80,Namekian,74.51,700,600,gohan (kid)
PT-2264,66,171.8,343,Human,72.45,700,700,gohan (adult) and videl
PT-2265,80,252.5,247,Human,82.14,600,600,tien
PT-2266,86,240.2,1014,Majin,68.62,800,600,piccolo
PT-2267,82,248.8,378,Saiyan,94.77,800,600,hercule
PT-2268,66,199.0,352,Human,93.69,700,600,nappa
PT-2269,33,70.2,479,Frieza,64.56,400,500,cell
PT-2270,61,113.5,345,Frieza,79.72,600,500,nenhum
PT-2271,78,108.1,387,Frieza,89.85,700,600,dodoria
PT-2272,48,156.2,522,Human,58.6,500,600,captain ginyu
PT-2273,83,226.7,383,Human,90.63,700,600,bardock
PT-2274,88,158.9,381,Human,81.79,700,700,majin buu
PT-2275,73,127.1,269,Human,97.53,700,600,piccolo
PT-2276,9,14.2,247,Human,52.09,300,300,gohan (adult) and videl
PT-2277,44,151.1,511,Saiyan,74.87,500,600,captain ginyu
PT-2278,108,300.6,592,Saiyan,91.77,800,700,hercule
PT-2279,59,95.7,209,Human,91.17,700,500,cooler
PT-2280,30,100.9,777,Saiyan,57.9,400,400,raditz
PT-2281,95,271.9,779,Saiyan,97.32,800,700,gohan (adult) and videl
PT-2282,70,216.1,884,Saiyan,83.01,600,500,krillin
PT-2283,92,257.8,590,Majin,90.03,800,700,broly
PT-2284,76,249.2,722,Frieza,82.23,700,600,gohan (adult) and videl
PT-2285,79,274.0,1828,Human,76.26,700,600,gohan (future)
PT-2286,77,192.2,411,Frieza,60.11,700,600,krillin
PT-2287,84,176.7,263,Namekian,92.2,800,700,zarbon
PT-2288,116,264.5,196,Saiyan,92.49,700,800,piccolo
PT-2289,89,262.8,1413,Saiyan,94.96,700,600,vegeta
PT-2290,38,89.5,1424,Saiyan,68.01,500,500,nappa
PT-2291,79,143.3,283,Saiyan,91.2,700,600,cooler
PT-2292,93,173.8,318,Human,93.62,900,700,zarbon
PT-2293,94,291.4,406,Saiyan,67.88,800,700,gohan (future)
PT-2294,61,190.1,1027,Frieza,79.32,700,500,gohan (kid)
PT-2295,93,303.0,1950,Human,84.45,900,700,zarbon
PT-2296,89,236.3,151,Saiyan,94.92,800,600,cell
PT-2297,121,384.8,1809,Frieza,100.0,900,800,gohan (kid)
PT-2298,55,167.3,594,Frieza,76.82,500,500,lord slug
PT-2299,60,136.5,647,Majin,71.82,600,700,cell
PT-2300,64,94.3,436,Majin,68.3,700,500,cell
PT-2301,60,199.6,652,Frieza,70.54,600,500,android 16
PT-2302,52,82.7,199,Human,56.4,600,500,gohan (adult) and videl
PT-2303,15,47.2,298,Namekian,51.28,500,300,bojack
PT-2304,61,169.4,525,Saiyan,62.69,600,500,krillin
PT-2305,77,224.2,126,Human,69.3,600,600,captain ginyu
PT-2306,60,121.9,411,Human,74.93,600,600,gohan (adult) and videl
PT-2307,109,318.4,396,Saiyan,97.87,900,800,krillin
PT-2308,70,130.9,411,Saiyan,77.75,600,600,frieza
PT-2309,96,296.8,354,Saiyan,84.41,900,700,android 16
PT-2310,75,148.8,271,Saiyan,72.42,700,600,piccolo
PT-2311,87,257.9,165,Saiyan,82.26,800,600,vegeta
PT-2312,76,236.1,537,Saiyan,73.82,700,500,hercule
PT-2313,97,164.5,412,Majin,88.3,800,800,tien
PT-2314,71,125.3,216,Human,66.23,700,700,yamcha
PT-2315,80,250.6,512,Human,87.61,600,500,gohan (adult) and videl
PT-2316,77,150.8,413,Saiyan,76.26,700,600,gohan (adult) and videl
PT-2317,64,122.7,374,Namekian,78.61,600,600,cooler
PT-2318,78,181.9,135,Saiyan,88.3,700,600,zarbon
PT-2319,115,389.8,742,Saiyan,98.62,800,700,tien
PT-2320,65,153.5,235,Human,82.39,700,600,gohan (adult) and videl
PT-2321,78,197.1,512,Frieza,64.67,700,600,raditz
PT-2322,95,331.2,303,Frieza,84.06,800,700,whis
PT-2323,93,215.7,390,Majin,96.02,700,600,hercule
PT-2324,70,163.2,984,Majin,82.07,600,500,tien
PT-2325,22,43.2,678,Human,73.59,300,400,android 18
PT-2326,80,189.6,971,Human,95.64,700,600,whis
PT-2327,26,52.9,601,Saiyan,62.8,500,500,broly
PT-2328,99,287.0,625,Saiyan,87.58,800,600,android 18
PT-2329,73,124.1,169,Frieza,71.53,700,600,piccolo
PT-2330,90,246.6,407,Frieza,82.19,800,600,android 16
PT-2331,52,101.8,431,Saiyan,67.53,600,500,android 16
PT-2332,39,92.6,1027,Saiyan,60.85,500,500,cooler
PT-2333,75,111.2,364,Saiyan,72.65,700,600,raditz
PT-2334,69,183.6,578,Human,80.81,700,600,beerus
PT-2335,60,176.8,564,Saiyan,87.57,600,600,captain ginyu
PT-2336,72,161.0,987,Human,86.27,700,600,gohan (kid)
PT-2337,125,228.9,455,Saiyan,97.42,900,900,raditz
PT-2338,87,173.8,810,Saiyan,92.91,600,700,gohan (kid)
PT-2339,91,305.5,177,Saiyan,89.17,800,600,dodoria
PT-2340,87,159.4,187,Majin,84.47,700,600,raditz
PT-2341,100,299.8,125,Saiyan,89.18,800,700,captain ginyu
PT-2342,66,152.7,790,Human,74.8,600,600,piccolo
PT-2343,29,61.7,738,Human,66.81,400,400,gohan (kid)
PT-2344,66,201.9,844,Majin,77.52,600,500,yamcha
PT-2345,86,250.9,328,Saiyan,78.57,800,500,nappa
PT-2346,51,88.9,351,Majin,64.19,500,500,vegeta
PT-2347,66,242.7,458,Saiyan,78.85,600,600,vegeta
PT-2348,56,95.9,1172,Human,75.83,600,500,lord slug
PT-2349,100,205.8,1361,Human,87.49,800,700,dodoria
PT-2350,85,188.2,793,Frieza,74.94,800,700,cell
PT-2351,83,216.4,601,Frieza,93.21,700,600,krillin
PT-2352,82,257.9,1098,Majin,91.11,700,600,zarbon
PT-2353,69,110.4,423,Frieza,61.7,800,600,tien
PT-2354,74,245.8,390,Saiyan,90.32,700,600,dodoria
PT-2355,46,122.8,456,Human,66.73,500,500,android 18
PT-2356,26,85.7,274,Saiyan,61.92,300,500,hercule
PT-2357,73,239.7,444,Saiyan,88.31,600,600,frieza
PT-2358,76,267.6,252,Human,93.62,700,600,vegeta
PT-2359,94,238.9,911,Majin,95.62,800,700,raditz
PT-2360,101,235.1,683,Majin,92.33,800,800,goku
PT-2361,101,231.2,1162,Namekian,79.39,800,700,piccolo
PT-2362,50,147.8,185,Human,53.79,500,500,krillin
PT-2363,63,145.4,1542,Frieza,82.23,700,500,yamcha
PT-2364,80,260.6,192,Namekian,92.74,600,600,zamasu
PT-2365,121,197.5,240,Namekian,91.88,900,800,beerus
PT-2366,100,318.7,340,Saiyan,87.84,800,700,nappa
PT-2367,92,184.7,1080,Human,82.34,800,600,krillin
PT-2368,62,196.9,564,Majin,70.13,600,500,majin buu
PT-2369,52,93.1,426,Frieza,79.4,600,600,gohan (kid)
PT-2370,86,147.2,306,Saiyan,86.15,700,700,krillin
PT-2371,48,142.2,216,Saiyan,67.37,600,500,dodoria
PT-2372,65,197.3,972,Saiyan,97.26,700,600,zarbon
PT-2373,68,219.2,796,Saiyan,65.72,600,500,nappa
PT-2374,102,340.0,1109,Majin,95.18,900,700,android 16
PT-2375,63,137.1,625,Saiyan,66.81,700,600,lord slug
PT-2376,21,70.9,101,Saiyan,57.14,500,400,frieza
PT-2377,80,155.4,234,Majin,83.19,700,700,krillin
PT-2378,56,152.0,651,Saiyan,79.16,600,600,krillin
PT-2379,71,148.6,395,Saiyan,76.31,600,600,broly
PT-2380,68,112.2,352,Human,74.26,600,600,piccolo
PT-2381,65,164.6,254,Human,73.77,600,600,vegeta
PT-2382,86,257.7,870,Frieza,75.76,700,600,tien
PT-2383,39,52.7,648,Majin,70.66,500,500,raditz
PT-2384,60,203.6,666,Frieza,76.25,600,600,dodoria
PT-2385,84,229.0,337,Saiyan,87.08,600,700,raditz
PT-2386,58,95.6,548,Majin,72.64,600,600,android 16
PT-2387,38,97.0,221,Human,63.66,600,400,vegeta
PT-2388,83,163.2,456,Majin,92.6,800,600,hercule
PT-2389,92,156.9,108,Human,94.97,800,600,cooler
PT-2390,69,161.6,192,Saiyan,88.92,700,600,raditz
PT-2391,31,83.6,406,Saiyan,65.38,400,400,gohan (adult) and videl
PT-2392,84,151.8,2049,Namekian,94.42,600,700,pan
PT-2393,37,120.7,167,Majin,61.47,500,400,yamcha
PT-2394,76,120.2,234,Saiyan,78.79,600,700,android 16
PT-2395,52,134.4,561,Human,80.36,500,500,android 18
PT-2396,47,155.5,1425,Majin,75.55,500,500,android 16
PT-2397,61,100.3,556,Human,72.08,600,500,krillin
PT-2398,66,175.6,751,Saiyan,68.03,700,600,krillin
PT-2399,57,93.2,402,Namekian,71.17,700,500,gohan (kid)
PT-2400,82,230.3,363,Human,77.32,800,700,tien
PT-2401,61,87.6,518,Majin,88.2,600,600,vegeta
PT-2402,90,318.0,332,Human,92.08,800,700,broly
PT-2403,76,127.7,761,Majin,74.27,700,600,nappa
PT-2404,56,194.2,188,Saiyan,64.04,500,500,vegeta
PT-2405,53,126.7,840,Frieza,64.97,600,600,raditz
PT-2406,37,95.5,505,Saiyan,60.33,500,500,zarbon
PT-2407,76,201.7,433,Namekian,79.07,700,700,hercule
PT-2408,63,165.4,184,Namekian,84.12,600,500,gotenks
PT-2409,23,97.9,274,Human,51.47,400,400,zarbon
PT-2410,59,90.1,1012,Human,91.92,500,500,vegeta
PT-2411,52,54.7,435,Saiyan,63.25,500,500,piccolo
PT-2412,102,247.0,582,Saiyan,79.53,800,700,bardock
PT-2413,36,97.3,291,Human,77.91,500,400,gohan (kid)
PT-2414,41,133.5,484,Saiyan,76.97,500,400,nappa
PT-2415,92,287.5,216,Saiyan,85.34,800,700,zarbon
PT-2416,97,307.5,523,Frieza,91.85,700,700,tien
PT-2417,55,70.9,615,Saiyan,75.25,500,600,nappa
PT-2418,57,146.7,597,Saiyan,73.89,500,500,pan
PT-2419,82,221.3,287,Saiyan,72.43,700,600,tien
PT-2420,23,53.2,401,Human,39.34,400,400,raditz
PT-2421,33,80.6,680,Human,56.44,500,500,piccolo
PT-2422,64,105.0,434,Majin,90.13,500,600,raditz
PT-2423,101,220.4,415,Human,100.0,800,600,goku
PT-2424,61,191.5,1544,Saiyan,72.31,600,600,cell
PT-2425,72,156.6,278,Human,71.14,700,500,whis
PT-2426,93,299.9,942,Saiyan,89.42,800,700,turles
PT-2427,112,225.2,246,Namekian,98.31,900,800,android 18
PT-2428,58,53.9,730,Saiyan,78.01,600,600,frieza
PT-2429,70,107.9,754,Saiyan,57.78,700,700,captain ginyu
PT-2430,106,222.3,363,Human,100.0,800,700,cell
PT-2431,40,131.8,237,Saiyan,75.06,500,400,cell
PT-2432,91,158.4,151,Human,84.82,800,700,cooler
PT-2433,50,125.2,341,Human,64.25,500,500,zarbon
PT-2434,72,229.5,676,Frieza,86.7,600,500,android 16
PT-2435,65,157.7,258,Saiyan,79.96,500,600,yamcha
PT-2436,51,86.0,522,Human,71.14,500,500,frieza
PT-2437,50,118.6,203,Majin,73.67,500,400,captain ginyu
PT-2438,76,233.3,428,Saiyan,79.5,800,600,captain ginyu
PT-2439,90,232.9,248,Human,89.21,900,600,captain ginyu
PT-2440,67,106.2,470,Namekian,82.61,600,600,majin buu
PT-2441,71,187.2,365,Majin,81.15,600,600,majin buu
PT-2442,81,182.7,241,Frieza,84.73,700,600,nappa
PT-2443,51,116.6,332,Majin,81.54,500,500,nappa
PT-2444,85,139.2,281,Saiyan,71.22,700,800,krillin
PT-2445,86,299.7,224,Frieza,78.02,700,600,yamcha
PT-2446,122,246.7,944,Saiyan,99.01,900,800,raditz
PT-2447,62,114.4,397,Human,68.96,600,600,majin buu
PT-2448,61,123.1,131,Majin,71.23,500,600,hercule
PT-2449,85,197.6,339,Namekian,94.3,700,700,raditz
PT-2450,86,198.3,853,Frieza,83.21,800,700,broly
PT-2451,59,118.4,312,Saiyan,58.97,600,600,vegeta
PT-2452,62,175.1,1210,Majin,71.41,600,400,hercule
PT-2453,81,201.2,295,Saiyan,82.86,600,600,dodoria
PT-2454,53,107.9,667,Majin,71.52,600,500,cell
PT-2455,62,228.3,918,Majin,79.25,600,600,nappa
PT-2456,72,140.3,646,Saiyan,82.6,700,600,tien
PT-2457,90,167.5,216,Namekian,84.89,800,600,raditz
PT-2458,58,202.7,280,Human,63.66,600,600,cell
PT-2459,33,105.8,994,Human,59.67,400,500,whis
PT-2460,32,93.4,304,Frieza,57.82,600,400,android 18
PT-2461,45,150.0,885,Human,65.72,600,500,majin buu
PT-2462,44,131.6,381,Human,73.13,600,500,krillin
PT-2463,67,141.6,536,Saiyan,80.03,700,500,majin buu
PT-2464,46,135.1,215,Saiyan,74.99,500,500,gotenks
PT-2465,56,164.9,342,Saiyan,69.33,600,600,zarbon
PT-2466,55,97.9,291,Saiyan,84.07,600,500,dodoria
PT-2467,61,172.8,564,Saiyan,79.78,600,600,krillin
PT-2468,96,209.1,521,Human,89.3,700,700,piccolo
PT-2469,83,114.6,650,Human,88.03,700,600,krillin
PT-2470,70,247.1,367,Saiyan,72.59,700,500,lord slug
PT-2471,61,141.4,282,Human,57.53,500,600,gohan (adult) and videl
PT-2472,61,176.1,550,Frieza,69.55,600,500,tien
PT-2473,77,200.7,266,Saiyan,86.78,700,500,whis
PT-2474,82,230.7,941,Human,83.44,600,600,gotenks
PT-2475,52,102.3,460,Saiyan,69.71,500,500,cooler
PT-2476,71,253.9,405,Human,71.62,600,500,bardock
PT-2477,29,82.3,650,Majin,45.95,500,400,broly
PT-2478,74,221.5,471,Saiyan,91.0,700,600,raditz
PT-2479,85,206.5,182,Saiyan,82.34,800,600,goku
PT-2480,64,107.9,261,Namekian,72.16,600,500,zarbon
PT-2481,106,187.8,929,Saiyan,87.03,800,700,yamcha
PT-2482,52,113.1,518,Majin,80.84,600,600,piccolo
PT-2483,74,148.9,180,Human,86.65,700,700,cell
PT-2484,69,205.2,609,Saiyan,69.86,700,600,hit
PT-2485,68,209.9,352,Majin,86.52,600,500,zarbon
PT-2486,68,129.5,292,Human,76.04,600,600,frieza
PT-2487,72,165.8,248,Saiyan,73.92,700,600,gohan (kid)
PT-2488,87,242.6,898,Frieza,82.45,800,600,gotenks
PT-2489,98,190.3,152,Human,82.93,700,700,yamcha
PT-2490,70,232.4,298,Majin,67.43,700,700,cooler
PT-2491,86,206.9,530,Saiyan,90.61,700,700,cooler
PT-2492,56,101.7,1270,Saiyan,70.63,600,500,krillin
PT-2493,85,161.5,687,Majin,88.94,800,600,jaco
PT-2494,55,179.5,297,Human,74.3,700,500,gohan (future)
PT-2495,92,187.0,1234,Saiyan,91.19,700,600,dodoria
PT-2496,114,339.9,219,Majin,79.23,900,700,lord slug
PT-2497,68,122.4,578,Human,70.27,700,600,turles
PT-2498,26,57.1,660,Saiyan,64.95,400,400,yamcha
PT-2499,59,192.9,290,Majin,63.4,600,400,tien
PT-2500,95,172.5,749,Human,90.98,700,700,cell
PT-2501,81,150.4,362,Human,71.27,600,700,frieza
PT-2502,75,205.7,748,Majin,80.13,600,600,android 16
PT-2503,90,291.5,163,Human,98.88,700,700,frieza
PT-2504,80,175.4,602,Frieza,88.2,800,600,lord slug
PT-2505,94,154.6,385,Majin,72.79,700,700,yamcha
PT-2506,88,302.3,982,Saiyan,91.99,700,600,piccolo
PT-2507,100,290.0,480,Human,100.0,800,700,raditz
PT-2508,77,259.3,1043,Frieza,100.0,700,600,zarbon
PT-2509,88,275.6,668,Namekian,89.0,800,600,majin buu
PT-2510,64,168.7,456,Saiyan,64.68,700,600,gotenks
PT-2511,58,146.3,790,Saiyan,76.68,600,600,vegeta
PT-2512,104,222.1,793,Saiyan,100.0,800,700,cooler
PT-2513,74,202.3,654,Namekian,78.1,700,600,gohan (kid)
PT-2514,86,272.3,125,Frieza,92.74,800,700,dodoria
PT-2515,72,266.8,273,Majin,72.08,800,600,jaco
PT-2516,58,156.9,1131,Saiyan,76.18,500,600,gohan (kid)
PT-2517,70,156.9,232,Namekian,58.08,500,600,hercule
PT-2518,99,256.9,837,Saiyan,82.0,800,800,krillin
PT-2519,81,241.9,753,Saiyan,82.35,800,600,nappa
PT-2520,36,95.6,319,Saiyan,61.49,600,500,android 16
PT-2521,66,183.5,149,Human,66.0,700,500,hercule
PT-2522,106,313.1,350,Human,88.4,900,800,cooler
PT-2523,66,116.2,1714,Saiyan,79.04,700,600,broly
PT-2524,34,82.1,294,Saiyan,62.91,500,500,gohan (adult) and videl
PT-2525,108,283.4,306,Majin,93.69,900,700,android 18
PT-2526,84,287.3,271,Saiyan,89.46,700,700,nappa
PT-2527,69,156.4,1021,Human,74.85,600,600,nappa
PT-2528,63,171.8,426,Saiyan,86.07,600,500,android 18
PT-2529,92,236.6,338,Saiyan,78.89,800,600,android 16
PT-2530,59,142.7,1151,Saiyan,89.02,600,500,vegeta
PT-2531,93,135.3,698,Majin,96.1,800,700,vegeta
PT-2532,81,272.6,284,Human,79.55,700,500,piccolo
PT-2533,75,241.1,236,Saiyan,77.69,700,600,krillin
PT-2534,73,191.7,987,Namekian,80.85,700,700,dodoria
PT-2535,67,154.9,498,Saiyan,81.59,600,500,gotenks
PT-2536,91,143.2,195,Majin,95.16,700,700,majin buu
PT-2537,53,153.6,169,Saiyan,60.48,500,500,bojack
PT-2538,38,98.7,252,Frieza,68.7,500,400,android 16
PT-2539,82,227.5,234,Saiyan,65.87,700,600,raditz
PT-2540,83,114.8,144,Human,81.78,700,700,android 16
PT-2541,80,234.0,255,Human,93.63,600,600,gotenks
PT-2542,78,170.2,284,Human,69.86,700,500,android 18
PT-2543,64,185.5,373,Majin,62.81,600,500,dodoria
PT-2544,86,229.2,1361,Saiyan,86.17,700,700,android 18
PT-2545,69,139.3,420,Saiyan,88.7,600,500,krillin
PT-2546,60,165.4,446,Namekian,76.6,600,600,raditz
PT-2547,64,206.0,669,Namekian,60.36,600,600,yamcha
PT-2548,110,273.7,427,Human,80.53,800,700,zarbon
PT-2549,35,60.4,626,Human,64.78,400,500,beerus
PT-2550,80,221.5,583,Majin,72.57,700,600,piccolo
PT-2551,36,57.1,530,Majin,65.49,500,500,tien
PT-2552,68,189.7,2591,Namekian,78.77,600,500,hercule
PT-2553,61,163.1,851,Namekian,70.48,600,600,turles
PT-2554,28,44.0,257,Saiyan,75.72,400,400,captain ginyu
PT-2555,78,214.7,615,Human,85.92,600,600,vegeta
PT-2556,62,201.2,306,Human,84.49,600,500,zarbon
PT-2557,28,86.3,644,Saiyan,68.56,400,400,android 16
PT-2558,87,159.9,216,Namekian,83.6,800,600,gotenks
PT-2559,99,206.9,253,Human,88.04,800,800,piccolo
PT-2560,100,229.0,606,Saiyan,87.62,800,700,beerus
PT-2561,77,133.1,897,Human,86.25,700,600,android 16
PT-2562,71,139.0,666,Saiyan,73.2,700,600,lord slug
PT-2563,97,163.4,823,Saiyan,100.0,700,600,tien
PT-2564,104,210.4,617,Human,85.63,800,700,whis
PT-2565,93,270.8,546,Majin,88.92,700,800,captain ginyu
PT-2566,51,113.6,364,Human,68.57,700,500,nappa
PT-2567,74,210.1,803,Saiyan,75.99,700,600,vegeta
PT-2568,79,122.4,911,Human,98.98,700,600,gohan (kid)
PT-2569,34,104.0,474,Saiyan,60.09,500,400,yamcha
PT-2570,79,210.5,459,Frieza,79.16,800,600,krillin
PT-2571,115,378.1,1280,Saiyan,90.69,800,700,raditz
PT-2572,83,266.7,487,Namekian,83.53,700,700,captain ginyu
PT-2573,99,223.4,516,Saiyan,88.79,800,700,android 16
PT-2574,74,206.3,659,Saiyan,70.65,700,600,lord slug
PT-2575,69,123.6,465,Human,74.21,600,600,cooler
PT-2576,78,185.8,301,Majin,86.08,700,700,yamcha
PT-2577,54,72.9,618,Frieza,79.82,500,500,zarbon
PT-2578,51,121.6,481,Human,70.59,600,500,android 16
PT-2579,95,172.8,1488,Saiyan,88.47,700,800,majin buu
PT-2580,97,294.8,791,Saiyan,85.91,800,600,nappa
PT-2581,50,118.9,345,Human,65.98,500,400,pan
PT-2582,89,233.9,763,Saiyan,78.24,700,600,hercule
PT-2583,68,133.4,593,Frieza,64.75,700,600,turles
PT-2584,77,154.4,1081,Human,75.18,700,700,android 16
PT-2585,79,145.7,360,Majin,88.83,700,600,zarbon
PT-2586,90,289.9,6142,Namekian,82.6,800,800,pan
PT-2587,72,237.0,464,Saiyan,76.03,700,600,beerus
PT-2588,98,144.6,510,Saiyan,86.28,800,700,gotenks
PT-2589,76,197.7,290,Namekian,90.36,700,600,beerus
PT-2590,82,191.7,696,Saiyan,75.37,700,700,whis
PT-2591,53,82.6,633,Human,73.42,600,500,majin buu
PT-2592,113,295.0,1065,Namekian,94.65,800,700,piccolo
PT-2593,79,131.0,490,Saiyan,82.14,800,700,frieza
PT-2594,84,147.5,385,Namekian,85.55,800,700,android 18
PT-2595,38,109.8,791,Saiyan,65.66,400,500,hercule
PT-2596,54,102.1,306,Human,77.94,500,600,dodoria
PT-2597,95,335.2,945,Saiyan,87.77,800,700,captain ginyu
PT-2598,76,209.0,944,Human,94.36,700,700,zamasu
PT-2599,32,100.5,1048,Saiyan,63.16,500,400,zarbon
PT-2600,91,285.6,618,Saiyan,72.77,700,700,yamcha
PT-2601,59,188.1,368,Saiyan,78.71,700,500,cell
PT-2602,98,226.2,526,Saiyan,92.34,800,700,nappa
PT-2603,68,186.4,619,Human,77.46,800,600,raditz
PT-2604,74,198.3,352,Saiyan,77.52,700,600,android 18
PT-2605,94,315.3,1096,Saiyan,70.68,700,700,goku
PT-2606,52,98.1,698,Saiyan,55.23,700,500,gohan (kid)
PT-2607,50,134.3,288,Saiyan,83.18,600,500,vegeta
PT-2608,66,189.9,1525,Saiyan,71.72,600,600,dodoria
PT-2609,87,199.8,522,Saiyan,92.52,800,700,cell
PT-2610,43,169.5,256,Human,54.38,500,500,vegeta
PT-2611,37,101.3,299,Majin,56.43,400,400,zarbon
PT-2612,86,163.4,1203,Human,89.83,700,700,cell
PT-2613,58,167.6,1473,Saiyan,72.38,700,600,hit
PT-2614,62,132.1,903,Namekian,79.1,600,500,gohan (kid)
PT-2615,33,46.6,1087,Human,63.09,600,500,cooler
PT-2616,56,106.0,1022,Human,70.74,600,500,hercule
PT-2617,70,154.6,688,Saiyan,72.56,700,600,piccolo
PT-2618,89,258.9,600,Saiyan,76.05,800,700,gohan (adult) and videl
PT-2619,55,173.4,681,Human,83.22,700,500,nappa
PT-2620,103,299.6,766,Saiyan,100.0,800,600,tien
PT-2621,56,97.3,316,Human,64.09,600,600,krillin
PT-2622,56,171.2,764,Saiyan,63.57,600,500,krillin
PT-2623,101,327.4,1182,Saiyan,87.62,700,600,hercule
PT-2624,74,225.6,435,Saiyan,82.32,700,700,android 16
PT-2625,59,118.3,408,Saiyan,72.15,600,600,hercule
PT-2626,67,131.2,656,Saiyan,80.8,600,500,majin buu
PT-2627,97,340.6,334,Saiyan,88.41,800,700,vegeta
PT-2628,99,302.1,224,Human,88.68,800,700,pan
PT-2629,54,81.5,981,Saiyan,90.9,500,500,broly
PT-2630,69,230.9,376,Human,73.4,700,600,nappa
PT-2631,72,120.1,498,Frieza,91.92,600,600,hercule
PT-2632,50,73.9,342,Namekian,81.57,500,500,gohan (adult) and videl
PT-2633,69,223.3,1060,Human,81.63,700,500,dodoria
PT-2634,70,196.6,822,Saiyan,62.59,700,500,yamcha
PT-2635,93,209.9,426,Human,87.45,800,700,nappa
PT-2636,94,314.1,243,Frieza,83.48,800,700,hit
PT-2637,63,182.1,400,Human,75.36,600,500,lord slug
PT-2638,66,93.2,694,Saiyan,67.9,600,700,hercule
PT-2639,83,228.6,552,Majin,89.25,800,700,whis
PT-2640,58,177.1,526,Saiyan,81.08,600,600,piccolo
PT-2641,82,198.8,559,Majin,92.16,700,600,gohan (future)
PT-2642,68,224.9,777,Saiyan,74.14,600,600,captain ginyu
PT-2643,51,130.5,481,Saiyan,61.92,600,500,majin buu
PT-2644,51,93.9,645,Majin,73.21,600,500,nappa
PT-2645,99,158.2,273,Human,100.0,700,600,nappa
PT-2646,67,196.0,2281,Human,77.36,500,500,nappa
PT-2647,103,331.9,416,Namekian,94.82,900,600,nappa
PT-2648,60,108.1,557,Namekian,72.12,500,500,tien
PT-2649,76,102.2,692,Human,76.37,600,500,gohan (kid)
PT-2650,118,357.6,385,Frieza,100.0,800,800,android 16
PT-2651,49,104.4,495,Saiyan,68.75,600,500,beerus
PT-2652,32,77.5,491,Saiyan,66.03,500,400,krillin
PT-2653,96,287.6,285,Namekian,92.46,800,600,krillin
PT-2654,53,168.8,641,Saiyan,73.98,600,500,cooler
PT-2655,70,213.6,183,Namekian,82.46,500,500,cell
PT-2656,58,144.6,1410,Saiyan,66.38,500,500,cooler
PT-2657,75,159.2,793,Saiyan,72.69,700,500,gohan (future)
PT-2658,51,187.4,723,Saiyan,70.06,500,500,raditz
PT-2659,66,147.4,174,Human,76.25,600,500,dodoria
PT-2660,79,151.3,306,Namekian,77.42,700,600,whis
PT-2661,50,174.2,1134,Saiyan,71.93,600,600,android 18
PT-2662,56,126.6,5948,Saiyan,79.67,500,500,cooler
PT-2663,63,196.1,1009,Saiyan,84.7,600,600,pan
PT-2664,41,61.9,918,Saiyan,77.7,500,400,nappa
PT-2665,62,212.3,675,Human,64.28,600,600,yamcha
PT-2666,72,193.2,296,Human,69.5,700,600,yamcha
PT-2667,62,173.7,895,Saiyan,72.48,600,500,gohan (adult) and videl
PT-2668,65,213.7,254,Saiyan,76.64,600,600,turles
PT-2669,70,158.6,238,Human,76.09,700,600,raditz
PT-2670,57,175.6,229,Saiyan,68.38,600,500,dodoria
PT-2671,84,235.8,885,Saiyan,81.16,700,600,cooler
PT-2672,99,300.2,476,Human,93.47,700,700,yamcha
PT-2673,61,207.0,523,Saiyan,63.76,600,600,turles
PT-2674,80,241.2,488,Saiyan,100.0,700,600,zarbon
PT-2675,65,98.0,251,Saiyan,76.17,600,600,turles
PT-2676,77,142.8,329,Majin,89.21,700,700,majin buu
PT-2677,101,361.6,340,Saiyan,85.76,900,700,gohan (kid)
PT-2678,80,258.4,212,Majin,86.59,700,600,lord slug
PT-2679,35,147.3,364,Human,64.8,400,500,lord slug
PT-2680,79,104.2,258,Human,88.45,700,600,gohan (kid)
PT-2681,95,210.0,697,Majin,86.41,700,600,raditz
PT-2682,66,185.0,733,Saiyan,88.81,700,700,gohan (adult) and videl
PT-2683,90,303.3,227,Saiyan,74.06,700,700,android 16
PT-2684,56,86.1,412,Saiyan,79.99,500,500,lord slug
PT-2685,40,101.2,1501,Human,66.95,400,500,gohan (kid)
PT-2686,73,124.8,274,Human,71.05,600,600,lord slug
PT-2687,35,88.5,636,Majin,79.62,400,400,lord slug
PT-2688,65,123.7,525,Human,90.79,700,500,nappa
PT-2689,96,152.2,949,Saiyan,71.81,700,700,gohan (kid)
PT-2690,32,5.0,588,Saiyan,64.21,400,500,zarbon
PT-2691,44,147.0,380,Saiyan,73.25,500,500,lord slug
PT-2692,49,146.7,513,Namekian,73.13,500,500,piccolo
PT-2693,69,247.7,517,Saiyan,89.72,600,700,broly
PT-2694,63,173.4,466,Frieza,85.66,600,500,raditz
PT-2695,98,225.2,223,Saiyan,91.32,800,700,gotenks
PT-2696,89,209.5,1039,Human,100.0,700,700,yamcha
PT-2697,80,202.1,934,Saiyan,89.49,600,700,lord slug
PT-2698,73,172.3,263,Majin,76.39,600,600,frieza
PT-2699,78,224.8,411,Saiyan,76.78,700,600,android 16
PT-2700,53,146.7,431,Human,81.15,500,500,gohan (future)
PT-2701,87,280.1,246,Frieza,78.46,700,600,krillin
PT-2702,48,116.3,161,Human,65.92,500,500,yamcha
PT-2703,87,224.9,330,Saiyan,82.88,700,600,tien
PT-2704,94,205.5,398,Majin,90.45,800,700,captain ginyu
PT-2705,74,105.3,208,Saiyan,78.05,700,600,gohan (adult) and videl
PT-2706,66,208.2,548,Saiyan,65.86,600,500,krillin
PT-2707,78,192.9,990,Human,90.5,700,600,hercule
PT-2708,13,41.7,817,Majin,51.96,300,400,zarbon
PT-2709,76,130.6,457,Saiyan,96.56,700,600,jaco
PT-2710,68,247.3,163,Majin,79.63,600,700,vegeta
PT-2711,69,244.5,757,Majin,87.74,700,600,hit
PT-2712,84,193.0,538,Human,88.65,700,700,frieza
PT-2713,69,236.2,636,Saiyan,88.12,600,600,bojack
PT-2714,47,119.4,1574,Majin,73.36,500,500,android 18
PT-2715,67,190.6,300,Saiyan,78.68,600,500,nappa
PT-2716,71,203.8,88,Saiyan,87.15,600,600,gohan (adult) and videl
PT-2717,72,232.8,262,Saiyan,98.69,700,700,dodoria
PT-2718,73,223.1,660,Namekian,77.04,700,600,gohan (kid)
PT-2719,91,218.8,501,Saiyan,92.76,800,600,dodoria
PT-2720,48,159.1,238,Saiyan,69.16,600,500,broly
PT-2721,74,206.4,210,Saiyan,83.65,600,500,lord slug
PT-2722,96,165.4,398,Saiyan,88.74,700,600,piccolo
PT-2723,35,59.0,233,Frieza,46.74,500,400,gotenks
PT-2724,74,247.3,673,Human,78.0,700,600,zarbon
PT-2725,58,160.0,385,Majin,81.2,600,400,tien
PT-2726,63,141.4,338,Majin,69.08,600,600,yamcha
PT-2727,52,154.4,313,Saiyan,78.17,600,400,tien
PT-2728,67,191.0,577,Majin,78.27,700,600,android 16
PT-2729,107,228.3,506,Frieza,91.27,900,700,raditz
PT-2730,45,81.3,556,Majin,75.25,500,500,tien
PT-2731,47,136.9,549,Majin,74.25,500,500,vegeta
PT-2732,44,143.2,472,Saiyan,70.96,600,500,turles
PT-2733,105,270.5,265,Namekian,100.0,800,700,android 18
PT-2734,61,158.0,318,Saiyan,76.02,600,500,dodoria
PT-2735,69,206.6,389,Majin,64.44,600,600,lord slug
PT-2736,62,189.5,1701,Saiyan,71.78,600,600,tien
PT-2737,51,170.3,219,Human,55.96,600,500,broly
PT-2738,65,66.5,383,Namekian,81.26,500,600,piccolo
PT-2739,119,354.6,523,Human,100.0,900,800,krillin
PT-2740,98,255.5,411,Saiyan,96.73,800,700,nappa
PT-2741,53,81.3,939,Majin,75.11,600,500,tien
PT-2742,83,237.8,409,Frieza,90.94,700,700,piccolo
PT-2743,53,166.7,428,Human,58.59,600,500,lord slug
PT-2744,34,87.8,803,Namekian,62.74,500,400,vegeta
PT-2745,90,300.5,1460,Namekian,74.68,700,600,krillin
PT-2746,93,212.3,1147,Namekian,84.33,700,700,android 18
PT-2747,91,171.5,454,Saiyan,99.33,800,600,cell
PT-2748,61,131.3,478,Human,83.15,600,500,beerus
PT-2749,67,112.7,507,Namekian,82.1,600,600,yamcha
PT-2750,85,240.9,538,Frieza,82.55,700,600,turles
PT-2751,78,228.6,296,Saiyan,73.25,700,600,cell
PT-2752,62,185.7,864,Saiyan,76.3,600,700,frieza
PT-2753,38,72.5,558,Saiyan,74.09,500,500,raditz
PT-2754,72,171.2,480,Majin,82.08,600,500,dodoria
PT-2755,92,188.1,230,Namekian,74.11,600,600,piccolo
PT-2756,46,131.8,512,Human,69.24,500,500,lord slug
PT-2757,83,199.9,158,Saiyan,67.89,700,600,cell
PT-2758,77,199.9,348,Saiyan,87.23,700,600,piccolo
PT-2759,85,242.5,351,Namekian,78.46,800,600,raditz
PT-2760,87,238.8,585,Saiyan,75.02,600,700,beerus
PT-2761,56,111.8,1522,Saiyan,78.94,700,500,dodoria
PT-2762,38,91.2,694,Saiyan,69.68,500,400,frieza
PT-2763,59,151.4,1175,Majin,75.46,600,500,goku
PT-2764,88,224.2,726,Human,100.0,700,700,piccolo
PT-2765,59,97.5,968,Saiyan,78.68,600,500,android 18
PT-2766,56,175.2,1502,Saiyan,67.24,600,400,hercule
PT-2767,34,98.0,318,Frieza,67.75,400,400,nappa
PT-2768,105,266.5,305,Saiyan,89.71,700,700,gohan (kid)
PT-2769,87,182.5,736,Saiyan,94.93,800,700,beerus
PT-2770,85,186.6,492,Saiyan,86.25,800,700,tien
PT-2771,89,210.8,562,Saiyan,88.64,800,700,yamcha
PT-2772,82,146.9,424,Majin,71.26,700,600,zarbon
PT-2773,65,150.4,345,Majin,76.49,700,600,gohan (adult) and videl
PT-2774,67,144.2,1303,Saiyan,76.35,700,600,dodoria
PT-2775,61,200.1,255,Namekian,66.21,500,600,gohan (kid)
PT-2776,123,434.1,744,Saiyan,97.43,900,900,zarbon
PT-2777,81,148.0,675,Namekian,85.89,700,600,zarbon
PT-2778,61,96.6,1284,Saiyan,74.37,600,500,lord slug
PT-2779,79,239.3,299,Saiyan,70.3,700,600,turles
PT-2780,50,183.1,331,Namekian,67.81,500,500,nappa
PT-2781,100,315.6,691,Frieza,86.26,700,600,cell
PT-2782,57,80.2,395,Majin,74.35,600,500,cell
PT-2783,80,140.0,468,Human,82.68,700,600,majin buu
PT-2784,91,135.8,205,Majin,83.11,800,700,cooler
PT-2785,78,262.7,1989,Majin,77.59,800,600,krillin
PT-2786,72,193.1,514,Saiyan,79.34,600,600,android 16
PT-2787,70,165.8,665,Human,85.7,700,600,android 18
PT-2788,69,198.6,356,Human,79.83,700,600,cooler
PT-2789,58,107.5,333,Human,84.58,600,500,gohan (kid)
PT-2790,61,186.2,1552,Namekian,83.47,600,600,tien
PT-2791,100,177.2,156,Human,100.0,800,600,piccolo
PT-2792,68,190.7,582,Saiyan,88.15,600,500,piccolo
PT-2793,54,137.8,238,Saiyan,84.1,500,600,piccolo
PT-2794,60,205.1,386,Namekian,64.77,600,500,raditz
PT-2795,92,204.9,336,Saiyan,91.98,800,600,tien
PT-2796,84,260.0,273,Namekian,93.35,700,600,gohan (kid)
PT-2797,81,251.8,503,Saiyan,93.59,700,600,zamasu
PT-2798,65,124.7,106,Saiyan,69.83,600,600,captain ginyu
PT-2799,81,172.8,408,Majin,87.66,700,700,nappa
PT-2800,57,148.2,467,Saiyan,73.4,600,500,lord slug
PT-2801,65,139.9,218,Namekian,90.78,700,500,dodoria
PT-2802,89,137.0,1222,Saiyan,74.5,700,600,krillin
PT-2803,87,167.5,345,Human,78.65,700,600,frieza
PT-2804,50,91.2,427,Human,55.51,500,400,gohan (kid)
PT-2805,53,134.4,345,Namekian,72.36,500,500,frieza
PT-2806,72,193.3,469,Saiyan,96.91,600,600,piccolo
PT-2807,105,190.8,1080,Saiyan,91.65,700,700,dodoria
PT-2808,32,80.6,2173,Human,63.61,500,500,piccolo
PT-2809,76,168.6,771,Frieza,84.8,600,600,gohan (kid)
PT-2810,42,111.5,947,Namekian,65.87,600,500,cell
PT-2811,57,102.6,1380,Namekian,75.73,600,600,raditz
PT-2812,63,201.7,572,Human,78.34,600,500,zarbon
PT-2813,62,218.5,1264,Human,68.04,700,500,tien
PT-2814,59,146.7,793,Namekian,72.85,500,500,cell
PT-2815,70,88.0,537,Namekian,83.94,600,600,frieza
PT-2816,59,99.7,608,Majin,81.03,500,500,gohan (adult) and videl
PT-2817,41,62.7,165,Majin,76.79,600,500,captain ginyu
PT-2818,86,241.9,587,Namekian,87.08,800,700,bojack
PT-2819,85,163.0,195,Saiyan,86.85,600,700,raditz
PT-2820,87,304.2,186,Saiyan,90.8,700,600,lord slug
PT-2821,39,104.0,553,Frieza,60.84,500,400,zarbon
PT-2822,76,159.8,253,Human,75.31,700,600,vegeta
PT-2823,84,241.0,491,Saiyan,82.6,700,700,lord slug
PT-2824,49,76.2,535,Human,59.4,500,500,goku
PT-2825,70,243.4,550,Human,81.26,700,500,majin buu
PT-2826,68,107.4,286,Namekian,85.59,600,500,nappa
PT-2827,107,353.4,845,Majin,87.12,800,700,captain ginyu
PT-2828,108,269.1,467,Saiyan,96.68,800,800,piccolo
PT-2829,37,60.9,642,Human,59.77,500,400,android 18
PT-2830,120,398.2,240,Saiyan,89.87,800,800,vegeta
PT-2831,52,75.7,443,Namekian,87.24,500,500,raditz
PT-2832,90,149.6,952,Saiyan,77.98,700,800,krillin
PT-2833,89,296.8,882,Human,75.37,800,800,pan
PT-2834,50,122.2,305,Human,71.72,500,500,tien
PT-2835,80,277.4,355,Human,84.15,700,700,nappa
PT-2836,68,178.1,272,Human,82.54,600,600,piccolo
PT-2837,81,243.6,332,Majin,98.41,600,600,dodoria
PT-2838,75,160.4,213,Human,73.78,600,600,piccolo
PT-2839,94,172.7,454,Saiyan,82.97,800,600,lord slug
PT-2840,72,248.4,720,Saiyan,91.67,700,600,raditz
PT-2841,67,107.0,308,Human,84.31,600,600,piccolo
PT-2842,92,235.3,467,Saiyan,93.2,700,700,piccolo
PT-2843,82,161.1,432,Majin,78.08,700,700,gohan (kid)
PT-2844,85,186.8,928,Saiyan,93.01,700,700,android 18
PT-2845,57,150.2,341,Namekian,79.23,600,400,piccolo
PT-2846,49,129.2,349,Saiyan,71.12,600,400,cell
PT-2847,59,155.0,297,Majin,68.92,600,600,zarbon
PT-2848,58,161.9,249,Saiyan,74.05,600,600,piccolo
PT-2849,86,188.6,677,Human,97.59,700,700,raditz
PT-2850,90,201.6,454,Saiyan,77.25,800,700,captain ginyu
PT-2851,67,106.3,509,Human,70.4,700,600,vegeta
PT-2852,99,298.4,1059,Saiyan,84.58,800,700,captain ginyu
PT-2853,97,203.2,1096,Majin,85.51,800,700,gohan (adult) and videl
PT-2854,75,203.3,184,Human,79.87,600,600,krillin
PT-2855,54,101.7,727,Frieza,79.27,500,500,vegeta
PT-2856,102,279.5,564,Majin,94.49,700,700,zarbon
PT-2857,69,211.4,374,Human,78.09,700,600,raditz
PT-2858,73,244.0,600,Namekian,81.42,700,500,zarbon
PT-2859,63,124.9,175,Saiyan,80.19,500,500,frieza
PT-2860,52,206.5,1185,Human,57.35,600,600,cooler
PT-2861,41,61.4,671,Saiyan,74.97,500,400,android 16
PT-2862,83,170.6,293,Majin,76.59,700,700,tien
PT-2863,54,84.4,347,Saiyan,68.05,500,500,dodoria
PT-2864,131,289.4,177,Saiyan,100.0,1000,800,majin buu
PT-2865,48,140.2,408,Human,68.6,500,500,dodoria
PT-2866,45,94.3,369,Human,71.9,600,500,android 16
PT-2867,80,185.5,223,Saiyan,83.13,700,600,cooler
PT-2868,101,304.6,785,Human,88.09,800,700,dodoria
PT-2869,71,243.4,1060,Namekian,90.63,700,600,tien
PT-2870,81,251.1,485,Saiyan,88.06,700,700,android 18
PT-2871,33,95.6,410,Saiyan,65.62,500,500,captain ginyu
PT-2872,56,95.3,640,Frieza,77.94,600,500,krillin
PT-2873,49,165.0,487,Frieza,63.96,500,500,piccolo
PT-2874,32,62.6,257,Saiyan,80.2,400,400,tien
PT-2875,72,143.2,333,Human,70.1,700,600,frieza
PT-2876,25,35.1,412,Saiyan,60.91,500,400,krillin
PT-2877,44,141.7,572,Frieza,65.31,600,400,gotenks
PT-2878,59,156.9,496,Saiyan,71.0,600,500,jaco
PT-2879,53,137.4,559,Saiyan,67.57,400,600,bardock
PT-2880,78,167.2,197,Saiyan,75.03,700,600,raditz
PT-2881,76,188.5,734,Human,89.91,700,600,dodoria
PT-2882,88,219.9,494,Saiyan,75.56,700,600,beerus
PT-2883,85,127.4,2279,Majin,91.87,800,700,cell
PT-2884,93,247.8,390,Human,92.39,700,600,gohan (kid)
PT-2885,70,201.1,598,Human,74.95,800,500,gotenks
PT-2886,76,205.0,2691,Namekian,84.66,700,600,frieza
PT-2887,80,158.4,554,Saiyan,80.74,700,600,lord slug
PT-2888,73,200.3,473,Saiyan,70.39,700,600,gohan (future)
PT-2889,62,130.0,273,Saiyan,66.08,700,500,zamasu
PT-2890,63,77.5,1233,Majin,80.44,600,500,captain ginyu
PT-2891,54,95.2,246,Saiyan,76.43,500,500,yamcha
PT-2892,78,172.3,637,Majin,83.14,700,600,android 18
PT-2893,68,155.4,371,Human,74.07,600,600,android 18
PT-2894,57,171.0,440,Human,71.28,500,600,frieza
PT-2895,57,108.8,210,Human,70.2,600,600,zarbon
PT-2896,46,138.6,1103,Saiyan,54.42,500,600,cooler
PT-2897,90,198.0,417,Saiyan,86.49,800,600,captain ginyu
PT-2898,72,180.4,238,Majin,82.98,600,700,jaco
PT-2899,53,167.3,1045,Saiyan,71.74,600,500,gotenks
PT-2900,86,205.8,364,Human,98.55,700,700,vegeta
PT-2901,59,67.3,602,Frieza,65.56,600,600,frieza
PT-2902,42,118.3,816,Saiyan,61.51,500,500,frieza
PT-2903,90,289.1,655,Saiyan,87.06,800,700,captain ginyu
PT-2904,59,201.1,132,Saiyan,75.55,600,600,tien
PT-2905,62,103.0,748,Saiyan,59.59,600,500,cell
PT-2906,71,235.3,464,Frieza,83.22,700,600,lord slug
PT-2907,93,186.3,404,Frieza,89.19,700,700,dodoria
PT-2908,70,102.7,462,Saiyan,61.04,700,600,beerus
PT-2909,46,132.3,188,Frieza,67.47,500,500,hit
PT-2910,81,196.4,553,Saiyan,75.93,700,600,gohan (adult) and videl
PT-2911,60,132.1,217,Frieza,70.37,600,600,pan
PT-2912,108,348.6,415,Namekian,82.5,800,700,dodoria
PT-2913,70,122.2,541,Saiyan,81.33,600,600,whis
PT-2914,25,55.3,939,Human,74.09,500,400,pan
PT-2915,77,163.3,301,Majin,82.92,700,700,android 18
PT-2916,109,184.8,1177,Saiyan,76.32,900,800,yamcha
PT-2917,102,249.5,870,Saiyan,93.08,800,700,yamcha
PT-2918,107,380.3,381,Human,91.24,800,800,dodoria
PT-2919,50,121.0,253,Saiyan,61.19,500,500,lord slug
PT-2920,88,114.6,207,Saiyan,88.03,700,700,captain ginyu
PT-2921,56,166.9,580,Saiyan,79.44,700,500,gohan (adult) and videl
PT-2922,74,275.6,317,Majin,74.25,700,600,majin buu
PT-2923,45,167.7,1012,Saiyan,54.85,500,400,piccolo
PT-2924,57,157.6,328,Human,56.71,500,500,yamcha
PT-2925,56,108.3,287,Saiyan,67.07,500,400,cell
PT-2926,88,226.3,567,Saiyan,83.96,700,700,nappa
PT-2927,86,298.3,326,Human,80.27,800,700,pan
PT-2928,76,223.7,495,Saiyan,74.93,700,600,turles
PT-2929,43,117.7,890,Human,71.74,500,500,zarbon
PT-2930,64,168.4,529,Saiyan,79.3,600,500,cooler
PT-2931,55,89.1,530,Human,73.6,600,600,turles
PT-2932,87,211.8,557,Saiyan,91.33,700,600,broly
PT-2933,94,193.3,178,Namekian,82.35,700,600,frieza
PT-2934,91,154.5,623,Saiyan,77.64,700,700,gohan (future)
PT-2935,55,131.6,542,Namekian,67.82,700,500,captain ginyu
PT-2936,15,25.0,842,Saiyan,51.27,400,300,krillin
PT-2937,35,143.0,709,Saiyan,47.59,500,400,frieza
PT-2938,98,300.1,437,Human,84.84,700,700,hercule
PT-2939,62,220.3,915,Saiyan,83.64,600,600,hit
PT-2940,55,179.5,413,Human,78.41,500,500,tien
PT-2941,103,291.6,572,Majin,95.4,800,700,zarbon
PT-2942,95,136.7,409,Majin,89.05,800,700,cooler
PT-2943,70,214.3,650,Human,89.59,700,600,broly
PT-2944,64,133.4,393,Frieza,67.12,600,600,lord slug
PT-2945,67,80.2,1324,Human,69.08,600,600,raditz
PT-2946,75,144.2,1653,Saiyan,88.99,700,600,turles
PT-2947,102,319.1,832,Majin,91.02,800,700,android 16
PT-2948,78,217.5,1242,Saiyan,75.83,700,600,beerus
PT-2949,85,292.7,196,Saiyan,88.42,700,700,gotenks
PT-2950,93,301.3,210,Saiyan,83.69,800,700,yamcha
PT-2951,47,147.5,406,Saiyan,62.1,500,400,goku
PT-2952,85,138.1,505,Saiyan,77.08,800,600,dodoria
PT-2953,64,200.9,437,Saiyan,78.17,700,500,bardock
PT-2954,20,62.5,184,Human,59.65,400,400,piccolo
PT-2955,27,72.3,983,Majin,72.93,400,400,hercule
PT-2956,50,113.8,1795,Frieza,67.68,500,700,gohan (kid)
PT-2957,81,147.8,1063,Saiyan,79.94,700,600,krillin
PT-2958,72,267.9,945,Saiyan,90.32,600,700,bojack
PT-2959,74,134.3,564,Human,87.49,700,700,gohan (kid)
PT-2960,109,235.6,297,Saiyan,94.76,800,800,tien
PT-2961,45,134.9,515,Saiyan,55.51,600,500,turles
PT-2962,69,112.0,1743,Human,71.11,600,600,zarbon
PT-2963,76,114.5,399,Majin,71.97,700,600,cooler
PT-2964,55,202.7,375,Saiyan,72.29,600,600,hit
PT-2965,71,212.4,958,Human,74.33,700,500,dodoria
PT-2966,38,137.0,996,Human,78.02,500,400,tien
PT-2967,98,211.5,296,Namekian,76.63,800,700,cell
PT-2968,56,127.7,421,Saiyan,63.11,600,400,cell
PT-2969,111,274.4,365,Majin,96.36,800,800,piccolo
PT-2970,69,185.6,514,Majin,81.77,700,600,frieza
PT-2971,91,135.9,955,Saiyan,65.7,900,600,vegeta
PT-2972,69,198.1,304,Human,63.72,700,600,krillin
PT-2973,69,272.7,947,Human,75.49,700,500,gohan (kid)
PT-2974,58,125.4,524,Saiyan,84.05,600,500,whis
PT-2975,72,142.5,1990,Human,93.9,600,600,gohan (kid)
PT-2976,76,182.2,597,Saiyan,77.08,700,600,raditz
PT-2977,54,115.8,465,Majin,70.23,600,500,jaco
PT-2978,67,139.0,696,Saiyan,70.11,600,600,vegeta
PT-2979,58,160.2,403,Human,78.27,500,500,jaco
PT-2980,116,244.3,168,Saiyan,100.0,900,800,broly
PT-2981,68,168.6,427,Human,87.25,700,600,dodoria
PT-2982,101,294.9,423,Human,90.17,800,700,vegeta
PT-2983,66,140.4,190,Human,69.69,600,700,yamcha
PT-2984,75,93.4,472,Human,80.07,700,600,piccolo
PT-2985,44,50.2,143,Saiyan,78.65,500,500,raditz
PT-2986,61,115.6,400,Saiyan,71.2,500,600,dodoria
PT-2987,74,211.4,570,Majin,65.08,600,600,vegeta
PT-2988,102,315.5,522,Saiyan,87.92,800,800,gohan (adult) and videl
PT-2989,74,250.8,385,Majin,77.37,700,600,gohan (kid)
PT-2990,98,279.5,468,Human,74.63,800,700,zarbon
PT-2991,83,188.2,308,Namekian,85.06,700,700,yamcha
PT-2992,103,169.9,496,Saiyan,95.25,800,700,gohan (kid)
PT-2993,69,167.4,510,Human,92.48,600,500,hercule
PT-2994,118,264.6,287,Saiyan,86.54,900,800,cell
PT-2995,60,207.8,579,Frieza,79.84,600,600,vegeta
PT-2996,55,140.7,576,Human,79.73,600,500,cooler
PT-2997,46,72.3,446,Human,72.56,500,500,dodoria
PT-2998,117,253.4,2106,Majin,88.75,900,800,beerus
PT-2999,86,152.5,453,Saiyan,75.88,700,700,vegeta
PT-3000,63,203.0,417,Human,75.98,700,600,lord slug
