id_patrulheiro,nivel,tempo_jogo_horas,medalhas_pt,raca,quest_sucess,ki_maximo,stamina_maxima,mentor_atual
PT-0001,76.0,269.4,413.0,   Saiyan,87.03,700.0,700.0,dodoria
PT-0002,49.0,156.0,326.0,Human,57.95,500.0,500.0,tien
PT-0003,85.0,258.4,840.0,Namekian,76.13,800.0,700.0,lord slug
PT-0004,89.0,277.8,210.0,Namekian,88.26,700.0,,tien
PT-0005,31.0,99.1,271.0,Human,57.43,400.0,500.0,vegeta
PT-0006,44.0,95.4,405.0,Human,61.53,500.0,500.0,raditz
PT-0007,73.0,174.9,1298.0,Human,75.32,700.0,600.0,yamcha
PT-0008,64.0,156.5,928.0, Human ,81.44,600.0,600.0,captain ginyu
PT-0009,70.0,125.6,184.0,Saiyan,70.54,700.0,600.0,lord slug
PT-0010,53.0,114.5,1109.0,Saiyan,70.77,600.0,500.0,dodoria
PT-0011,88.0,155.7,1107.0,Saiyan,82.17,700.0,700.0,gohan (adult) and videl
PT-0012,86.0,251.6,244.0,Majin,90.96,700.0,700.0,whis
PT-0013,71.0,189.8,109.0,Saiyan,85.18,700.0,600.0,
PT-0014,93.0,258.8,472.0,Saiyan,72.52,700.0,700.0,
PT-0015,79.0,178.4,966.0,Frieza,89.96,700.0,700.0,pan
PT-0016,53.0,59.6,1280.0,Majin  ,66.31,600.0,500.0,gotenks
PT-0017,77.0,203.7,292.0,Saiyan,82.69,700.0,600.0,gohan (kid)
PT-0018,51.0,104.9,1410.0,Saiyan,62.89,600.0,400.0,
PT-0019,88.0,306.4,129.0,Majin,88.17,800.0,700.0,lord slug
PT-0020,69.0,210.9,395.0,Saiyan,98.01,600.0,600.0,gotenks
PT-0021,66.0,235.7,384.0,,77.42,700.0,600.0,gohan (adult) and videl
PT-0022,56.0,227.4,984.0,Human,68.72,500.0,500.0,android 18
PT-0023,94.0,288.2,1074.0,,85.74,700.0,700.0,gotenks
PT-0024,67.0,173.3,874.0,  Majin ,65.05,700.0,500.0, cell
PT-0025,61.0,70.2,219.0,   Saiyan ,85.99,600.0,600.0,
PT-0026,63.0,111.4,827.0,Human,77.7,600.0,500.0,krillin
PT-0027,81.0,181.6,,Saiyan,74.01,700.0,,
PT-0028,77.0,157.1,181.0,Saiyan,72.67,800.0,600.0,krillin
PT-0029,78.0,129.8,143.0,,81.32,700.0,600.0,tien
PT-0030,79.0,280.8,919.0,  Namekian   ,89.06,700.0,600.0,frieza
PT-0031,113.0,191.9,442.0,Saiyan,85.99,900.0,700.0,krillin
PT-0032,62.0,230.6,228.0,Saiyan,83.71,600.0,500.0,whis
PT-0033,60.0,175.2,435.0,Saiyan,73.27,600.0,500.0,zarbon
PT-0034,54.0,129.2,613.0,   Majin  ,64.16,600.0,600.0,cell
PT-0035,82.0,257.8,469.0,Saiyan,79.06,700.0,600.0,
PT-0036,,200.1,194.0,Frieza,100.0,700.0,700.0,turles
PT-0037,68.0,218.5,1527.0,Human,66.09,500.0,500.0,dodoria
PT-0038,53.0,117.6,900.0,Human,65.34,500.0,600.0,frieza
PT-0039,54.0,170.3,403.0,Human,79.22,700.0,600.0,android 16
PT-0040,83.0,173.3,413.0,Saiyan,84.93,700.0,700.0,frieza
PT-0041,85.0,172.7,611.0,Frieza,77.67,800.0,700.0,frieza
PT-0042,81.0,259.6,,Frieza,90.12,700.0,600.0,majin buu
PT-0043,57.0,166.9,598.0,Saiyan,80.9,600.0,600.0,gohan (adult) and videl
PT-0044,75.0,182.8,222.0,Human,82.65,700.0,700.0,gohan (kid)
PT-0045,72.0,196.1,472.0,Saiyan,73.9,700.0,500.0,whis
PT-0046,74.0,133.8,244.0, Human  ,75.93,700.0,600.0,nappa
PT-0047,,267.2,252.0,Majin,87.08,800.0,600.0,gohan (kid)
PT-0048,74.0,151.1,1323.0,Frieza,69.1,700.0,600.0,
PT-0049,84.0,165.9,511.0,Saiyan  ,94.22,700.0,600.0,nappa
PT-0050,71.0,121.1,558.0,Human,92.0,700.0,500.0,gohan (kid)
PT-0051,76.0,156.2,-399.0,Majin,78.51,700.0,500.0,gotenks
PT-0052,83.0,158.5,344.0, Saiyan,86.05,800.0,500.0,frieza
PT-0053,41.0,87.5,650.0,Human,75.89,500.0,500.0,gohan (future)
PT-0054,64.0,142.9,554.0,Human,91.24,600.0,500.0,tien
PT-0055,61.0,111.9,135.0,Majin,86.86,600.0,500.0,android 18
PT-0056,57.0,157.8,558.0,Frieza,58.92,500.0,500.0,   tien
PT-0057,64.0,75.3,614.0,Saiyan,73.08,600.0,600.0,   dodoria
PT-0058,100.0,296.3,1064.0,Saiyan,94.01,800.0,600.0,vegeta
PT-0059,53.0,177.1,333.0,Saiyan   ,67.25,600.0,500.0,cell
PT-0060,89.0,202.2,128.0,Saiyan,99.86,800.0,700.0,majin buu
PT-0061,36.0,121.6,271.0,Human  ,77.44,500.0,400.0,raditz
PT-0062,63.0,99.5,255.0,Namekian,68.67,600.0,,
PT-0063,73.0,83.9,767.0,Saiyan,77.9,600.0,,  zarbon
PT-0064,82.0,255.1,97.0,Human,76.8,700.0,700.0,
PT-0065,84.0,257.5,377.0,Saiyan,82.04,700.0,600.0,android 16 
PT-0066,-5.0,269.3,1159.0,Saiyan,82.6,700.0,600.0,
PT-0067,63.0,87.2,495.0,Namekian,82.83,700.0,500.0,gotenks
PT-0068,61.0,164.2,844.0,Human,67.29,500.0,600.0,bardock
PT-0069,87.0,199.4,184.0,Saiyan,63.87,800.0,600.0,vegeta
PT-0070,66.0,163.2,,  Frieza  ,63.56,600.0,600.0,  whis   
PT-0071,44.0,84.3,1167.0,Human,59.37,600.0,600.0,hercule
PT-0072,47.0,143.4,524.0,Saiyan,63.55,600.0,400.0,yamcha
PT-0073,52.0,88.0,524.0,Human,72.3,600.0,500.0,
PT-0074,80.0,251.5,252.0,Human,73.36,800.0,700.0,dodoria
PT-0075,73.0,215.8,523.0,Saiyan,69.51,600.0,600.0,cell
PT-0076,84.0,258.6,248.0,Namekian,76.16,700.0,700.0,cell
PT-0077,61.0,133.5,1004.0,Human,65.47,600.0,600.0,broly
PT-0078,73.0,243.0,2532.0,Human,74.76,600.0,700.0,majin buu
PT-0079,83.0,140.0,659.0,Namekian,78.42,700.0,700.0,gotenks
PT-0080,64.0,74.8,337.0,Human,81.11,700.0,600.0,nappa
PT-0081,79.0,210.2,108.0,Saiyan,73.68,700.0,500.0,gohan (future)
PT-0082,57.0,132.0,179.0,Saiyan,69.94,700.0,500.0,android 16
PT-0083,63.0,85.5,1253.0,Saiyan   ,70.84,700.0,700.0,hercule
PT-0084,62.0,126.6,266.0,Saiyan,81.27,800.0,500.0,
PT-0085,46.0,111.0,394.0,Saiyan,67.17,600.0,500.0,yamcha
PT-0086,80.0,131.9,730.0,Human,90.41,800.0,500.0,nappa
PT-0087,,85.4,1199.0,Saiyan,65.18,600.0,500.0,gotenks
PT-0088,70.0,218.6,437.0,Saiyan,77.61,700.0,600.0,whis
PT-0089,80.0,185.3,387.0,Human,77.39,700.0,600.0,majin buu
PT-0090,79.0,251.0,514.0,Saiyan,71.79,700.0,600.0,dodoria
PT-0091,83.0,300.6,338.0,Human,82.66,700.0,600.0,raditz
PT-0092,68.0,118.9,349.0,Human   ,91.06,700.0,500.0,captain ginyu
PT-0093,,180.2,631.0,Saiyan,67.98,600.0,600.0,vegeta
PT-0094,68.0,158.1,551.0,Saiyan   ,76.18,600.0,600.0,broly
PT-0095,36.0,101.5,1770.0,Human   ,53.9,500.0,400.0,frieza
PT-0096,,78.6,641.0,Saiyan,54.73,500.0,500.0,vegeta
PT-0097,44.0,62.5,983.0,,61.3,500.0,500.0,captain ginyu
PT-0098,50.0,90.1,259.0,Majin,66.4,500.0,500.0,pan
PT-0099,78.0,212.6,675.0,Human,77.96,700.0,600.0,android 18
PT-0100,52.0,170.9,,Saiyan   ,68.99,600.0,500.0,raditz
PT-0101,62.0,189.1,625.0,Frieza,61.61,600.0,500.0,captain ginyu
PT-0102,96.0,247.4,745.0,Saiyan,83.39,800.0,700.0,dodoria
PT-0103,63.0,223.8,508.0, Namekian,79.21,600.0,,gohan (kid)
PT-0104,85.0,267.1,2089.0,,73.13,700.0,700.0,lord slug
PT-0105,51.0,102.2,1161.0,   Saiyan ,67.56,600.0,500.0,raditz
PT-0106,66.0,219.3,999.0,Saiyan,78.74,600.0,,dodoria  
PT-0107,51.0,109.2,779.0,Saiyan,64.14,600.0,500.0,zarbon
PT-0108,63.0,85.5,1419.0,Frieza,77.93,700.0,600.0,dodoria
PT-0109,87.0,214.2,208.0,Saiyan,72.63,800.0,600.0,frieza
PT-0110,35.0,126.2,1121.0,Namekian,71.11,400.0,,cell
PT-0111,79.0,147.0,272.0,Human,84.53,600.0,600.0,  yamcha 
PT-0112,300.0,197.6,351.0,Human,80.45,600.0,700.0,gohan (kid)
PT-0113,58.0,139.2,690.0,Human,82.2,700.0,400.0,hercule
PT-0114,41.0,65.3,1033.0, Saiyan  ,63.77,500.0,500.0,whis
PT-0115,,97.8,247.0,Saiyan,73.46,600.0,600.0,krillin
PT-0116,59.0,154.1,362.0,Frieza,84.58,500.0,500.0,tien
PT-0117,75.0,253.8,522.0,Saiyan,94.73,,600.0,pan
PT-0118,70.0,124.2,441.0,Frieza,72.45,600.0,600.0,yamcha
PT-0119,102.0,225.0,823.0,Frieza,89.89,900.0,700.0,bardock
PT-0120,65.0,114.8,3872.0,  Saiyan   ,84.36,700.0,600.0,  gotenks
PT-0121,50.0,90.1,,Human,69.37,500.0,400.0,yamcha
PT-0122,74.0,190.5,317.0,Saiyan,84.36,700.0,500.0,tien
PT-0123,74.0,203.6,226.0,Human,85.84,700.0,700.0,bardock
PT-0124,97.0,265.2,405.0,Frieza   ,84.3,700.0,,raditz
PT-0125,87.0,180.1,280.0,Namekian  ,88.15,700.0,700.0,frieza
PT-0126,77.0,230.8,652.0,,80.75,700.0,600.0,raditz
PT-0127,99.0,165.7,646.0,Saiyan,79.87,800.0,700.0,cooler
PT-0128,46.0,92.9,373.0,Human,60.48,400.0,500.0,gotenks
PT-0129,57.0,183.7,1621.0,Saiyan,67.58,,500.0,android 16
PT-0130,51.0,138.4,317.0,Namekian,77.83,600.0,500.0,krillin 
PT-0131,62.0,203.9,459.0,   Saiyan,82.49,700.0,500.0,cooler
PT-0132,,156.5,723.0,,72.8,500.0,500.0,android 16
PT-0133,83.0,224.5,-480.0,Saiyan,86.72,700.0,600.0,piccolo
PT-0134,66.0,208.5,1061.0,Saiyan,79.7,600.0,600.0,majin buu
PT-0135,41.0,98.0,637.0,Saiyan,68.62,500.0,500.0,android 18
PT-0136,50.0,82.8,926.0,Saiyan,73.26,600.0,500.0,krillin
PT-0137,76.0,148.2,331.0, Namekian,84.2,700.0,600.0,   jaco
PT-0138,87.0,154.9,855.0,  Majin  ,73.56,700.0,700.0,zarbon
PT-0139,110.0,195.6,848.0,Saiyan  ,87.68,900.0,700.0,raditz
PT-0140,128.0,292.8,1221.0,Majin   ,92.97,900.0,700.0,tien
PT-0141,78.0,209.1,181.0,Saiyan,90.06,700.0,600.0,vegeta
PT-0142,50.0,139.6,286.0,Majin,83.23,600.0,500.0,   gohan (kid)
PT-0143,27.0,56.1,807.0, Saiyan   ,43.45,400.0,400.0,gohan (kid)
PT-0144,75.0,114.5,100.0,Human,92.52,700.0,600.0,hercule
PT-0145,54.0,173.7,662.0,Saiyan,72.29,500.0,500.0,android 18
PT-0146,62.0,141.3,931.0,Saiyan,82.9,600.0,500.0,yamcha
PT-0147,58.0,89.7,349.0,Human,77.25,600.0,600.0,
PT-0148,67.0,99.2,381.0,Majin,88.32,600.0,500.0,lord slug
PT-0149,91.0,227.5,259.0,Majin,88.08,700.0,700.0,captain ginyu
PT-0150,73.0,136.1,360.0,Saiyan,68.29,700.0,500.0,zamasu
PT-0151,67.0,240.1,367.0,Human,75.95,700.0,600.0,gohan (kid)
PT-0152,49.0,126.2,327.0,Majin ,73.73,600.0,500.0,tien
PT-0153,37.0,94.8,317.0,Saiyan,63.07,500.0,500.0,krillin
PT-0154,60.0,73.6,419.0,Saiyan,79.26,500.0,500.0,nappa
PT-0155,0.0,220.4,416.0,Saiyan,77.07,600.0,600.0,
PT-0156,105.0,283.2,1517.0,   Saiyan,87.24,800.0,700.0,tien  
PT-0157,73.0,121.9,389.0,Saiyan,70.51,600.0,500.0,frieza
PT-0158,90.0,231.1,606.0,Saiyan,82.87,800.0,700.0,beerus 
PT-0159,60.0,159.7,349.0,Human,75.64,600.0,500.0,hercule
PT-0160,46.0,120.1,,Human,52.72,600.0,400.0,android 16 
PT-0161,51.0,115.1,177.0,Majin,64.16,500.0,500.0,android 16
PT-0162,55.0,129.2,192.0,Human,56.03,500.0,500.0,
PT-0163,113.0,195.4,239.0,Saiyan,90.26,900.0,800.0,dodoria
PT-0164,54.0,79.4,550.0,Frieza,81.18,600.0,600.0,vegeta
PT-0165,87.0,148.5,940.0,Majin,75.31,800.0,600.0,gohan (kid)
PT-0166,52.0,169.4,931.0,Human,76.43,600.0,500.0,tien
PT-0167,89.0,191.2,354.0, Saiyan  ,100.0,700.0,600.0,frieza   
PT-0168,78.0,187.7,217.0,Human,92.83,700.0,600.0,dodoria
PT-0169,67.0,158.5,420.0,Human,77.87,600.0,600.0,yamcha
PT-0170,,214.8,940.0,Human,84.47,700.0,600.0, raditz   
PT-0171,57.0,164.7,377.0,Majin,61.84,700.0,500.0,hercule 
PT-0172,79.0,263.1,479.0,   Frieza,69.01,700.0,600.0,raditz
PT-0173,61.0,123.2,1180.0,Frieza ,74.63,600.0,600.0,zarbon
PT-0174,,67.2,,,71.19,500.0,,yamcha
PT-0175,44.0,106.5,312.0,Frieza,76.36,600.0,500.0,piccolo
PT-0176,73.0,186.1,542.0,Frieza,74.65,700.0,600.0,majin buu
PT-0177,102.0,321.2,300.0,Saiyan  ,92.35,700.0,700.0,
PT-0178,73.0,240.5,634.0,Human,80.47,600.0,700.0,gohan (kid)
PT-0179,68.0,162.3,671.0,Saiyan,76.15,600.0,600.0,
PT-0180,0.0,298.3,217.0,Saiyan,79.82,700.0,700.0,dodoria
PT-0181,300.0,269.8,547.0,Saiyan,81.56,800.0,700.0,cooler   
PT-0182,74.0,140.3,459.0,Human,81.84,700.0,500.0,android 18
PT-0183,,149.5,683.0,Saiyan,76.36,600.0,500.0,piccolo
PT-0184,92.0,141.7,811.0,  Saiyan   ,83.28,800.0,700.0,vegeta
PT-0185,79.0,247.7,,Saiyan,86.93,700.0,700.0,vegeta
PT-0186,101.0,161.5,411.0,Human,98.62,800.0,600.0,raditz
PT-0187,74.0,163.3,7994.0,Namekian,85.02,700.0,600.0,raditz
PT-0188,46.0,142.8,292.0, Frieza,60.06,400.0,500.0,cooler
PT-0189,43.0,48.5,223.0,Saiyan,68.0,500.0,500.0,tien
PT-0190,103.0,153.9,72.0,Saiyan,83.91,800.0,700.0,   yamcha   
PT-0191,104.0,293.5,472.0,Namekian,92.37,900.0,700.0,frieza
PT-0192,66.0,101.9,301.0,Saiyan,69.14,500.0,600.0,
PT-0193,62.0,182.1,626.0,Frieza,85.02,600.0,600.0,android 18
PT-0194,99.0,230.6,151.0,Majin,95.87,800.0,700.0,krillin
PT-0195,48.0,108.1,334.0,Human,78.42,600.0,500.0,cell
PT-0196,52.0,93.7,653.0,  Saiyan,79.21,600.0,600.0,turles
PT-0197,83.0,246.9,266.0,Saiyan  ,81.04,800.0,600.0,captain ginyu
PT-0198,62.0,189.2,630.0,Human,71.4,600.0,600.0,gotenks
PT-0199,70.0,136.4,353.0,Saiyan,91.93,700.0,600.0,vegeta
PT-0200,67.0,236.5,483.0,Namekian,75.48,600.0,600.0,tien
PT-0201,77.0,226.4,704.0,,69.96,700.0,600.0,vegeta
PT-0202,98.0,269.6,,Saiyan,97.26,800.0,600.0,zarbon
PT-0203,72.0,208.1,521.0,Saiyan,79.95,700.0,500.0,turles
PT-0204,83.0,243.9,302.0,Human,95.25,700.0,600.0,  nappa
PT-0205,29.0,104.4,374.0,Saiyan,63.54,500.0,400.0,gohan (kid)
PT-0206,69.0,148.2,,Human,77.44,700.0,600.0,   broly 
PT-0207,53.0,147.1,267.0,Human ,83.41,600.0,500.0,  raditz
PT-0208,46.0,98.5,443.0,Majin,56.09,600.0,500.0,android 18
PT-0209,52.0,73.1,,Saiyan,66.12,600.0,400.0,nappa
PT-0210,63.0,147.0,463.0,Saiyan,68.1,600.0,600.0,jaco
PT-0211,88.0,135.9,2286.0,Namekian,67.64,800.0,700.0,piccolo
PT-0212,43.0,109.9,162.0,Human,74.19,500.0,500.0,lord slug
PT-0213,71.0,145.0,673.0,Majin ,73.94,700.0,600.0,frieza
PT-0214,60.0,118.2,879.0,Human,81.24,700.0,500.0,bardock
PT-0215,63.0,204.4,168.0,Namekian,78.31,500.0,600.0,bojack
PT-0216,90.0,247.5,615.0,Saiyan,90.86,800.0,700.0,hercule
PT-0217,81.0,204.0,944.0,,78.76,800.0,700.0,tien
PT-0218,97.0,156.2,705.0,Majin,82.69,800.0,600.0,dodoria
PT-0219,67.0,150.9,384.0,Saiyan,77.52,700.0,600.0,turles
PT-0220,56.0,113.3,280.0,Majin,79.75,600.0,500.0,android 18
PT-0221,66.0,163.2,517.0,Saiyan,76.0,600.0,500.0,broly
PT-0222,75.0,218.7,572.0,Saiyan,74.38,700.0,700.0,gohan (adult) and videl
PT-0223,74.0,174.1,522.0,Saiyan,70.01,700.0,600.0,gohan (kid)
PT-0224,48.0,106.7,,Namekian,70.83,600.0,400.0,piccolo 
PT-0225,72.0,229.4,257.0,Majin,74.37,,600.0,nappa
PT-0226,75.0,222.9,635.0,Saiyan,79.43,700.0,600.0,cell
PT-0227,120.0,325.7,654.0,Saiyan,96.09,900.0,700.0,dodoria  
PT-0228,108.0,296.9,556.0, Saiyan   ,89.64,800.0,700.0, krillin
PT-0229,53.0,57.4,527.0,,73.55,600.0,400.0, lord slug
PT-0230,64.0,211.3,1350.0,Majin,80.04,700.0,500.0, krillin  
PT-0231,41.0,72.2,339.0,Saiyan,82.12,500.0,500.0,vegeta
PT-0232,58.0,131.5,1063.0,Saiyan,79.26,700.0,600.0,dodoria
PT-0233,76.0,270.2,317.0,Saiyan  ,93.15,600.0,600.0,captain ginyu 
PT-0234,94.0,266.6,959.0,Human,81.05,800.0,600.0, yamcha
PT-0235,55.0,88.8,1033.0,Human,59.19,500.0,500.0,majin buu
PT-0236,57.0,85.4,413.0,Human,72.68,700.0,500.0,turles
PT-0237,-1.0,66.1,1335.0,Human,67.66,500.0,400.0,cell
PT-0238,67.0,189.1,,Frieza,82.41,600.0,500.0,jaco 
PT-0239,49.0,90.6,291.0,Human,79.29,600.0,500.0,raditz
PT-0240,59.0,158.6,394.0,Namekian,53.31,700.0,600.0,yamcha
PT-0241,52.0,174.4,972.0,Human,80.82,600.0,500.0,tien
PT-0242,68.0,207.5,857.0,Saiyan,79.88,600.0,500.0,
PT-0243,35.0,115.6,261.0,   Majin,51.65,500.0,400.0,yamcha
PT-0244,41.0,57.7,453.0,Human,72.19,500.0,400.0,  pan
PT-0245,,179.3,,Human,96.56,900.0,700.0,cooler
PT-0246,44.0,112.9,363.0,Saiyan,70.65,600.0,500.0,gohan (adult) and videl
PT-0247,48.0,107.4,2028.0,Saiyan,77.19,500.0,500.0,zarbon
PT-0248,107.0,182.5,567.0,Namekian,96.24,900.0,600.0,lord slug
PT-0249,128.0,260.2,475.0,,89.42,1000.0,800.0,zarbon
PT-0250,47.0,72.2,1007.0,Saiyan,67.66,500.0,500.0,
PT-0251,63.0,110.1,396.0,Saiyan,62.26,600.0,600.0,hercule
PT-0252,77.0,208.2,902.0,Human,85.99,800.0,600.0, raditz
PT-0253,105.0,326.3,181.0,Namekian,100.0,900.0,700.0,broly
PT-0254,50.0,148.1,375.0,Human,60.07,600.0,500.0,lord slug  
PT-0255,65.0,178.5,925.0,Frieza,70.63,700.0,500.0,majin buu 
PT-0256,86.0,193.2,1264.0,Human,77.34,700.0,700.0,raditz
PT-0257,79.0,267.8,310.0,Saiyan,77.97,600.0,500.0,tien
PT-0258,62.0,134.0,289.0,Saiyan,78.1,700.0,500.0,tien
PT-0259,67.0,133.8,693.0,Saiyan,73.26,600.0,600.0,android 18
PT-0260,43.0,146.7,339.0,Majin,72.42,600.0,,yamcha
PT-0261,65.0,159.0,419.0,Saiyan,84.52,600.0,600.0,nenhum
PT-0262,65.0,97.5,834.0,Saiyan,84.81,600.0,600.0, goku
PT-0263,75.0,146.3,356.0,Namekian,71.05,600.0,500.0,krillin
PT-0264,59.0,144.6,152.0,Human,84.69,600.0,500.0,lord slug
PT-0265,79.0,154.1,226.0,Saiyan,93.33,700.0,600.0,raditz
PT-0266,90.0,226.1,496.0,Majin   ,98.42,700.0,800.0,nappa
PT-0267,73.0,231.6,161.0,Human  ,77.94,600.0,600.0,raditz
PT-0268,77.0,158.4,412.0,Namekian,74.79,600.0,600.0,gotenks
PT-0269,71.0,193.2,214.0,Human,70.53,600.0,600.0,beerus
PT-0270,70.0,160.9,1318.0,,69.19,700.0,600.0,krillin
PT-0271,56.0,164.8,1806.0,Saiyan  ,72.49,600.0,500.0,gohan (kid)
PT-0272,76.0,140.0,261.0,Saiyan,87.18,600.0,500.0,zarbon 
PT-0273,68.0,138.4,575.0,Majin,87.65,700.0,400.0,captain ginyu 
PT-0274,112.0,268.2,277.0,Human,90.92,800.0,800.0,tien
PT-0275,101.0,289.4,409.0,Majin,90.09,,700.0, gotenks
PT-0276,78.0,238.2,1454.0,Human,80.37,700.0,500.0,pan
PT-0277,55.0,146.4,372.0,Saiyan,66.92,600.0,500.0,vegeta
PT-0278,48.0,121.8,415.0,   Saiyan,75.09,500.0,500.0,turles
PT-0279,94.0,236.0,,Saiyan,90.5,900.0,700.0,android 16
PT-0280,75.0,105.8,,Saiyan,81.13,600.0,700.0,cooler
PT-0281,80.0,154.0,70.0,Human,84.87,700.0,600.0,   gohan (adult) and videl 
PT-0282,35.0,45.9,378.0,Frieza,68.92,500.0,400.0,
PT-0283,,182.7,479.0,   Saiyan,90.44,700.0,600.0,frieza
PT-0284,79.0,215.0,331.0,  Human,74.89,600.0,700.0,gohan (kid)
PT-0285,48.0,121.1,827.0,Saiyan,76.37,500.0,400.0,cell
PT-0286,61.0,163.0,,Majin,76.44,600.0,600.0,yamcha
PT-0287,,196.0,211.0,Saiyan,76.52,700.0,600.0,raditz
PT-0288,71.0,198.4,1730.0,Human,80.27,600.0,600.0,dodoria
PT-0289,64.0,181.2,210.0,Saiyan,78.36,700.0,600.0,vegeta
PT-0290,68.0,135.3,1068.0,Saiyan,85.85,600.0,600.0,raditz  
PT-0291,65.0,156.1,539.0,Human,67.63,600.0,400.0,piccolo
PT-0292,73.0,184.5,364.0,Saiyan ,89.8,600.0,700.0,   turles  
PT-0293,99.0,288.9,385.0,Human,89.79,800.0,700.0,cooler
PT-0294,,35.7,483.0,Saiyan,53.55,400.0,400.0,   vegeta 
PT-0295,65.0,140.7,558.0,Frieza,71.71,700.0,500.0,gotenks
PT-0296,74.0,225.1,284.0,Saiyan,71.59,600.0,500.0,gotenks 
PT-0297,76.0,212.8,428.0,Human,66.47,700.0,700.0,tien
PT-0298,63.0,107.0,310.0,Namekian,80.62,600.0,500.0,frieza
PT-0299,35.0,82.9,238.0,Human,79.85,500.0,400.0,gohan (kid)
PT-0300,77.0,266.4,302.0,Saiyan,67.86,800.0,600.0,frieza
PT-0301,105.0,155.2,247.0,Human,84.4,800.0,800.0,lord slug
PT-0302,39.0,123.3,383.0,Saiyan,71.61,400.0,500.0,krillin
PT-0303,87.0,159.0,639.0,Human  ,84.43,700.0,700.0,captain ginyu
PT-0304,63.0,171.4,530.0,Saiyan,81.88,500.0,500.0, gohan (kid)
PT-0305,69.0,160.6,1611.0,,76.79,600.0,600.0,captain ginyu
PT-0306,49.0,101.6,131.0,Namekian,64.95,,500.0,
PT-0307,63.0,207.5,653.0, Saiyan   ,73.39,500.0,500.0,gohan (adult) and videl
PT-0308,96.0,227.8,495.0,Saiyan,69.34,800.0,800.0,frieza
PT-0309,82.0,276.9,804.0,Saiyan,73.65,700.0,500.0,piccolo
PT-0310,105.0,198.0,757.0,Human,99.59,800.0,800.0,majin buu
PT-0311,94.0,288.3,446.0, Saiyan,97.14,800.0,600.0,
PT-0312,79.0,256.3,547.0,Human,92.85,600.0,700.0,cooler
PT-0313,105.0,291.5,315.0,Human,95.53,900.0,700.0,captain ginyu
PT-0314,79.0,150.0,712.0,Frieza,63.55,700.0,600.0,krillin  
PT-0315,87.0,242.5,160.0,Saiyan,79.72,700.0,700.0,   raditz   
PT-0316,64.0,184.7,785.0,Saiyan,86.2,600.0,600.0,tien
PT-0317,71.0,263.9,486.0,Saiyan,91.38,700.0,600.0,lord slug
PT-0318,-5.0,152.0,368.0,Human,83.3,600.0,600.0,cell
PT-0319,90.0,170.5,,Saiyan,84.11,600.0,600.0,tien
PT-0320,46.0,74.3,448.0,Saiyan,57.95,500.0,300.0,tien
PT-0321,86.0,276.4,1073.0,Saiyan,84.07,,600.0,broly
PT-0322,66.0,231.2,3429.0,Majin,76.52,600.0,500.0,piccolo
PT-0323,93.0,140.8,1024.0,Frieza,99.72,800.0,700.0,gohan (kid)
PT-0324,85.0,264.2,351.0,Saiyan,85.82,700.0,600.0,cell
PT-0325,106.0,370.6,719.0,Saiyan,92.53,900.0,800.0,tien
PT-0326,85.0,131.6,738.0,Saiyan,84.59,800.0,600.0,jaco
PT-0327,39.0,70.4,283.0,   Saiyan,68.8,500.0,500.0,krillin
PT-0328,69.0,212.9,, Frieza,82.61,600.0,600.0,turles
PT-0329,47.0,114.0,474.0,Human,63.0,500.0,500.0,nappa
PT-0330,60.0,98.4,800.0,Human,65.54,500.0,600.0,yamcha
PT-0331,100.0,300.2,187.0,Frieza,100.0,800.0,700.0,vegeta
PT-0332,83.0,196.6,320.0,Human,70.07,800.0,600.0,gohan (future)
PT-0333,56.0,177.2,695.0,Saiyan,85.5,500.0,500.0,captain ginyu
PT-0334,50.0,170.0,505.0,Human,54.71,500.0,500.0,tien
PT-0335,71.0,217.0,1153.0,Saiyan,73.72,600.0,600.0,
PT-0336,,106.7,211.0,Saiyan,76.17,600.0,500.0,yamcha
PT-0337,57.0,115.0,,   Frieza   ,72.8,600.0,400.0,krillin
PT-0338,76.0,173.7,196.0,Saiyan,69.87,700.0,600.0,krillin 
PT-0339,93.0,164.7,146.0,Human,90.61,700.0,600.0,gotenks
PT-0340,82.0,248.0,476.0,Saiyan,83.34,700.0,,yamcha
PT-0341,24.0,41.2,249.0,Saiyan,57.87,400.0,400.0,
PT-0342,76.0,188.7,481.0, Human   ,75.41,600.0,600.0,jaco
PT-0343,0.0,119.8,471.0,Majin,78.12,700.0,500.0,cooler
PT-0344,78.0,133.3,,Human,76.54,700.0,600.0,gohan (kid)
PT-0345,102.0,208.4,297.0,Saiyan,100.0,900.0,700.0,cooler
PT-0346,29.0,126.0,639.0,Saiyan,59.68,400.0,500.0,raditz
PT-0347,58.0,176.4,407.0, Human  ,70.21,600.0,600.0,dodoria
PT-0348,82.0,130.6,955.0,Human,78.47,700.0,700.0,nappa
PT-0349,38.0,132.8,442.0,Majin,79.42,600.0,500.0,android 18
PT-0350,100.0,346.8,276.0,Human,76.89,800.0,800.0,majin buu
PT-0351,77.0,182.8,179.0,Namekian   ,83.68,700.0,600.0,nappa
PT-0352,87.0,212.8,444.0,,82.89,700.0,600.0,yamcha
PT-0353,59.0,144.5,230.0,Saiyan   ,62.21,600.0,500.0,nappa
PT-0354,86.0,194.1,219.0,   Human  ,77.85,700.0,600.0,majin buu
PT-0355,-1.0,242.1,676.0,Majin,88.94,800.0,700.0,hercule
PT-0356,75.0,108.1,170.0,Frieza,73.08,600.0,600.0,hercule
PT-0357,75.0,248.5,1150.0,Saiyan,82.08,700.0,500.0,gohan (future)
PT-0358,75.0,231.9,,Human   ,93.83,700.0,600.0,gotenks  
PT-0359,53.0,185.1,480.0,Saiyan ,72.56,600.0,500.0,gohan (future)
PT-0360,67.0,161.5,265.0,Majin,65.17,500.0,600.0,android 18
PT-0361,67.0,176.3,779.0,Frieza,70.03,600.0,600.0,raditz
PT-0362,78.0,257.7,492.0,Frieza,78.92,600.0,600.0,  cooler   
PT-0363,90.0,171.4,326.0,,83.18,800.0,600.0,   piccolo
PT-0364,49.0,103.2,556.0,Saiyan,70.82,500.0,500.0,tien  
PT-0365,67.0,177.4,180.0,Majin,79.3,600.0,600.0,gohan (kid)
PT-0366,100.0,207.4,185.0,   Human   ,100.0,700.0,700.0,nappa
PT-0367,55.0,100.8,252.0,Frieza,71.97,600.0,500.0,cell
PT-0368,54.0,53.7,608.0,Saiyan,62.38,500.0,500.0,
PT-0369,74.0,180.5,492.0,  Namekian  ,88.83,700.0,600.0,krillin
PT-0370,87.0,178.1,925.0,Human,94.9,800.0,700.0,whis
PT-0371,70.0,146.0,284.0,Saiyan,79.86,700.0,600.0,
PT-0372,97.0,144.9,696.0,Saiyan,86.83,800.0,700.0,piccolo
PT-0373,87.0,217.5,460.0,Majin,89.78,600.0,600.0,raditz
PT-0374,-5.0,272.7,280.0,Saiyan,83.11,700.0,600.0,yamcha
PT-0375,81.0,172.5,621.0,Majin,65.95,700.0,600.0,beerus
PT-0376,117.0,318.2,474.0,Human,100.0,900.0,800.0,raditz
PT-0377,0.0,213.7,338.0,Human   ,83.54,700.0,600.0,jaco
PT-0378,30.0,96.1,505.0,,73.53,500.0,400.0,raditz
PT-0379,102.0,294.2,456.0,Frieza,84.95,900.0,700.0,gohan (adult) and videl
PT-0380,61.0,170.7,449.0,Majin,76.21,600.0,,krillin
PT-0381,0.0,207.5,-396.0,Majin,80.78,600.0,700.0,dodoria
PT-0382,,122.5,225.0,Majin,89.08,800.0,700.0,vegeta
PT-0383,38.0,68.2,515.0,Human,66.12,500.0,400.0,nappa
PT-0384,45.0,175.0,304.0,Frieza,68.3,500.0,400.0,bojack
PT-0385,38.0,117.6,267.0,Human,66.89,600.0,400.0,lord slug
PT-0386,54.0,190.5,426.0,Human,77.53,600.0,600.0,raditz
PT-0387,79.0,287.5,765.0,Saiyan,91.36,700.0,600.0,majin buu
PT-0388,80.0,152.5,551.0,Saiyan,75.95,700.0,700.0,yamcha
PT-0389,76.0,233.4,358.0,Majin,79.02,700.0,600.0,  pan
PT-0390,42.0,92.9,350.0,   Saiyan,63.42,500.0,500.0,zarbon
PT-0391,24.0,60.1,722.0,Majin,55.07,400.0,400.0,piccolo
PT-0392,71.0,122.1,117.0,Frieza,65.47,700.0,500.0,gohan (kid)
PT-0393,61.0,106.1,,Saiyan,74.59,600.0,500.0,yamcha
PT-0394,79.0,233.4,160.0,Saiyan,85.43,700.0,600.0,  pan
PT-0395,84.0,260.8,211.0,Human,82.36,800.0,600.0,gohan (kid)
PT-0396,73.0,192.4,362.0,Saiyan,79.13,700.0,600.0,yamcha
PT-0397,85.0,182.9,1812.0,Majin,87.35,800.0,700.0,gohan (adult) and videl
PT-0398,75.0,197.5,1348.0,Human,91.29,600.0,500.0,piccolo
PT-0399,81.0,276.3,753.0,   Human,79.04,800.0,600.0,tien
PT-0400,56.0,126.7,610.0,Human ,63.03,500.0,500.0,android 16
PT-0401,66.0,173.3,161.0,Human,75.68,600.0,500.0,krillin
PT-0402,250.0,196.3,541.0,Saiyan,94.67,600.0,600.0,gotenks
PT-0403,86.0,221.0,354.0,,75.11,700.0,600.0,frieza
PT-0404,62.0,164.0,302.0,Saiyan,80.0,600.0,400.0,raditz
PT-0405,80.0,185.4,541.0,Namekian,91.26,700.0,600.0,dodoria
PT-0406,65.0,178.2,,  Saiyan  ,57.08,600.0,500.0,raditz
PT-0407,68.0,201.3,830.0,Saiyan,80.48,600.0,600.0,captain ginyu
PT-0408,87.0,265.2,154.0,Saiyan,89.63,700.0,700.0,frieza
PT-0409,30.0,84.5,515.0,Saiyan,59.86,500.0,300.0,hercule
PT-0410,44.0,84.5,,  Saiyan ,62.43,,400.0,dodoria
PT-0411,40.0,135.3,385.0,Majin,61.27,500.0,500.0,hercule
PT-0412,23.0,73.5,592.0,Saiyan,56.57,,300.0,tien
PT-0413,56.0,143.4,252.0,Human,69.98,600.0,600.0,whis
PT-0414,85.0,233.8,544.0,Saiyan   ,80.07,700.0,700.0,
PT-0415,64.0,201.3,434.0,Human ,72.84,700.0,500.0,gotenks
PT-0416,74.0,199.0,332.0,Saiyan,89.13,600.0,600.0,dodoria
PT-0417,92.0,260.5,372.0,Majin,77.08,700.0,600.0,
PT-0418,,203.8,449.0,Frieza  ,74.81,800.0,,nappa
PT-0419,69.0,177.6,311.0,Saiyan,87.25,600.0,700.0,whis
PT-0420,97.0,256.1,495.0,Frieza,87.26,900.0,800.0,gotenks
PT-0421,72.0,118.0,417.0,Saiyan,75.69,600.0,600.0,lord slug
PT-0422,53.0,170.4,341.0,Human   ,70.31,500.0,500.0,
PT-0423,58.0,163.5,1279.0,Majin,74.87,500.0,600.0,  cooler
PT-0424,40.0,58.1,632.0,Saiyan,61.81,600.0,500.0,raditz
PT-0425,52.0,194.0,,Saiyan,74.85,500.0,500.0,
PT-0426,63.0,176.2,538.0,Saiyan,67.5,600.0,600.0,
PT-0427,86.0,282.8,266.0,,81.99,600.0,600.0,gotenks
PT-0428,104.0,234.7,379.0,Saiyan,73.88,800.0,800.0,cell 
PT-0429,42.0,146.9,407.0,Namekian,76.18,600.0,500.0,vegeta
PT-0430,78.0,192.6,233.0,Saiyan,79.79,700.0,600.0,android 16
PT-0431,49.0,146.6,622.0,Frieza,74.96,500.0,400.0,nappa
PT-0432,79.0,106.0,364.0,Saiyan,85.41,600.0,500.0,yamcha
PT-0433,67.0,203.0,398.0,Human ,81.2,600.0,600.0,raditz
PT-0434,33.0,124.6,350.0,Saiyan,63.14,500.0,400.0,gohan (kid)
PT-0435,,230.6,2909.0,Saiyan,88.71,700.0,700.0,raditz 
PT-0436,58.0,145.1,331.0,Saiyan,65.51,600.0,500.0,android 16
PT-0437,59.0,176.2,142.0,Human,64.23,600.0,500.0,lord slug
PT-0438,49.0,135.1,189.0,Saiyan,68.79,500.0,500.0,dodoria
PT-0439,57.0,142.9,777.0,Human,67.36,600.0,500.0,hit
PT-0440,79.0,255.0,1099.0,Frieza,93.0,700.0,600.0,beerus
PT-0441,66.0,178.2,327.0,Saiyan,79.4,700.0,600.0,tien
PT-0442,77.0,291.8,1061.0,Saiyan,75.07,800.0,600.0,
PT-0443,77.0,274.4,769.0,Saiyan,78.63,600.0,600.0,whis
PT-0444,96.0,352.2,440.0,Saiyan,89.46,800.0,700.0,raditz
PT-0445,63.0,182.9,421.0,Human,74.66,,600.0,   vegeta
PT-0446,40.0,110.6,549.0,Majin,68.17,500.0,500.0,jaco
PT-0447,91.0,157.9,834.0,Saiyan  ,86.95,700.0,600.0,hercule
PT-0448,63.0,165.1,625.0,Saiyan,64.07,600.0,600.0,gotenks
PT-0449,92.0,252.2,328.0,   Human ,69.59,800.0,700.0, broly   
PT-0450,78.0,208.5,444.0,   Saiyan ,78.21,700.0,700.0,piccolo
PT-0451,67.0,221.7,1618.0,Human,81.28,600.0,600.0,cell
PT-0452,77.0,131.5,,Frieza,77.9,700.0,700.0,gohan (adult) and videl
PT-0453,109.0,240.7,830.0,Saiyan,100.0,800.0,800.0,raditz 
PT-0454,112.0,267.9,681.0,,94.42,800.0,800.0,krillin
PT-0455,71.0,178.8,581.0,,89.26,700.0,600.0,piccolo
PT-0456,73.0,107.8,526.0,  Human,88.42,700.0,500.0,lord slug
PT-0457,92.0,173.9,844.0,Majin,95.21,700.0,,cell
PT-0458,53.0,199.4,,Majin,61.57,600.0,500.0,beerus
PT-0459,77.0,212.4,577.0,Human,80.94,800.0,600.0,gohan (kid)
PT-0460,69.0,87.6,325.0,Human,87.38,600.0,500.0,android 18
PT-0461,76.0,108.5,621.0,,82.58,600.0,600.0,krillin
PT-0462,53.0,136.0,473.0,Human,75.63,600.0,500.0,pan
PT-0463,38.0,68.4,410.0,Human,54.1,600.0,400.0,frieza
PT-0464,29.0,63.4,2458.0,Saiyan,76.95,400.0,400.0,majin buu
PT-0465,48.0,154.1,196.0,Namekian,62.87,500.0,500.0,gohan (kid)
PT-0466,61.0,119.2,876.0,,58.44,700.0,600.0,   tien
PT-0467,64.0,200.5,294.0,  Saiyan   ,72.79,600.0,600.0,tien
PT-0468,109.0,193.4,533.0,Saiyan,74.02,800.0,700.0,   gohan (adult) and videl   
PT-0469,92.0,211.4,2301.0,,78.12,800.0,700.0,yamcha
PT-0470,51.0,148.2,,Human,90.87,500.0,500.0, gotenks
PT-0471,77.0,183.9,319.0,   Saiyan,77.76,600.0,600.0,raditz
PT-0472,62.0,213.7,488.0,Human,63.38,500.0,600.0,frieza
PT-0473,64.0,141.1,296.0,Human,75.8,700.0,600.0,raditz 
PT-0474,74.0,145.5,838.0,Saiyan,72.42,600.0,500.0,krillin
PT-0475,82.0,200.6,358.0,Saiyan,89.72,700.0,600.0,frieza
PT-0476,63.0,134.3,730.0,Human,68.08,600.0,600.0,vegeta
PT-0477,91.0,315.4,222.0,Majin,88.57,800.0,700.0,
PT-0478,47.0,93.8,,Saiyan,59.62,500.0,400.0,cooler
PT-0479,70.0,217.8,429.0,Saiyan  ,98.79,700.0,600.0,gohan (kid)
PT-0480,122.0,390.0,192.0, Saiyan,100.0,900.0,800.0,frieza
PT-0481,74.0,175.9,1225.0,Saiyan,78.44,600.0,700.0,android 16
PT-0482,99.0,206.9,197.0,Saiyan,87.26,800.0,700.0,tien
PT-0483,72.0,209.1,264.0,Frieza,74.37,700.0,500.0,nappa
PT-0484,,172.1,632.0,Saiyan,76.71,700.0,500.0, tien  
PT-0485,69.0,198.7,347.0,Saiyan,71.29,700.0,600.0,krillin
PT-0486,67.0,162.5,,Namekian,90.23,700.0,600.0,krillin   
PT-0487,54.0,157.0,1676.0,Human,67.18,600.0,500.0,cooler
PT-0488,79.0,201.7,270.0,  Saiyan ,64.56,700.0,600.0, tien 
PT-0489,53.0,154.4,5163.0,Human,61.87,500.0,500.0,turles   
PT-0490,83.0,240.4,435.0,Frieza,90.62,700.0,700.0,  majin buu
PT-0491,92.0,259.1,755.0,Saiyan,84.78,700.0,700.0,krillin
PT-0492,77.0,253.4,650.0,Saiyan,79.73,600.0,500.0,frieza
PT-0493,64.0,119.1,300.0,Namekian   ,84.96,600.0,500.0,krillin
PT-0494,79.0,281.9,405.0,Majin,75.38,700.0,700.0,tien
PT-0495,64.0,159.9,430.0,Frieza,80.66,700.0,600.0,hit
PT-0496,89.0,289.8,772.0,Saiyan,80.26,800.0,600.0,dodoria
PT-0497,33.0,80.6,244.0,Frieza,67.81,600.0,400.0,krillin
PT-0498,63.0,222.3,1654.0,  Saiyan,72.07,700.0,600.0,turles
PT-0499,30.0,77.9,312.0,Majin,60.07,500.0,400.0,whis
PT-0500,40.0,104.0,490.0,Namekian,72.56,500.0,400.0,frieza
PT-0501,97.0,191.4,246.0,Saiyan,94.78,700.0,700.0,   cell 
PT-0502,88.0,182.1,226.0,Saiyan,83.88,700.0,600.0,hercule
PT-0503,-5.0,120.4,292.0,Human,68.63,600.0,600.0,lord slug
PT-0504,40.0,88.7,275.0,   Namekian   ,78.79,500.0,600.0,dodoria
PT-0505,11.0,22.0,384.0,Saiyan,59.11,300.0,300.0,gotenks
PT-0506,59.0,208.3,274.0,Namekian,70.47,600.0,500.0,
PT-0507,118.0,242.7,748.0,Saiyan,91.98,800.0,800.0,raditz
PT-0508,79.0,239.3,308.0,Saiyan,89.8,600.0,700.0,krillin
PT-0509,,110.7,288.0,Saiyan,74.52,500.0,500.0,
PT-0510,79.0,255.9,,Frieza,80.29,700.0,700.0,tien
PT-0511,0.0,132.0,894.0,Saiyan,66.52,400.0,400.0,tien
PT-0512,64.0,168.7,561.0,Human,78.3,600.0,600.0,dodoria
PT-0513,250.0,221.2,464.0,Saiyan,78.35,,500.0,jaco
PT-0514,68.0,229.0,209.0,Frieza,86.83,700.0,600.0,tien
PT-0515,86.0,285.3,248.0,  Majin,94.47,700.0,600.0,gohan (kid)
PT-0516,77.0,174.3,229.0,Saiyan,85.06,600.0,600.0,gotenks
PT-0517,83.0,205.4,1079.0,Saiyan  ,94.2,700.0,700.0,vegeta
PT-0518,56.0,197.1,677.0,Saiyan,72.47,600.0,500.0,majin buu
PT-0519,88.0,207.8,294.0,Saiyan,90.72,800.0,600.0,frieza
PT-0520,103.0,320.0,351.0,Majin,99.24,800.0,700.0, cooler   
PT-0521,51.0,103.2,300.0,Human,78.55,600.0,500.0,yamcha
PT-0522,250.0,183.8,290.0,Saiyan,78.13,600.0,500.0,nappa
PT-0523,97.0,174.3,649.0,Majin,93.85,800.0,700.0,android 18
PT-0524,66.0,109.6,415.0,Human,92.06,700.0,600.0,  krillin  
PT-0525,98.0,337.7,1718.0,,84.88,800.0,700.0,piccolo
PT-0526,61.0,202.5,1043.0,Saiyan,73.16,700.0,500.0,vegeta
PT-0527,99.0,323.0,1081.0,Saiyan,87.88,800.0,700.0,android 16
PT-0528,73.0,238.4,737.0,Human,76.26,600.0,500.0,captain ginyu
PT-0529,75.0,180.2,382.0,Saiyan,64.09,600.0,600.0,lord slug
PT-0530,101.0,213.4,705.0,Human,100.0,700.0,700.0,lord slug
PT-0531,63.0,105.3,400.0,,66.99,500.0,500.0,krillin
PT-0532,51.0,141.2,,Human,71.76,600.0,500.0,beerus
PT-0533,61.0,137.7,628.0,Saiyan,63.03,700.0,500.0,gotenks
PT-0534,79.0,280.9,577.0,Human,86.57,700.0,600.0,gohan (kid)
PT-0535,39.0,54.7,532.0,Saiyan,59.32,500.0,400.0,
PT-0536,0.0,159.6,1400.0,Saiyan,74.11,800.0,700.0,gohan (kid)
PT-0537,59.0,118.8,208.0,Saiyan,75.15,600.0,500.0,beerus
PT-0538,,158.0,1485.0,Human,81.59,800.0,600.0,vegeta
PT-0539,22.0,53.0,441.0, Majin,54.21,400.0,300.0,vegeta
PT-0540,54.0,154.0,212.0,Saiyan,72.97,600.0,500.0,whis  
PT-0541,36.0,116.5,314.0,Majin,70.8,500.0,500.0,
PT-0542,53.0,166.6,,Human,64.65,,500.0,yamcha
PT-0543,75.0,256.7,729.0, Human   ,72.07,700.0,600.0,android 18
PT-0544,66.0,182.3,264.0,Human,76.59,600.0,600.0,   hercule
PT-0545,65.0,190.2,,,80.31,500.0,600.0,nappa
PT-0546,67.0,134.4,973.0,Majin,88.5,700.0,600.0,captain ginyu
PT-0547,74.0,108.6,329.0,Majin,71.03,600.0,600.0,android 18
PT-0548,50.0,94.0,,Majin,67.46,600.0,500.0,captain ginyu
PT-0549,84.0,287.3,225.0,Saiyan,93.01,800.0,600.0,nenhum
PT-0550,83.0,196.1,390.0,Human,98.98,700.0,600.0,  captain ginyu  
PT-0551,78.0,152.1,2309.0,Saiyan,73.26,700.0,600.0,android 18
PT-0552,81.0,190.8,786.0,Human,76.49,800.0,500.0,hercule   
PT-0553,76.0,237.8,420.0,Saiyan,83.45,700.0,600.0,yamcha
PT-0554,111.0,305.0,341.0,Saiyan,89.78,800.0,800.0,krillin
PT-0555,68.0,173.1,480.0,Human,71.13,700.0,600.0,gohan (future)
PT-0556,64.0,235.2,533.0,Namekian,77.56,600.0,600.0,lord slug
PT-0557,,166.4,383.0,   Saiyan,84.4,500.0,500.0,vegeta
PT-0558,49.0,128.1,677.0,Human,59.12,600.0,400.0,krillin
PT-0559,45.0,83.6,278.0,Human,79.99,500.0,400.0,piccolo
PT-0560,52.0,88.6,277.0,Frieza,66.2,600.0,400.0,krillin
PT-0561,69.0,225.2,615.0,Human,80.37,600.0,600.0,vegeta
PT-0562,77.0,196.2,244.0,Saiyan,93.53,700.0,600.0,  frieza   
PT-0563,71.0,180.7,763.0,Saiyan,81.0,700.0,600.0,yamcha
PT-0564,55.0,141.0,489.0,Human,69.62,400.0,600.0,android 18  
PT-0565,88.0,126.5,165.0,  Saiyan,90.95,800.0,600.0,
PT-0566,300.0,266.6,526.0,Frieza,82.61,700.0,600.0,bojack
PT-0567,67.0,131.3,179.0,Frieza,80.97,700.0,600.0,gotenks
PT-0568,57.0,147.6,747.0,Frieza,71.16,600.0,,zarbon
PT-0569,81.0,207.5,424.0,Saiyan,89.29,700.0,500.0,frieza
PT-0570,74.0,165.0,1496.0,Majin,68.45,600.0,600.0,   captain ginyu
PT-0571,41.0,70.7,937.0,,58.29,500.0,400.0,
PT-0572,69.0,249.5,261.0,Saiyan  ,66.33,600.0,500.0,turles
PT-0573,75.0,157.7,147.0,Saiyan,79.55,700.0,700.0,android 16
PT-0574,52.0,105.1,313.0,Saiyan,58.56,600.0,700.0,android 18
PT-0575,74.0,264.9,237.0,Saiyan,74.07,700.0,600.0,raditz
PT-0576,41.0,101.6,1474.0,   Frieza  ,57.54,400.0,400.0,yamcha
PT-0577,97.0,223.5,,Namekian,100.0,700.0,700.0,broly
PT-0578,95.0,204.0,863.0,,80.07,800.0,700.0, piccolo  
PT-0579,65.0,200.8,415.0,Human,65.71,600.0,500.0,tien
PT-0580,77.0,162.9,,Saiyan,82.79,700.0,600.0,android 18
PT-0581,22.0,32.5,483.0,Saiyan,72.29,500.0,400.0,   cell
PT-0582,47.0,105.5,957.0,   Saiyan  ,67.87,500.0,500.0,yamcha
PT-0583,,112.2,594.0,  Human,75.29,500.0,500.0,piccolo 
PT-0584,49.0,94.3,261.0,Human   ,79.93,500.0,500.0,hercule
PT-0585,84.0,146.1,1304.0,Namekian,90.63,700.0,600.0,pan
PT-0586,110.0,197.8,413.0,Namekian,97.4,800.0,700.0,  dodoria  
PT-0587,,78.5,375.0,Saiyan,63.74,500.0,400.0,hercule
PT-0588,53.0,150.9,90.0, Majin,74.85,600.0,500.0,nappa
PT-0589,75.0,103.9,721.0,Saiyan,69.11,700.0,600.0,cell
PT-0590,102.0,183.1,524.0,Saiyan   ,85.81,800.0,700.0,frieza
PT-0591,46.0,158.8,523.0,Human,79.85,600.0,400.0,gotenks
PT-0592,75.0,249.3,387.0,Saiyan,90.42,600.0,700.0,hercule
PT-0593,106.0,319.0,,Saiyan,95.9,800.0,700.0,
PT-0594,37.0,84.6,395.0,Saiyan,49.37,500.0,400.0,
PT-0595,44.0,119.0,651.0,Saiyan,57.93,,500.0,gohan (adult) and videl
PT-0596,62.0,128.3,723.0,Frieza  ,69.36,600.0,500.0,krillin
PT-0597,60.0,108.6,429.0,Saiyan,72.63,600.0,600.0,android 16
PT-0598,86.0,210.8,871.0,Human,74.4,600.0,600.0,dodoria
PT-0599,75.0,212.7,470.0,Frieza,78.03,700.0,600.0,tien
PT-0600,35.0,83.3,364.0,Human,78.14,,400.0,cell
PT-0601,80.0,236.8,,Saiyan,85.21,800.0,500.0,dodoria 
PT-0602,58.0,86.2,-331.0,Frieza,74.95,600.0,600.0,turles
PT-0603,95.0,203.9,567.0,Saiyan,79.86,700.0,700.0,piccolo
PT-0604,57.0,171.0,,Saiyan,59.69,600.0,500.0, krillin  
PT-0605,57.0,202.9,266.0,,62.97,600.0,500.0,   yamcha  
PT-0606,81.0,197.2,147.0,Saiyan,68.96,800.0,700.0,gohan (kid)
PT-0607,85.0,202.9,,Majin,84.6,600.0,600.0,   android 16  
PT-0608,79.0,183.6,1294.0,Saiyan,84.67,600.0,700.0,  nappa  
PT-0609,36.0,40.3,459.0,Human,56.68,500.0,600.0,yamcha
PT-0610,300.0,223.9,725.0,Majin,83.58,600.0,600.0,bardock
PT-0611,49.0,86.7,,,81.35,600.0,500.0,tien
PT-0612,,171.6,628.0,Saiyan,95.66,700.0,600.0,nappa
PT-0613,42.0,80.5,311.0,Saiyan,72.96,600.0,400.0,broly
PT-0614,79.0,157.4,338.0,,80.2,,700.0,android 16
PT-0615,54.0,101.4,,Human,77.5,600.0,500.0,nappa
PT-0616,,112.4,337.0,Saiyan,78.41,600.0,500.0,gohan (future)
PT-0617,84.0,279.5,353.0,   Saiyan  ,67.54,700.0,700.0,captain ginyu 
PT-0618,75.0,204.2,890.0,Majin,91.86,700.0,500.0,   krillin
PT-0619,58.0,130.8,912.0,Human,68.84,600.0,500.0,krillin
PT-0620,99.0,181.5,183.0,Human   ,85.32,800.0,800.0,jaco
PT-0621,61.0,122.2,302.0,Namekian,71.56,,500.0,  gohan (kid)
PT-0622,71.0,105.2,373.0,Saiyan,80.96,600.0,600.0,gohan (adult) and videl
PT-0623,75.0,194.0,706.0,Saiyan,71.11,700.0,500.0,krillin
PT-0624,58.0,157.9,978.0,Human,70.92,600.0,,yamcha
PT-0625,79.0,181.6,2493.0,Namekian,85.8,700.0,700.0,turles
PT-0626,999.0,121.9,373.0,Saiyan,75.35,600.0,600.0,   bojack
PT-0627,,89.0,384.0,Human,77.85,600.0,600.0,   krillin 
PT-0628,97.0,151.3,,Saiyan,86.21,800.0,800.0,piccolo
PT-0629,49.0,125.1,327.0,Saiyan,75.15,500.0,600.0,
PT-0630,22.0,68.3,453.0,Frieza,67.25,500.0,400.0,captain ginyu
PT-0631,102.0,196.0,384.0,Saiyan,98.77,800.0,800.0,vegeta
PT-0632,121.0,317.9,102.0,  Saiyan,100.0,900.0,800.0,piccolo
PT-0633,62.0,177.7,531.0,Majin  ,82.31,600.0,600.0,
PT-0634,31.0,24.2,-189.0,Saiyan,69.37,400.0,,piccolo
PT-0635,64.0,122.5,1057.0,Saiyan,97.01,500.0,600.0,raditz
PT-0636,64.0,131.6,494.0,Majin,85.34,600.0,500.0,nappa
PT-0637,66.0,206.4,,Saiyan,75.69,600.0,600.0,yamcha
PT-0638,48.0,123.0,422.0,   Human  ,61.91,600.0,600.0,frieza
PT-0639,82.0,261.0,141.0,Saiyan,80.71,700.0,700.0,nappa
PT-0640,80.0,243.7,238.0,Saiyan,79.35,700.0,600.0,cooler
PT-0641,40.0,115.1,721.0,Human,70.09,500.0,400.0,
PT-0642,84.0,274.1,425.0,Saiyan,78.0,700.0,600.0,yamcha
PT-0643,111.0,323.4,857.0,Namekian,100.0,900.0,700.0,broly
PT-0644,73.0,252.7,151.0,Frieza,68.08,,600.0,captain ginyu
PT-0645,63.0,221.7,426.0,Namekian,62.14,600.0,600.0,   nappa
PT-0646,67.0,181.1,370.0,Saiyan,75.72,600.0,600.0,  krillin
PT-0647,82.0,247.6,874.0,Saiyan,76.06,700.0,700.0,
PT-0648,35.0,116.8,738.0,Namekian,53.93,500.0,500.0,hercule
PT-0649,999.0,187.7,724.0,Human,74.1,700.0,600.0,android 16
PT-0650,62.0,145.8,1242.0,Majin,68.71,600.0,600.0,hercule
PT-0651,107.0,246.7,395.0,Namekian,92.88,800.0,700.0, yamcha 
PT-0652,67.0,221.9,1098.0,Saiyan,71.84,600.0,600.0,  gohan (future)
PT-0653,103.0,214.1,263.0,Saiyan,86.89,800.0,700.0,piccolo
PT-0654,48.0,144.0,258.0,Human,69.16,600.0,500.0,raditz
PT-0655,82.0,256.5,774.0,Human,90.91,800.0,600.0,captain ginyu
PT-0656,76.0,266.4,200.0,Saiyan,92.17,700.0,500.0,krillin
PT-0657,53.0,103.8,695.0,Human,72.38,500.0,500.0,zarbon
PT-0658,74.0,210.5,524.0,Majin,81.4,700.0,600.0,piccolo
PT-0659,94.0,296.0,937.0,Saiyan,86.13,800.0,700.0,  majin buu  
PT-0660,64.0,220.1,475.0,Saiyan,79.45,600.0,400.0,majin buu
PT-0661,36.0,109.6,510.0,Majin,67.52,500.0,400.0,android 18
PT-0662,70.0,185.9,669.0,Majin,88.61,500.0,500.0,zarbon
PT-0663,52.0,144.0,331.0, Frieza,55.69,600.0,500.0,gohan (kid)
PT-0664,63.0,141.4,323.0,Saiyan,73.32,600.0,600.0,gotenks
PT-0665,68.0,246.4,655.0,Namekian,79.91,600.0,500.0,captain ginyu
PT-0666,36.0,90.6,484.0,Majin,64.19,600.0,400.0,  captain ginyu
PT-0667,38.0,102.9,386.0, Majin,57.69,400.0,500.0,yamcha
PT-0668,80.0,239.5,469.0, Saiyan ,71.61,700.0,600.0,piccolo
PT-0669,-1.0,139.4,1283.0,Saiyan,80.45,600.0,500.0,nappa
PT-0670,19.0,34.4,378.0,   Human ,51.54,400.0,500.0,cell
PT-0671,86.0,146.4,371.0,,70.36,600.0,700.0,gotenks
PT-0672,75.0,260.0,,Saiyan,86.85,700.0,600.0,
PT-0673,56.0,154.5,480.0,Frieza,76.07,600.0,500.0,  zarbon
PT-0674,44.0,69.3,,Saiyan,66.67,500.0,500.0,zarbon
PT-0675,87.0,264.9,814.0,Frieza,77.48,700.0,700.0,majin buu
PT-0676,77.0,157.4,526.0,Human,79.89,700.0,700.0,nappa
PT-0677,,394.6,874.0,Namekian,100.0,800.0,700.0,frieza
PT-0678,78.0,145.1,764.0,Saiyan,68.28,700.0,600.0,
PT-0679,78.0,146.1,961.0,Human,68.69,700.0,600.0,raditz
PT-0680,67.0,111.0,889.0,   Human,71.78,700.0,500.0,gohan (kid)
PT-0681,86.0,226.3,1264.0,Frieza,84.19,800.0,700.0,nappa
PT-0682,83.0,189.9,,,79.23,800.0,600.0,cooler
PT-0683,95.0,247.8,222.0,,93.14,800.0,800.0,gohan (kid)
PT-0684,60.0,129.5,734.0,Frieza,82.71,600.0,600.0,
PT-0685,61.0,132.5,787.0,Saiyan,76.63,500.0,600.0,yamcha
PT-0686,60.0,122.4,1264.0,Human,78.48,700.0,500.0,gohan (adult) and videl
PT-0687,86.0,202.1,,Saiyan  ,86.58,800.0,600.0,broly
PT-0688,100.0,344.3,1583.0,Saiyan,90.08,800.0,700.0,beerus
PT-0689,61.0,112.9,715.0,Human,64.05,700.0,600.0,gohan (adult) and videl
PT-0690,62.0,215.0,565.0,Human,66.58,700.0,500.0,yamcha
PT-0691,76.0,180.3,215.0,Human,69.59,600.0,600.0,tien
PT-0692,65.0,100.1,593.0,Human ,74.81,600.0,500.0,captain ginyu
PT-0693,89.0,175.7,354.0,Majin,87.46,700.0,800.0, captain ginyu
PT-0694,25.0,24.1,559.0,Frieza,48.41,400.0,400.0,lord slug
PT-0695,53.0,184.5,509.0,,71.78,600.0,500.0,raditz
PT-0696,54.0,142.2,,Saiyan,64.6,600.0,500.0,pan
PT-0697,24.0,41.6,465.0,Saiyan,51.05,400.0,400.0,gohan (kid)
PT-0698,51.0,142.3,864.0,Majin,65.4,600.0,400.0,cooler
PT-0699,52.0,151.2,96.0,Saiyan ,61.84,600.0,500.0,turles   
PT-0700,66.0,219.3,552.0,Human,81.25,700.0,500.0,captain ginyu
PT-0701,92.0,306.9,,Saiyan,85.46,800.0,700.0,majin buu
PT-0702,65.0,176.2,1513.0,Human,82.52,600.0,500.0,majin buu
PT-0703,49.0,158.7,764.0,Namekian,66.05,600.0,,hercule
PT-0704,69.0,207.5,1354.0,Human,74.35,,600.0,gohan (adult) and videl
PT-0705,91.0,219.1,,Human,100.0,800.0,600.0,vegeta
PT-0706,50.0,125.4,494.0,Saiyan,57.02,,500.0,nappa
PT-0707,52.0,87.3,677.0,Human,81.08,600.0,500.0,   gohan (adult) and videl  
PT-0708,,241.6,492.0,Saiyan,95.64,700.0,600.0,  cooler
PT-0709,66.0,221.1,308.0,Namekian,82.53,600.0,,cooler
PT-0710,-1.0,141.6,362.0,Saiyan,80.56,700.0,500.0,zarbon
PT-0711,70.0,233.3,253.0,Saiyan,89.42,700.0,600.0,
PT-0712,84.0,293.3,677.0,Saiyan,81.03,700.0,600.0,dodoria
PT-0713,49.0,104.0,496.0,Human ,63.95,500.0,500.0,gohan (future)
PT-0714,70.0,174.9,397.0,Frieza,74.89,600.0,700.0,gohan (kid)
PT-0715,66.0,213.0,351.0,Saiyan,71.84,700.0,500.0,gohan (kid)
PT-0716,46.0,141.7,667.0,Saiyan,60.83,500.0,500.0,yamcha
PT-0717,39.0,59.6,,Saiyan,74.48,400.0,500.0,dodoria
PT-0718,,184.9,,Frieza,77.41,800.0,700.0,gohan (kid)  
PT-0719,63.0,170.7,228.0,Namekian,74.96,600.0,500.0,   cell
PT-0720,50.0,98.6,,Saiyan,58.45,600.0,500.0,   yamcha 
PT-0721,68.0,131.7,216.0,Human,77.45,600.0,600.0,raditz
PT-0722,93.0,118.9,684.0,Majin,77.95,800.0,700.0,tien
PT-0723,24.0,55.7,1300.0,Majin,50.16,400.0,400.0,  krillin
PT-0724,40.0,97.9,1302.0,Human,65.13,600.0,400.0,gohan (adult) and videl
PT-0725,52.0,133.4,767.0,Majin,79.26,600.0,500.0,beerus
PT-0726,99.0,260.6,754.0,   Human   ,93.12,900.0,700.0,majin buu
PT-0727,76.0,238.7,1903.0,  Saiyan ,84.47,600.0,700.0,turles
PT-0728,85.0,218.7,,Saiyan,82.96,700.0,700.0,tien
PT-0729,47.0,90.2,,Saiyan,66.11,600.0,400.0,beerus
PT-0730,48.0,70.3,820.0,Saiyan,75.53,600.0,500.0,dodoria
PT-0731,79.0,167.2,402.0,Saiyan,77.09,800.0,700.0,majin buu
PT-0732,71.0,123.7,1037.0,Namekian,85.08,700.0,600.0,android 18
PT-0733,81.0,179.9,481.0,,92.29,700.0,700.0,nappa
PT-0734,66.0,138.3,533.0,Saiyan,69.67,700.0,500.0,raditz
PT-0735,76.0,97.3,418.0,Saiyan,74.84,700.0,600.0,yamcha
PT-0736,73.0,205.3,,Human,74.83,700.0,500.0,zarbon
PT-0737,86.0,226.5,355.0,,72.66,700.0,700.0,dodoria
PT-0738,86.0,286.0,580.0,Saiyan,80.64,700.0,700.0,
PT-0739,,111.4,310.0,Majin,75.61,500.0,500.0,krillin   
PT-0740,,78.1,873.0,Saiyan,51.64,400.0,400.0,cooler
PT-0741,90.0,158.1,729.0,Saiyan,96.6,700.0,600.0,  captain ginyu 
PT-0742,250.0,233.4,953.0,Majin,84.13,800.0,700.0,krillin
PT-0743,50.0,78.6,250.0,Human,86.91,500.0,500.0,nappa
PT-0744,33.0,85.7,178.0, Saiyan,57.75,500.0,400.0,zarbon
PT-0745,72.0,146.4,492.0,Human,77.65,700.0,700.0,dodoria
PT-0746,89.0,185.0,2805.0,Frieza,78.32,800.0,700.0,
PT-0747,106.0,248.2,1053.0,Saiyan,86.9,900.0,600.0,krillin
PT-0748,80.0,220.1,353.0,Human,92.71,700.0,600.0,gohan (kid)  
PT-0749,63.0,198.4,636.0,Saiyan,79.0,500.0,600.0,gotenks
PT-0750,52.0,152.0,762.0,Human,79.03,600.0,500.0,gohan (adult) and videl
PT-0751,70.0,201.1,,Saiyan,67.48,700.0,600.0,piccolo
PT-0752,64.0,191.5,1121.0,Saiyan,80.84,700.0,600.0,  android 18
PT-0753,50.0,86.8,446.0,Saiyan,62.23,600.0,500.0,whis
PT-0754,111.0,304.2,467.0,Majin,83.7,800.0,800.0,piccolo
PT-0755,106.0,253.8,500.0,Saiyan,94.31,800.0,700.0,yamcha
PT-0756,93.0,183.9,979.0, Namekian  ,89.03,800.0,700.0,krillin
PT-0757,52.0,108.1,313.0,Saiyan,71.23,600.0,500.0,piccolo
PT-0758,87.0,267.5,177.0,Namekian,90.54,800.0,700.0,gohan (adult) and videl
PT-0759,83.0,240.4,598.0,Human,90.19,800.0,,gohan (adult) and videl
PT-0760,79.0,177.4,145.0,Saiyan,93.36,700.0,700.0,frieza
PT-0761,95.0,282.9,411.0,Majin,78.48,700.0,700.0,nappa
PT-0762,83.0,220.5,1004.0,Majin,95.22,700.0,700.0,gohan (adult) and videl
PT-0763,85.0,203.7,697.0,Human,99.06,700.0,600.0,piccolo
PT-0764,83.0,179.3,921.0,Saiyan,80.27,800.0,600.0,yamcha
PT-0765,77.0,164.8,715.0,  Human,67.45,600.0,600.0,tien
PT-0766,34.0,107.0,2093.0,Human,52.53,500.0,500.0,  turles  
PT-0767,72.0,106.3,346.0,Saiyan,75.11,700.0,600.0,
PT-0768,,166.0,626.0,Majin   ,89.71,600.0,500.0,android 18
PT-0769,44.0,86.6,379.0,  Saiyan   ,67.74,500.0,600.0,lord slug
PT-0770,104.0,291.0,,Human,86.66,700.0,700.0,yamcha
PT-0771,300.0,287.6,475.0,Human,86.52,800.0,700.0,vegeta
PT-0772,97.0,286.4,1382.0,Frieza,78.22,800.0,600.0,gohan (adult) and videl
PT-0773,75.0,191.9,358.0,Saiyan,87.0,700.0,600.0,
PT-0774,97.0,357.6,1146.0,Saiyan,88.06,700.0,700.0,captain ginyu
PT-0775,-5.0,156.3,703.0,Saiyan,94.8,700.0,600.0,yamcha
PT-0776,,243.6,483.0,,84.63,600.0,600.0,bardock
PT-0777,48.0,124.5,682.0,Saiyan,75.84,600.0,500.0,vegeta
PT-0778,78.0,153.8,576.0,Saiyan,79.26,600.0,600.0,nappa
PT-0779,71.0,139.4,610.0,Saiyan,69.67,800.0,700.0,yamcha
PT-0780,44.0,98.2,435.0,Namekian ,60.61,500.0,500.0,krillin
PT-0781,69.0,153.8,323.0,Saiyan,66.65,500.0,500.0,cooler
PT-0782,68.0,174.4,403.0,Human,84.48,600.0,500.0,android 18
PT-0783,106.0,259.7,179.0,Saiyan   ,89.32,800.0,700.0,raditz
PT-0784,88.0,232.2,817.0,Saiyan,92.82,700.0,600.0,yamcha
PT-0785,70.0,138.5,235.0,Saiyan,79.09,600.0,600.0,captain ginyu
PT-0786,75.0,221.4,432.0,   Saiyan  ,77.66,600.0,500.0,zarbon
PT-0787,71.0,153.8,727.0,Human,69.04,600.0,500.0,gohan (kid)
PT-0788,66.0,175.0,815.0,Saiyan,78.81,600.0,600.0,piccolo
PT-0789,48.0,73.3,170.0,  Saiyan   ,67.45,600.0,500.0,turles
PT-0790,67.0,167.2,466.0,Saiyan,84.02,700.0,700.0,hit
PT-0791,55.0,56.9,649.0,Saiyan,66.28,600.0,500.0,nappa
PT-0792,45.0,127.6,,,72.93,500.0,400.0,cell
PT-0793,80.0,197.7,1104.0,Saiyan,95.13,600.0,500.0,
PT-0794,78.0,281.9,301.0,Saiyan,83.38,700.0,600.0,krillin
PT-0795,34.0,64.3,144.0,Human,69.88,500.0,400.0,whis
PT-0796,300.0,157.7,801.0,Frieza,81.78,600.0,600.0,captain ginyu
PT-0797,90.0,188.2,357.0,   Human ,100.0,800.0,700.0,frieza
PT-0798,91.0,214.6,172.0, Saiyan,89.37,800.0,600.0,frieza
PT-0799,91.0,238.2,448.0,Frieza,92.0,700.0,600.0,raditz
PT-0800,71.0,155.9,1031.0,Frieza,78.11,700.0,600.0,hercule
PT-0801,53.0,128.6,231.0,Human,65.0,600.0,500.0,lord slug
PT-0802,48.0,56.8,2001.0,Saiyan,59.53,,400.0,tien
PT-0803,77.0,147.7,298.0,Majin,90.94,700.0,600.0,frieza
PT-0804,78.0,271.3,519.0,Frieza,73.13,800.0,500.0,goku
PT-0805,96.0,218.2,237.0,Majin,94.37,800.0,700.0, broly
PT-0806,92.0,117.8,505.0,   Human,90.13,800.0,700.0,android 18
PT-0807,67.0,237.1,,Human  ,84.14,600.0,600.0,piccolo
PT-0808,45.0,79.4,202.0,Frieza,63.88,500.0,500.0,nappa
PT-0809,64.0,176.4,2685.0,Saiyan,69.27,600.0,500.0,yamcha
PT-0810,74.0,232.3,366.0,Saiyan,82.63,700.0,700.0,gohan (adult) and videl 
PT-0811,66.0,210.8,366.0,Namekian,74.06,600.0,600.0,hercule  
PT-0812,58.0,154.6,881.0,Saiyan,63.35,,600.0,
PT-0813,0.0,161.5,1463.0,Saiyan,95.51,700.0,600.0,tien
PT-0814,60.0,229.0,969.0,  Saiyan,67.67,600.0,500.0,gohan (future)
PT-0815,57.0,78.3,240.0,Saiyan,64.85,500.0,500.0,gohan (future)
PT-0816,76.0,286.2,560.0,Saiyan,78.46,700.0,600.0,android 16
PT-0817,62.0,206.2,159.0, Human,84.82,600.0,600.0,broly
PT-0818,75.0,256.8,846.0,Saiyan,62.67,700.0,600.0,zarbon
PT-0819,75.0,146.1,185.0,Human,89.36,700.0,600.0,gohan (kid)
PT-0820,47.0,93.8,304.0,Saiyan,61.51,500.0,500.0,yamcha
PT-0821,60.0,169.4,492.0,Frieza,76.12,600.0,500.0,krillin
PT-0822,99.0,245.1,644.0,Human,84.19,900.0,600.0,krillin
PT-0823,47.0,130.1,421.0,Frieza,84.74,500.0,500.0,cell
PT-0824,28.0,91.6,1226.0,Saiyan,62.2,500.0,400.0,nappa
PT-0825,33.0,78.5,760.0, Saiyan,57.54,400.0,400.0,krillin
PT-0826,71.0,159.7,725.0,Majin,75.99,600.0,600.0,tien
PT-0827,71.0,162.3,236.0,Namekian,79.12,600.0,600.0,android 16
PT-0828,68.0,127.5,1366.0,Saiyan,78.62,700.0,600.0,
PT-0829,94.0,170.3,304.0,Human,91.11,800.0,600.0,vegeta
PT-0830,17.0,12.2,1398.0, Human   ,56.79,400.0,300.0,hercule
PT-0831,78.0,269.4,1658.0,Saiyan,70.18,700.0,600.0,gohan (future) 
PT-0832,101.0,317.1,670.0,Human,87.68,800.0,700.0,cell
PT-0833,47.0,133.6,915.0,Saiyan,73.65,500.0,500.0,  lord slug   
PT-0834,62.0,133.6,77.0,Saiyan,69.44,600.0,500.0,android 18
PT-0835,55.0,151.5,438.0,Namekian,77.38,600.0,600.0,bardock  
PT-0836,52.0,183.3,955.0,Human,71.05,500.0,500.0,gohan (kid)
PT-0837,63.0,200.2,858.0,   Majin ,73.46,600.0,600.0,hercule
PT-0838,99.0,247.3,237.0,Majin,99.15,800.0,700.0,zarbon
PT-0839,107.0,364.0,413.0,Frieza,78.89,800.0,700.0,yamcha
PT-0840,63.0,158.2,108.0,Saiyan,69.8,600.0,600.0,lord slug
PT-0841,108.0,291.0,631.0,   Saiyan  ,100.0,900.0,700.0,  gotenks  
PT-0842,71.0,208.4,159.0,Saiyan,93.04,700.0,600.0,  turles
PT-0843,105.0,246.4,971.0,Human,100.0,800.0,600.0,whis
PT-0844,68.0,186.9,,Human,77.6,600.0,500.0,  majin buu
PT-0845,73.0,154.5,371.0,Majin,82.86,600.0,500.0,captain ginyu
PT-0846,,191.4,674.0,Saiyan,87.34,800.0,600.0,pan
PT-0847,134.0,329.5,433.0,Saiyan,100.0,1000.0,800.0,piccolo
PT-0848,87.0,261.7,570.0,Namekian,87.3,800.0,700.0,tien
PT-0849,56.0,120.7,248.0,Namekian,79.81,500.0,500.0,zarbon
PT-0850,89.0,170.9,716.0,Saiyan,89.28,700.0,600.0,cooler
PT-0851,63.0,185.2,184.0,  Human   ,79.38,600.0,600.0,android 16
PT-0852,60.0,154.9,164.0,Human,66.65,600.0,600.0,gohan (adult) and videl
PT-0853,88.0,311.8,458.0,Majin,82.57,700.0,600.0,krillin
PT-0854,71.0,135.5,434.0,Saiyan,74.22,600.0,600.0,gohan (adult) and videl
PT-0855,,181.8,580.0,Human  ,70.89,700.0,600.0,cooler
PT-0856,,203.2,334.0,,64.79,600.0,600.0,goku
PT-0857,-5.0,237.6,1528.0,Saiyan,77.41,700.0,600.0,nappa 
PT-0858,78.0,122.1,543.0,,79.09,700.0,500.0,android 18
PT-0859,31.0,76.5,567.0,Saiyan,63.24,500.0,400.0,majin buu
PT-0860,83.0,203.0,,  Saiyan,87.65,800.0,700.0,captain ginyu  
PT-0861,50.0,111.8,899.0,Saiyan,71.5,600.0,600.0,  yamcha
PT-0862,41.0,94.0,696.0,Saiyan,64.34,500.0,500.0,
PT-0863,69.0,119.6,642.0,Majin,70.28,700.0,600.0,tien
PT-0864,72.0,174.0,766.0,,85.82,,500.0,dodoria
PT-0865,56.0,118.9,165.0,Majin,71.59,700.0,500.0,
PT-0866,87.0,179.3,169.0,Namekian,81.33,800.0,600.0,frieza
PT-0867,43.0,121.3,471.0,Saiyan,65.71,500.0,400.0,lord slug
PT-0868,,183.5,438.0,Majin,68.94,700.0,600.0,krillin
PT-0869,58.0,92.6,698.0,Saiyan,68.95,600.0,600.0,yamcha
PT-0870,69.0,119.3,499.0,Saiyan,73.1,600.0,700.0,
PT-0871,76.0,118.7,699.0,Saiyan,78.1,600.0,600.0,hercule
PT-0872,50.0,116.9,233.0,Saiyan,75.25,500.0,400.0,cell
PT-0873,,221.0,490.0,Saiyan,86.86,700.0,600.0,majin buu
PT-0874,71.0,147.5,220.0,Saiyan,90.77,700.0,600.0,goku
PT-0875,32.0,102.6,-10.0,Namekian,72.49,600.0,400.0,jaco
PT-0876,31.0,68.7,160.0,Human,78.05,500.0,400.0,android 18
PT-0877,70.0,127.8,607.0,Frieza,82.47,600.0,500.0,nappa
PT-0878,66.0,207.8,204.0,Human,80.74,700.0,600.0,krillin
PT-0879,68.0,158.5,391.0,Human,73.3,,600.0,android 18
PT-0880,69.0,150.8,843.0,Saiyan,84.21,600.0,600.0,zarbon
PT-0881,75.0,268.0,565.0,Human,74.75,700.0,600.0,yamcha 
PT-0882,89.0,295.7,184.0,Saiyan,73.84,800.0,700.0,piccolo
PT-0883,48.0,145.9,329.0,Frieza,81.41,500.0,500.0,pan
PT-0884,47.0,70.1,200.0,Frieza,58.81,500.0,500.0,tien
PT-0885,48.0,129.7,178.0,Saiyan,72.71,500.0,600.0,hercule
PT-0886,76.0,248.2,529.0,Human,73.36,700.0,500.0,beerus
PT-0887,,326.1,690.0,Human,97.01,800.0,700.0,cell 
PT-0888,61.0,105.1,642.0,Human,84.5,500.0,600.0,
PT-0889,20.0,37.7,707.0,Saiyan,62.23,400.0,400.0,gotenks
PT-0890,36.0,75.9,489.0,Human,74.37,500.0,400.0,  android 16   
PT-0891,53.0,95.3,418.0,Majin,71.26,500.0,500.0,gohan (kid)   
PT-0892,59.0,161.2,259.0,Saiyan,91.47,500.0,500.0,android 18
PT-0893,62.0,125.0,378.0,Human,80.77,600.0,600.0,yamcha
PT-0894,71.0,140.4,223.0,Saiyan,71.2,600.0,600.0,cell
PT-0895,64.0,142.8,297.0,Frieza,76.16,700.0,600.0,beerus
PT-0896,91.0,243.0,520.0,Saiyan,85.18,700.0,700.0,captain ginyu
PT-0897,56.0,105.8,459.0,Saiyan,70.4,500.0,500.0,jaco
PT-0898,999.0,142.9,3099.0,Saiyan,57.94,600.0,600.0,
PT-0899,80.0,113.2,220.0,Namekian,85.09,600.0,600.0,turles
PT-0900,39.0,94.5,457.0,Majin,54.51,500.0,500.0,hercule
PT-0901,78.0,133.6,210.0,Saiyan,61.0,600.0,600.0,tien
PT-0902,999.0,162.5,,Saiyan,76.05,600.0,500.0,whis
PT-0903,,123.3,400.0,Majin,70.75,700.0,700.0,whis
PT-0904,102.0,171.7,818.0, Saiyan,83.91,900.0,700.0,nappa
PT-0905,58.0,124.3,376.0,Saiyan,48.38,700.0,500.0,hercule
PT-0906,111.0,161.6,439.0,Frieza,87.59,800.0,700.0,raditz
PT-0907,65.0,121.6,381.0,Saiyan,74.61,600.0,600.0,krillin
PT-0908,44.0,109.6,213.0,Human,62.53,500.0,400.0,piccolo
PT-0909,71.0,204.3,,Saiyan,81.5,700.0,600.0,dodoria
PT-0910,48.0,72.6,392.0,Majin,80.34,400.0,500.0,tien
PT-0911,55.0,151.8,515.0,Majin,76.13,600.0,500.0,yamcha   
PT-0912,78.0,206.1,689.0,  Saiyan   ,89.41,700.0,600.0,jaco
PT-0913,81.0,186.1,428.0,  Human,91.27,600.0,700.0,dodoria
PT-0914,58.0,118.3,424.0,Frieza,65.05,500.0,500.0,gohan (adult) and videl
PT-0915,90.0,159.1,175.0,Majin,89.51,700.0,700.0,piccolo
PT-0916,93.0,179.5,681.0, Saiyan,95.16,800.0,700.0,tien
PT-0917,99.0,236.0,325.0,  Saiyan,86.11,800.0,700.0,hercule
PT-0918,81.0,291.4,771.0,Namekian,76.07,700.0,600.0,nappa
PT-0919,97.0,334.3,1086.0,Saiyan,93.04,800.0,800.0,dodoria
PT-0920,32.0,70.8,440.0,Saiyan,50.95,500.0,500.0,bojack
PT-0921,,104.2,267.0,Saiyan,66.9,600.0,600.0,gohan (kid)
PT-0922,,107.1,488.0,  Namekian,65.87,600.0,600.0,dodoria
PT-0923,72.0,173.0,607.0,Saiyan,82.4,700.0,600.0,android 18 
PT-0924,59.0,144.9,408.0,Saiyan,75.35,600.0,400.0,  tien 
PT-0925,67.0,102.1,,Human,85.06,600.0,500.0,lord slug
PT-0926,108.0,163.2,691.0,Saiyan,85.83,800.0,800.0,zarbon
PT-0927,67.0,154.9,664.0,Saiyan,69.0,700.0,600.0,piccolo
PT-0928,78.0,170.2,400.0,Human,85.39,700.0,600.0,zarbon
PT-0929,65.0,105.8,183.0,Saiyan,69.61,700.0,400.0,dodoria
PT-0930,72.0,235.8,648.0,Frieza,73.97,600.0,600.0,android 18
PT-0931,70.0,188.6,311.0,Saiyan,63.15,600.0,500.0,pan
PT-0932,79.0,260.3,560.0,Namekian,83.93,700.0,600.0,
PT-0933,93.0,184.2,540.0,Human,99.53,700.0,700.0,
PT-0934,103.0,246.0,159.0,Saiyan ,82.97,800.0,700.0,gohan (future)
PT-0935,76.0,165.2,517.0,Saiyan,88.57,700.0,600.0,hercule
PT-0936,82.0,205.4,671.0,Human,82.32,600.0,600.0,krillin
PT-0937,47.0,80.5,722.0,Saiyan,54.68,600.0,500.0,yamcha
PT-0938,68.0,131.2,529.0,Saiyan,70.04,600.0,600.0,piccolo
PT-0939,89.0,233.7,150.0,Frieza,77.95,800.0,700.0,tien
PT-0940,87.0,178.6,10303.0,Human,82.27,700.0,600.0,dodoria
PT-0941,74.0,114.9,631.0,  Frieza,82.96,700.0,500.0,nappa
PT-0942,88.0,311.9,239.0,Saiyan,99.99,700.0,600.0,gohan (future)
PT-0943,80.0,125.3,307.0,Saiyan,70.55,700.0,500.0,dodoria
PT-0944,94.0,264.6,566.0,Human,83.72,800.0,,piccolo
PT-0945,76.0,194.3,741.0,Saiyan,73.23,700.0,600.0,gohan (future)
PT-0946,63.0,124.0,368.0,Saiyan,65.06,700.0,500.0,captain ginyu
PT-0947,77.0,167.0,809.0,Saiyan,81.56,700.0,600.0,tien
PT-0948,11.0,29.8,168.0,Saiyan,54.41,300.0,400.0,tien
PT-0949,78.0,216.4,264.0,  Majin,66.69,600.0,700.0,android 16
PT-0950,1.0,5.0,143.0,Saiyan,50.55,400.0,300.0,dodoria
PT-0951,36.0,67.9,288.0,Frieza,54.76,500.0,400.0,android 18
PT-0952,79.0,170.1,1218.0,Saiyan,81.69,800.0,600.0,turles
PT-0953,80.0,238.8,1694.0,Saiyan,92.16,700.0,600.0,cell
PT-0954,47.0,141.9,567.0,Saiyan,72.5,500.0,500.0,
PT-0955,56.0,202.0,336.0,Human,73.82,600.0,500.0,lord slug   
PT-0956,97.0,266.3,431.0,,84.57,900.0,600.0,
PT-0957,60.0,166.2,655.0,Namekian,74.53,500.0,500.0,yamcha
PT-0958,115.0,285.3,193.0,Saiyan,100.0,900.0,800.0,dodoria
PT-0959,70.0,229.8,349.0,Saiyan,81.71,600.0,700.0,
PT-0960,78.0,181.2,1166.0,Namekian,80.41,700.0,700.0,frieza
PT-0961,102.0,224.9,263.0,Saiyan,92.54,800.0,700.0,vegeta   
PT-0962,73.0,217.9,314.0,,68.67,700.0,600.0,android 18
PT-0963,50.0,113.8,497.0,Saiyan,64.13,600.0,500.0,vegeta
PT-0964,68.0,113.2,584.0,Saiyan,82.86,600.0,500.0,frieza
PT-0965,69.0,137.0,339.0,  Saiyan  ,84.34,,,vegeta
PT-0966,43.0,105.6,516.0,Saiyan,67.95,500.0,400.0,beerus
PT-0967,65.0,206.2,710.0,Namekian,87.83,700.0,,vegeta
PT-0968,55.0,111.4,1599.0,Human,76.06,500.0,600.0,lord slug
PT-0969,88.0,278.0,457.0,Frieza,83.33,800.0,700.0,android 18
PT-0970,71.0,151.3,481.0,Majin,68.64,700.0,600.0,vegeta
PT-0971,64.0,176.9,1232.0,Saiyan,87.11,700.0,600.0,gohan (adult) and videl
PT-0972,68.0,98.5,354.0,  Human ,83.36,700.0,500.0,pan
PT-0973,74.0,231.8,223.0,Saiyan,93.99,700.0,600.0,majin buu 
PT-0974,82.0,222.2,573.0,Namekian,100.0,800.0,600.0,   jaco 
PT-0975,50.0,90.0,940.0,Saiyan,59.7,600.0,500.0, zarbon  
PT-0976,49.0,104.2,612.0,Frieza,59.33,600.0,500.0,whis
PT-0977,92.0,174.2,465.0,  Human   ,63.89,700.0,700.0,broly
PT-0978,62.0,149.9,207.0,Human,82.15,600.0,600.0,majin buu
PT-0979,42.0,107.9,476.0,Human,72.05,500.0,400.0,gotenks
PT-0980,79.0,269.1,,Human  ,82.38,700.0,700.0,lord slug
PT-0981,79.0,225.0,235.0,Human,71.79,700.0,500.0,captain ginyu
PT-0982,39.0,136.1,425.0,Human,64.89,500.0,500.0,frieza
PT-0983,75.0,189.2,391.0,Saiyan,81.48,800.0,600.0,
PT-0984,85.0,259.4,324.0,Human,90.26,700.0,700.0,android 16
PT-0985,77.0,256.6,572.0,Saiyan,82.98,600.0,500.0,nappa
PT-0986,83.0,205.2,643.0,Human,88.51,600.0,600.0,lord slug
PT-0987,42.0,118.6,639.0, Human  ,65.81,500.0,500.0,captain ginyu
PT-0988,77.0,163.7,274.0,   Saiyan,90.25,700.0,600.0,nappa
PT-0989,64.0,194.9,184.0,   Majin,80.65,700.0,600.0,yamcha
PT-0990,60.0,199.8,577.0,Human,64.5,600.0,500.0,raditz
PT-0991,87.0,247.9,364.0,Human,95.91,800.0,700.0,android 18
PT-0992,100.0,162.7,1485.0,Human   ,99.8,800.0,700.0,vegeta
PT-0993,106.0,304.3,1526.0,Human,96.12,800.0,700.0,krillin
PT-0994,96.0,145.5,1627.0,   Majin  ,90.65,900.0,600.0,nappa
PT-0995,68.0,206.3,280.0,Saiyan,90.47,700.0,600.0,   vegeta
PT-0996,77.0,174.5,693.0, Saiyan   ,67.73,700.0,600.0,raditz
PT-0997,85.0,245.2,831.0,Human ,93.93,700.0,600.0,gohan (kid)
PT-0998,72.0,224.4,,Saiyan,74.99,600.0,500.0,cell
PT-0999,73.0,115.7,398.0,Saiyan   ,87.96,600.0,600.0,majin buu
PT-1000,86.0,193.1,1062.0,   Saiyan  ,85.36,700.0,700.0,goku
PT-1001,69.0,181.4,493.0,Saiyan,67.66,700.0,600.0,yamcha
PT-1002,55.0,131.7,532.0,Frieza,68.03,600.0,500.0,gohan (kid)
PT-1003,62.0,93.7,196.0,Saiyan,82.97,500.0,600.0,tien
PT-1004,83.0,141.5,725.0,Saiyan,81.52,800.0,600.0,android 18
PT-1005,70.0,163.7,421.0,Frieza,73.03,700.0,600.0,
PT-1006,77.0,218.3,651.0,Frieza,75.77,700.0,600.0,piccolo
PT-1007,83.0,241.4,567.0,Saiyan,88.34,700.0,600.0,cooler
PT-1008,63.0,107.6,549.0,Namekian,89.21,,600.0,nappa
PT-1009,85.0,193.2,479.0,Saiyan,66.87,700.0,600.0,frieza
PT-1010,78.0,166.4,790.0,Majin,100.0,700.0,,android 18 
PT-1011,,89.3,437.0,Saiyan,69.63,600.0,400.0,gotenks
PT-1012,99.0,291.5,206.0,Saiyan,94.24,800.0,800.0,vegeta
PT-1013,60.0,114.7,693.0,Saiyan,70.51,600.0,400.0,  gohan (kid)   
PT-1014,37.0,65.1,303.0,Majin,64.77,500.0,500.0,frieza
PT-1015,49.0,155.6,223.0,Saiyan,71.14,600.0,400.0,tien
PT-1016,50.0,134.3,267.0,Human,61.61,600.0,400.0,krillin
PT-1017,71.0,196.2,584.0,,71.95,700.0,600.0,   zarbon
PT-1018,65.0,125.0,465.0,Saiyan,85.48,600.0,600.0,piccolo
PT-1019,63.0,146.3,137.0,Namekian,62.78,500.0,500.0,krillin
PT-1020,82.0,150.9,391.0,   Saiyan  ,86.33,700.0,700.0, android 16
PT-1021,77.0,254.0,994.0,Saiyan,77.84,600.0,600.0,gohan (adult) and videl
PT-1022,76.0,252.6,376.0,Saiyan,72.71,700.0,600.0,yamcha
PT-1023,78.0,171.7,446.0,Saiyan,96.98,700.0,600.0,frieza 
PT-1024,82.0,186.7,921.0,Saiyan,75.16,700.0,600.0,hit  
PT-1025,28.0,74.4,794.0,Human,52.16,500.0,300.0,raditz
PT-1026,63.0,179.6,-33.0,Human   ,73.7,700.0,600.0,lord slug
PT-1027,,68.3,93.0,Saiyan,54.25,500.0,400.0,
PT-1028,71.0,203.4,1394.0, Saiyan   ,78.45,600.0,600.0,pan
PT-1029,70.0,226.7,722.0,Majin,79.24,600.0,500.0,  krillin   
PT-1030,91.0,199.5,24646.0,Saiyan,88.28,,600.0,gohan (kid)
PT-1031,94.0,254.0,308.0,Human,86.61,800.0,700.0,bardock
PT-1032,74.0,191.0,171.0,Namekian,73.98,700.0,600.0,android 16
PT-1033,60.0,91.4,495.0,Saiyan,79.15,600.0,600.0,piccolo
PT-1034,80.0,291.0,418.0,Human,81.11,700.0,600.0,hercule
PT-1035,59.0,96.5,729.0,   Frieza,69.64,500.0,600.0,beerus
PT-1036,70.0,211.5,939.0,,89.84,600.0,700.0,dodoria
PT-1037,90.0,287.9,,Frieza,85.03,700.0,700.0,yamcha
PT-1038,59.0,201.0,426.0, Saiyan,82.34,600.0,,raditz
PT-1039,86.0,239.9,,Human,94.21,700.0,700.0,jaco
PT-1040,84.0,161.4,423.0,Saiyan,93.9,800.0,600.0,yamcha
PT-1041,51.0,196.9,402.0,Saiyan,75.93,500.0,500.0,gohan (kid)
PT-1042,89.0,287.0,918.0,Frieza,85.59,800.0,700.0,yamcha
PT-1043,84.0,213.2,1049.0,Saiyan ,83.09,700.0,600.0,tien
PT-1044,72.0,239.9,944.0,Frieza,76.85,700.0,600.0,captain ginyu
PT-1045,55.0,94.4,445.0,Human,54.66,600.0,500.0,vegeta
PT-1046,53.0,137.7,136.0,Frieza,76.95,600.0,500.0,krillin
PT-1047,59.0,212.3,451.0,Frieza,75.56,600.0,600.0,yamcha
PT-1048,81.0,145.0,313.0,Human,89.0,600.0,600.0,krillin
PT-1049,51.0,134.2,456.0,   Frieza   ,69.46,500.0,500.0,krillin   
PT-1050,79.0,276.7,329.0, Majin   ,86.92,700.0,700.0,piccolo
PT-1051,45.0,168.9,487.0,Human,56.98,500.0,400.0,majin buu
PT-1052,66.0,192.3,264.0,Human   ,67.05,700.0,600.0,krillin
PT-1053,72.0,187.6,229.0,   Saiyan  ,58.99,700.0,700.0, gohan (kid)
PT-1054,119.0,407.3,1026.0,Saiyan,96.53,900.0,800.0,frieza   
PT-1055,42.0,69.1,275.0,Saiyan,60.62,500.0,500.0,majin buu
PT-1056,99.0,232.9,493.0,Saiyan,82.37,800.0,700.0,android 16  
PT-1057,73.0,163.2,874.0,Saiyan,81.88,600.0,600.0,hit
PT-1058,78.0,247.6,853.0,Human,77.8,700.0,600.0,gohan (kid)
PT-1059,72.0,222.2,794.0,Human,67.34,700.0,500.0,krillin
PT-1060,79.0,245.1,591.0,Human,100.0,600.0,,krillin
PT-1061,67.0,174.5,761.0,Namekian,76.5,600.0,600.0,tien
PT-1062,99.0,214.9,1123.0,,80.93,800.0,700.0,bardock
PT-1063,61.0,145.8,636.0,   Namekian,69.04,700.0,700.0,frieza
PT-1064,93.0,239.3,164.0, Human   ,85.81,800.0,700.0,gohan (adult) and videl
PT-1065,57.0,83.7,359.0,Saiyan,71.4,600.0,600.0,hit
PT-1066,69.0,173.4,748.0,Frieza,88.02,700.0,600.0,gotenks
PT-1067,49.0,167.8,338.0,Saiyan,68.96,500.0,500.0,vegeta
PT-1068,79.0,246.8,1303.0,Saiyan,96.44,700.0,600.0,broly
PT-1069,250.0,301.4,474.0,Saiyan,86.14,800.0,700.0, zarbon 
PT-1070,68.0,139.4,519.0,Human,80.61,700.0,600.0,yamcha
PT-1071,66.0,170.0,968.0,Human,84.58,500.0,600.0,frieza
PT-1072,48.0,82.3,442.0,Saiyan,78.76,600.0,500.0,whis
PT-1073,999.0,125.4,548.0,Majin,86.49,600.0,600.0,hercule
PT-1074,38.0,79.7,845.0,Saiyan,63.02,500.0,400.0,vegeta
PT-1075,52.0,93.8,204.0,Saiyan,70.76,500.0,500.0,turles
PT-1076,75.0,114.1,415.0,Saiyan,60.16,700.0,700.0,dodoria
PT-1077,96.0,265.1,810.0,Saiyan,86.83,800.0,700.0,cell
PT-1078,126.0,309.2,513.0,Majin,100.0,,,nappa
PT-1079,58.0,111.1,1188.0,Saiyan,80.37,500.0,500.0,piccolo
PT-1080,99.0,174.3,191.0,Saiyan,88.91,800.0,700.0,gohan (kid)
PT-1081,75.0,188.2,179.0,Saiyan,93.59,600.0,600.0,broly
PT-1082,67.0,156.6,782.0,Majin,73.73,600.0,600.0,hit 
PT-1083,79.0,171.6,828.0,Frieza,75.87,600.0,500.0,  raditz
PT-1084,71.0,179.9,439.0,,74.65,700.0,600.0,yamcha
PT-1085,72.0,102.9,627.0,Human   ,69.82,700.0,700.0,tien
PT-1086,62.0,199.7,771.0,Frieza,79.78,600.0,600.0,  majin buu   
PT-1087,,71.2,302.0,Saiyan,69.11,600.0,500.0,
PT-1088,39.0,83.7,322.0,Saiyan,70.48,500.0,400.0,frieza
PT-1089,83.0,181.1,552.0,Human,79.89,700.0,700.0,krillin
PT-1090,64.0,170.4,848.0,Saiyan,75.14,600.0,600.0,tien
PT-1091,58.0,107.4,-410.0,Human,55.77,600.0,500.0,whis
PT-1092,70.0,226.8,438.0,Human,81.01,700.0,500.0,cooler
PT-1093,86.0,199.0,426.0,Saiyan,85.19,800.0,600.0,   raditz   
PT-1094,74.0,223.8,633.0,Human,70.8,600.0,600.0,piccolo
PT-1095,57.0,104.9,490.0,Saiyan,71.96,600.0,600.0,   raditz
PT-1096,95.0,157.7,355.0,  Saiyan   ,85.94,800.0,700.0,tien
PT-1097,102.0,236.1,1042.0,Namekian,100.0,,600.0,krillin
PT-1098,80.0,228.2,357.0,Majin,73.51,700.0,500.0,lord slug
PT-1099,89.0,234.7,,Saiyan,88.25,700.0,700.0,raditz
PT-1100,95.0,328.2,190.0,  Saiyan ,79.27,600.0,600.0,vegeta
PT-1101,93.0,267.0,321.0,Saiyan,82.74,800.0,700.0,frieza
PT-1102,82.0,293.9,672.0,Saiyan,85.01,700.0,500.0,
PT-1103,300.0,168.7,597.0,Saiyan,81.11,,600.0,dodoria
PT-1104,80.0,271.5,706.0,Saiyan,81.95,700.0,600.0,turles
PT-1105,48.0,126.5,686.0,,71.86,500.0,500.0,raditz
PT-1106,84.0,222.7,1724.0,Namekian,79.65,700.0,600.0,hercule
PT-1107,43.0,142.4,315.0,Majin,74.27,500.0,400.0,raditz
PT-1108,54.0,133.4,186.0,Human,69.16,500.0,,piccolo
PT-1109,96.0,324.9,,Majin,87.62,800.0,700.0,tien   
PT-1110,87.0,244.5,323.0,   Majin   ,87.69,700.0,700.0,cell
PT-1111,100.0,191.9,275.0,Namekian,91.82,800.0,700.0,zarbon
PT-1112,65.0,169.0,521.0,Majin,81.15,600.0,600.0,majin buu
PT-1113,47.0,117.9,1045.0,Majin,71.34,500.0,500.0,   yamcha
PT-1114,65.0,234.2,1241.0,Majin,79.75,700.0,600.0,cooler
PT-1115,72.0,191.9,667.0,Human,76.2,600.0,600.0,krillin 
PT-1116,72.0,153.3,1781.0,Saiyan,70.25,600.0,500.0, raditz
PT-1117,93.0,158.0,398.0,Saiyan,75.78,700.0,700.0,cooler
PT-1118,63.0,105.4,185.0,,61.83,600.0,600.0, krillin
PT-1119,77.0,200.0,927.0,Saiyan,94.9,700.0,600.0,vegeta
PT-1120,50.0,94.0,164.0,Saiyan,52.3,500.0,,frieza
PT-1121,79.0,236.9,313.0,Saiyan,91.15,600.0,600.0,lord slug
PT-1122,70.0,197.3,673.0,,71.43,700.0,600.0,  cell   
PT-1123,55.0,182.2,463.0,Frieza,81.49,600.0,500.0,yamcha   
PT-1124,250.0,160.3,439.0,Saiyan,58.38,500.0,500.0,tien
PT-1125,66.0,175.4,243.0,Saiyan  ,74.52,600.0,700.0,vegeta   
PT-1126,65.0,142.2,490.0,  Saiyan,87.63,700.0,500.0, raditz
PT-1127,105.0,356.8,900.0,  Saiyan ,97.71,900.0,,gohan (kid)
PT-1128,68.0,98.7,499.0,  Human   ,74.5,500.0,600.0,nappa
PT-1129,65.0,150.0,299.0,Human,60.46,700.0,500.0,vegeta
PT-1130,28.0,44.9,233.0,Saiyan,50.62,500.0,400.0,captain ginyu
PT-1131,52.0,184.3,,   Human,81.91,500.0,500.0,krillin
PT-1132,65.0,111.7,624.0,Saiyan ,73.21,700.0,600.0,gohan (kid)
PT-1133,56.0,168.7,606.0,Human,71.83,600.0,500.0,raditz
PT-1134,98.0,282.9,305.0,Frieza,91.47,800.0,700.0, raditz  
PT-1135,67.0,210.5,131.0,Frieza,66.38,600.0,600.0,
PT-1136,,176.7,634.0,Saiyan,91.66,800.0,700.0,raditz
PT-1137,71.0,138.9,288.0,,75.04,700.0,600.0,yamcha
PT-1138,71.0,176.8,745.0,Majin,80.75,700.0,500.0,turles
PT-1139,68.0,143.6,,Namekian,72.58,700.0,600.0,vegeta
PT-1140,70.0,170.4,272.0,   Saiyan,65.42,600.0,600.0,piccolo
PT-1141,104.0,228.9,540.0,Human,88.18,1000.0,600.0,majin buu
PT-1142,24.0,63.7,,Saiyan,64.73,500.0,400.0,android 16
PT-1143,30.0,55.2,772.0,Saiyan,65.15,500.0,400.0,jaco
PT-1144,300.0,169.9,535.0,Human,73.85,500.0,600.0,broly
PT-1145,70.0,125.5,,Saiyan,85.19,600.0,600.0,cell
PT-1146,84.0,240.8,172.0,Saiyan,81.97,600.0,700.0,yamcha
PT-1147,79.0,147.5,251.0,  Namekian,82.05,600.0,700.0,   dodoria 
PT-1148,62.0,179.8,109.0, Human,70.96,700.0,500.0,yamcha 
PT-1149,90.0,267.1,1391.0,Frieza,93.65,800.0,700.0,frieza
PT-1150,91.0,164.6,1232.0,Majin,88.73,700.0,800.0,whis
PT-1151,74.0,99.4,624.0, Namekian,75.14,700.0,600.0,krillin
PT-1152,89.0,198.1,534.0, Majin   ,73.69,700.0,700.0,broly
PT-1153,999.0,153.8,194.0,   Saiyan   ,88.84,700.0,600.0,frieza
PT-1154,59.0,129.9,432.0,Saiyan,67.65,600.0,600.0,  yamcha  
PT-1155,84.0,270.6,1444.0,Frieza,84.18,700.0,600.0,turles
PT-1156,72.0,208.0,533.0,Saiyan,97.62,700.0,500.0,frieza
PT-1157,70.0,142.7,351.0,Saiyan,84.41,600.0,600.0,zarbon
PT-1158,99.0,257.4,172.0,Human,100.0,900.0,600.0,captain ginyu
PT-1159,21.0,31.8,1128.0,   Saiyan,54.1,400.0,400.0,yamcha
PT-1160,42.0,135.5,472.0,Saiyan,75.37,500.0,400.0,yamcha
PT-1161,46.0,84.6,172.0,Human,68.61,600.0,500.0,android 16
PT-1162,63.0,186.1,283.0,Saiyan,78.13,600.0,600.0, broly  
PT-1163,65.0,182.3,,Human,92.17,600.0,,cell
PT-1164,40.0,40.1,455.0,Saiyan,63.77,400.0,400.0,gotenks
PT-1165,,104.7,-497.0,Human,70.15,600.0,500.0,gotenks
PT-1166,53.0,112.0,,Saiyan,63.97,700.0,,
PT-1167,119.0,390.1,785.0,Human,100.0,,700.0,majin buu
PT-1168,106.0,291.4,517.0,Saiyan,87.91,800.0,700.0,hercule
PT-1169,62.0,154.6,932.0,Saiyan,82.98,600.0,600.0,nappa
PT-1170,63.0,192.5,398.0,Majin,62.0,,600.0,vegeta
PT-1171,47.0,145.8,,Saiyan,73.19,600.0,500.0,majin buu
PT-1172,32.0,84.2,351.0,Majin,57.65,500.0,400.0,hit
PT-1173,68.0,189.8,287.0,Saiyan,83.04,600.0,600.0, hit
PT-1174,50.0,126.9,266.0,Saiyan,69.89,500.0,600.0,dodoria
PT-1175,68.0,146.4,434.0,Saiyan,72.92,700.0,600.0,   hercule   
PT-1176,38.0,137.4,176.0,Namekian,62.11,400.0,500.0,dodoria
PT-1177,55.0,82.0,588.0,Saiyan,65.2,500.0,500.0,turles
PT-1178,73.0,136.0,157.0,Saiyan,85.9,700.0,500.0, android 16
PT-1179,77.0,245.0,543.0,Human,72.41,700.0,600.0,pan
PT-1180,78.0,175.3,219.0,  Saiyan,79.06,700.0,600.0,zamasu
PT-1181,44.0,87.9,,Majin,70.36,500.0,500.0,nappa
PT-1182,87.0,171.4,708.0,Frieza,97.71,800.0,,bardock
PT-1183,54.0,123.6,1963.0,Human,71.53,500.0,500.0,   cell
PT-1184,83.0,279.8,258.0,,81.26,700.0,600.0,
PT-1185,70.0,132.4,,Saiyan,80.19,700.0,500.0,krillin
PT-1186,42.0,68.4,,Frieza   ,50.21,500.0,500.0,cell
PT-1187,64.0,133.1,292.0,Human,66.01,700.0,500.0,   raditz
PT-1188,,261.0,321.0,  Saiyan,77.8,700.0,600.0,raditz
PT-1189,82.0,171.7,808.0,Frieza,77.1,700.0,700.0,frieza
PT-1190,67.0,211.9,368.0,Frieza,63.99,600.0,600.0,krillin
PT-1191,101.0,325.4,-415.0,Saiyan,97.26,700.0,700.0,zarbon
PT-1192,90.0,164.8,632.0,Saiyan,88.08,700.0,700.0,gohan (adult) and videl
PT-1193,65.0,212.8,,Human,77.12,600.0,600.0,krillin
PT-1194,85.0,246.6,395.0,Namekian,78.45,700.0,600.0,android 18
PT-1195,109.0,250.4,305.0,Human,94.24,800.0,700.0,yamcha
PT-1196,109.0,261.0,,Saiyan,97.72,900.0,700.0,turles
PT-1197,45.0,140.0,184.0,Saiyan,65.88,600.0,500.0,vegeta
PT-1198,51.0,165.1,220.0,Saiyan,73.96,500.0,500.0,gohan (adult) and videl
PT-1199,100.0,295.5,346.0,Saiyan,83.63,800.0,700.0,lord slug
PT-1200,49.0,159.3,742.0,Majin,70.38,600.0,500.0,
PT-1201,44.0,96.5,1033.0,Saiyan,76.74,500.0,500.0,captain ginyu
PT-1202,60.0,178.8,1128.0,,83.86,600.0,500.0,dodoria
PT-1203,78.0,251.8,677.0, Namekian,91.82,700.0,600.0, krillin  
PT-1204,,133.0,469.0,Saiyan,79.48,700.0,600.0,captain ginyu
PT-1205,57.0,87.4,794.0,Saiyan,73.05,600.0,500.0,captain ginyu
PT-1206,999.0,125.3,248.0,Frieza,69.21,500.0,500.0,
PT-1207,56.0,174.7,163.0,Saiyan,57.94,600.0,400.0,  yamcha 
PT-1208,52.0,145.7,,Namekian,60.04,600.0,500.0,frieza
PT-1209,116.0,324.8,270.0,Saiyan,95.06,800.0,700.0,  dodoria
PT-1210,76.0,106.7,474.0,Saiyan,79.53,700.0,600.0,cooler
PT-1211,88.0,244.0,529.0,Human,96.5,700.0,800.0,android 16
PT-1212,60.0,170.2,572.0,Saiyan,84.52,700.0,600.0, nappa
PT-1213,66.0,95.4,865.0,Human,70.91,700.0,600.0,
PT-1214,56.0,197.1,4133.0,Saiyan,78.95,600.0,600.0,vegeta  
PT-1215,17.0,17.2,554.0,Human,52.98,400.0,400.0,majin buu
PT-1216,42.0,153.1,378.0,Saiyan,72.26,600.0,500.0,hercule
PT-1217,34.0,62.6,526.0,Majin,70.05,500.0,500.0,gohan (kid)  
PT-1218,,80.6,,Human,69.94,400.0,400.0,raditz
PT-1219,46.0,148.8,438.0,Human,64.46,,500.0,android 16
PT-1220,,168.7,, Saiyan,96.51,800.0,700.0,hercule   
PT-1221,0.0,127.1,, Human,62.62,600.0,600.0,
PT-1222,96.0,164.9,646.0, Human,98.77,800.0,700.0,zarbon
PT-1223,78.0,202.4,,Saiyan  ,81.0,700.0,600.0,gohan (kid)
PT-1224,86.0,277.4,909.0,Human,84.37,700.0,700.0,
PT-1225,52.0,138.0,,Saiyan,54.5,,600.0,yamcha 
PT-1226,80.0,193.2,781.0,Saiyan,78.89,600.0,600.0,hercule 
PT-1227,85.0,254.7,,Majin,94.84,600.0,700.0,android 16
PT-1228,58.0,161.6,916.0,Saiyan,69.79,600.0,500.0,
PT-1229,81.0,236.1,1057.0,Saiyan,88.11,700.0,700.0,bojack
PT-1230,81.0,201.7,584.0,Human,82.68,,600.0,dodoria
PT-1231,59.0,174.8,460.0,Majin,82.1,700.0,600.0,cell
PT-1232,48.0,149.0,843.0,Saiyan,70.73,500.0,500.0,cell
PT-1233,46.0,99.9,286.0,Saiyan,60.95,600.0,400.0,gotenks
PT-1234,72.0,113.1,320.0,Saiyan,79.25,700.0,700.0,captain ginyu
PT-1235,77.0,128.6,477.0,Human,93.61,,600.0, tien
PT-1236,54.0,145.8,173.0,Human,75.58,400.0,500.0,
PT-1237,71.0,155.7,810.0,Human,77.47,700.0,500.0,krillin
PT-1238,81.0,285.4,277.0,Majin ,100.0,700.0,600.0,goku
PT-1239,82.0,235.8,371.0,Frieza,92.07,700.0,600.0,raditz  
PT-1240,101.0,259.1,434.0,Saiyan,96.93,800.0,700.0,dodoria
PT-1241,96.0,276.7,,Saiyan,90.94,700.0,600.0,jaco
PT-1242,,127.7,401.0,Saiyan,75.84,500.0,500.0,android 16
PT-1243,104.0,324.4,473.0,,97.7,900.0,600.0,cooler
PT-1244,59.0,87.6,475.0,   Saiyan,56.14,,500.0,nappa
PT-1245,91.0,244.1,377.0,Namekian,89.56,700.0,700.0,gohan (kid)
PT-1246,71.0,231.9,310.0,Saiyan,77.11,600.0,500.0,krillin
PT-1247,62.0,213.9,943.0,,70.8,600.0,500.0,cooler
PT-1248,34.0,129.8,139.0,Human,62.04,400.0,500.0,  zarbon   
PT-1249,67.0,160.4,436.0,Frieza,64.35,700.0,500.0,raditz   
PT-1250,39.0,121.2,372.0,Saiyan,51.16,500.0,500.0,vegeta
PT-1251,250.0,240.8,634.0,Majin ,95.57,700.0,700.0,jaco
PT-1252,100.0,274.8,206.0,Namekian,93.7,900.0,600.0,turles
PT-1253,,84.5,365.0,Saiyan,52.3,600.0,500.0,zarbon
PT-1254,76.0,149.7,463.0,Human,75.79,700.0,600.0,bardock
PT-1255,55.0,136.5,936.0,Saiyan,79.04,600.0,500.0,dodoria
PT-1256,57.0,96.0,601.0,Saiyan  ,70.56,500.0,500.0,
PT-1257,999.0,256.6,242.0,Saiyan,93.96,800.0,700.0,vegeta
PT-1258,69.0,228.5,368.0,Saiyan,86.0,700.0,500.0,broly
PT-1259,105.0,341.5,839.0,Majin   ,81.15,900.0,700.0,raditz
PT-1260,60.0,112.9,240.0,Namekian,72.85,400.0,500.0,raditz
PT-1261,90.0,290.6,470.0,Saiyan,82.42,700.0,700.0,goku
PT-1262,72.0,109.1,490.0,Human,67.69,600.0,600.0,lord slug 
PT-1263,86.0,202.6,391.0,Saiyan,72.77,800.0,500.0,majin buu
PT-1264,61.0,177.9,2484.0,,67.95,,500.0,lord slug
PT-1265,69.0,128.4,385.0,Human,72.47,700.0,600.0,cell
PT-1266,68.0,89.9,645.0,Saiyan,79.47,600.0,600.0,tien
PT-1267,53.0,71.7,311.0,,79.55,600.0,500.0,majin buu
PT-1268,83.0,228.2,,Saiyan,87.31,700.0,600.0,raditz
PT-1269,83.0,250.7,831.0,Majin,89.2,800.0,700.0,yamcha
PT-1270,82.0,141.1,346.0,Saiyan,80.67,700.0,600.0,bardock
PT-1271,101.0,161.5,477.0,,95.22,800.0,700.0,  krillin   
PT-1272,99.0,273.6,288.0,Majin,88.41,800.0,700.0,krillin
PT-1273,63.0,136.7,,Human,71.67,700.0,500.0,gohan (kid)
PT-1274,77.0,239.0,918.0,Saiyan ,95.98,700.0,700.0,gotenks
PT-1275,58.0,205.2,353.0,Namekian,54.56,700.0,500.0,bardock
PT-1276,-5.0,213.3,116.0,Saiyan,63.01,700.0,600.0,
PT-1277,58.0,180.9,1421.0,   Saiyan  ,76.26,600.0,600.0,vegeta
PT-1278,102.0,246.8,305.0,Saiyan,88.68,800.0,800.0,lord slug
PT-1279,-1.0,263.0,425.0,Human,69.3,800.0,600.0, android 18 
PT-1280,66.0,134.6,,Human,67.96,700.0,700.0,raditz
PT-1281,94.0,143.4,-318.0,Namekian,80.2,800.0,700.0,nappa
PT-1282,27.0,76.5,-338.0,Human,67.94,300.0,400.0,cooler
PT-1283,30.0,43.6,236.0,Saiyan,71.7,500.0,400.0,krillin
PT-1284,86.0,265.6,1914.0,Saiyan,97.52,700.0,600.0,majin buu
PT-1285,71.0,207.4,,Saiyan,65.69,700.0,600.0,gohan (kid)
PT-1286,75.0,249.1,613.0,Majin,69.06,700.0,600.0,gotenks
PT-1287,43.0,77.2,592.0,Saiyan,55.71,400.0,500.0,cell
PT-1288,70.0,150.9,369.0,Human,88.31,700.0,600.0,
PT-1289,0.0,304.7,499.0,Human ,97.34,1000.0,800.0, majin buu 
PT-1290,86.0,165.2,164.0,,85.04,700.0,600.0,tien
PT-1291,,187.3,649.0,Saiyan,81.04,700.0,600.0,raditz
PT-1292,61.0,158.8,543.0,Saiyan,73.95,700.0,400.0,captain ginyu
PT-1293,62.0,224.1,,,65.83,700.0,500.0,hercule
PT-1294,27.0,79.7,495.0,Human,64.91,400.0,400.0,turles
PT-1295,75.0,138.9,280.0,Human,78.51,700.0,600.0,vegeta
PT-1296,87.0,210.5,478.0,Majin,75.2,800.0,600.0,hercule
PT-1297,38.0,89.9,,Frieza,69.79,600.0,400.0,raditz
PT-1298,57.0,103.9,640.0,Saiyan,69.39,600.0,600.0,   tien
PT-1299,47.0,92.2,,Frieza,70.62,400.0,500.0,raditz
PT-1300,51.0,113.6,231.0,Saiyan,69.4,500.0,600.0,beerus
PT-1301,71.0,109.3,185.0,Frieza,85.53,700.0,600.0,frieza
PT-1302,28.0,84.4,577.0,Saiyan,62.96,400.0,400.0,  dodoria
PT-1303,-5.0,145.1,1130.0,Saiyan,75.73,500.0,600.0,majin buu
PT-1304,85.0,243.8,517.0,Saiyan,86.58,700.0,700.0,
PT-1305,65.0,102.7,803.0,   Majin  ,78.84,600.0,600.0,yamcha
PT-1306,,48.8,905.0,Frieza ,62.09,400.0,500.0,tien
PT-1307,50.0,100.2,578.0,Saiyan,78.29,500.0,500.0, yamcha
PT-1308,95.0,330.4,302.0,Saiyan,83.07,800.0,800.0,
PT-1309,14.0,46.7,554.0,Saiyan,60.94,400.0,400.0,
PT-1310,,160.9,1017.0,Saiyan,61.4,600.0,600.0,hercule  
PT-1311,46.0,126.0,677.0,Majin,67.44,600.0,400.0,gotenks
PT-1312,86.0,163.4,772.0,Saiyan,82.2,700.0,700.0,pan
PT-1313,56.0,153.3,373.0, Frieza,83.98,500.0,500.0,piccolo
PT-1314,78.0,234.2,436.0,   Frieza ,79.95,600.0,600.0,captain ginyu
PT-1315,81.0,276.1,459.0,Saiyan,87.26,700.0,500.0,krillin
PT-1316,107.0,190.3,478.0,Human,78.71,900.0,700.0,raditz
PT-1317,66.0,102.5,993.0,Frieza,73.59,600.0,600.0,android 18
PT-1318,78.0,236.3,121.0,Namekian,74.43,700.0,600.0,zarbon
PT-1319,40.0,86.9,502.0,Majin,85.8,500.0,400.0,   cell   
PT-1320,94.0,185.2,470.0,Saiyan,82.27,900.0,600.0,gotenks
PT-1321,55.0,179.7,216.0,Saiyan,72.59,600.0,500.0,tien
PT-1322,59.0,142.2,737.0,Majin  ,74.61,600.0,600.0,pan
PT-1323,70.0,181.9,319.0,Saiyan,65.28,700.0,500.0,krillin
PT-1324,39.0,79.4,398.0,Human,61.39,500.0,600.0,bardock
PT-1325,75.0,163.9,1494.0,Majin,83.24,700.0,600.0,android 18
PT-1326,89.0,164.1,903.0,Saiyan,86.29,,600.0,krillin
PT-1327,76.0,230.5,696.0,,62.0,700.0,500.0,vegeta
PT-1328,38.0,64.3,619.0,Saiyan,60.66,500.0,500.0,raditz
PT-1329,68.0,233.0,446.0,Namekian,85.37,600.0,600.0,gohan (adult) and videl   
PT-1330,85.0,252.4,1635.0,Saiyan,88.71,700.0,700.0,raditz 
PT-1331,32.0,116.7,797.0,Saiyan,72.54,400.0,400.0,gotenks
PT-1332,49.0,59.8,314.0,Frieza,61.71,500.0,500.0,gohan (kid)
PT-1333,88.0,181.2,213.0,Human,95.45,700.0,700.0,hit
PT-1334,75.0,200.5,692.0,Human,79.64,700.0,600.0,gohan (kid) 
PT-1335,78.0,226.9,,Namekian,93.94,800.0,600.0, cell
PT-1336,107.0,350.9,,Saiyan,92.83,900.0,700.0,  gohan (adult) and videl 
PT-1337,79.0,186.2,637.0,Frieza,65.22,700.0,600.0,piccolo
PT-1338,83.0,276.1,419.0,Namekian,89.99,700.0,600.0,tien
PT-1339,124.0,218.4,677.0,  Saiyan,96.05,900.0,800.0,frieza
PT-1340,66.0,157.2,642.0, Saiyan ,73.39,600.0,,  android 16
PT-1341,54.0,114.6,342.0,Saiyan,59.98,500.0,,  gohan (adult) and videl
PT-1342,79.0,242.9,720.0,Human,94.58,700.0,500.0,gohan (kid)
PT-1343,,150.8,365.0,Human,77.43,800.0,700.0,broly
PT-1344,59.0,128.9,380.0,,86.2,600.0,500.0,whis
PT-1345,49.0,127.6,358.0,Frieza,66.15,500.0,500.0,hercule
PT-1346,116.0,305.0,971.0,Human,88.98,900.0,700.0,krillin
PT-1347,77.0,102.4,416.0,Majin,91.36,700.0,600.0,tien
PT-1348,55.0,73.9,1123.0,Human,71.41,600.0,400.0,zamasu
PT-1349,88.0,254.3,1437.0,Human,84.69,700.0,600.0,lord slug
PT-1350,68.0,139.7,316.0,Saiyan,66.95,700.0,600.0,android 18
PT-1351,65.0,109.8,85.0,Human,72.34,600.0,600.0,beerus
PT-1352,250.0,238.2,922.0,Human,85.83,700.0,600.0, krillin
PT-1353,44.0,71.9,401.0,Saiyan,57.21,500.0,500.0, majin buu
PT-1354,,200.0,293.0,Majin,76.49,600.0,700.0,android 16
PT-1355,108.0,262.7,346.0,Human,89.84,800.0,700.0,turles
PT-1356,79.0,148.6,384.0, Saiyan,82.13,700.0,500.0,hercule
PT-1357,62.0,86.7,1073.0,Namekian,86.64,700.0,600.0,
PT-1358,60.0,126.6,6227.0,Saiyan ,71.6,500.0,600.0,tien
PT-1359,62.0,90.8,1064.0, Human   ,69.28,500.0,500.0,whis
PT-1360,65.0,160.7,663.0,Human,97.97,600.0,600.0,majin buu
PT-1361,62.0,195.7,,Saiyan,71.33,700.0,500.0,nappa
PT-1362,88.0,294.1,390.0,Saiyan,83.67,800.0,700.0,hit
PT-1363,35.0,105.2,690.0,Saiyan,61.14,500.0,500.0,gohan (kid)
PT-1364,87.0,217.9,806.0,Saiyan,82.59,700.0,600.0,vegeta 
PT-1365,62.0,160.5,896.0,Human,75.42,600.0,500.0,gohan (future)
PT-1366,78.0,252.1,-158.0,,88.57,600.0,600.0,android 16
PT-1367,47.0,79.9,547.0,Frieza,72.03,500.0,600.0,  broly   
PT-1368,97.0,207.1,700.0,Saiyan,97.42,700.0,700.0,   broly 
PT-1369,,196.5,391.0,Saiyan,96.35,800.0,800.0,frieza
PT-1370,89.0,137.1,,Frieza,87.27,800.0,700.0,raditz
PT-1371,40.0,85.9,304.0,Human,69.01,500.0,400.0,turles
PT-1372,87.0,284.3,426.0,Human,93.67,700.0,600.0,captain ginyu
PT-1373,78.0,261.7,733.0,  Human,72.31,700.0,600.0,frieza
PT-1374,0.0,56.3,1049.0,,85.19,600.0,300.0,frieza
PT-1375,70.0,160.8,218.0,,73.9,700.0,600.0,krillin
PT-1376,77.0,172.4,344.0,  Saiyan,77.99,700.0,600.0,krillin
PT-1377,81.0,200.1,398.0,Frieza,72.7,700.0,600.0,android 18
PT-1378,74.0,186.5,794.0,Saiyan,70.14,600.0,700.0,hercule
PT-1379,76.0,121.9,359.0,Majin,88.19,700.0,600.0,dodoria
PT-1380,99.0,288.0,381.0,Human,100.0,700.0,,  piccolo  
PT-1381,95.0,316.5,211.0,Human,83.46,900.0,600.0,vegeta
PT-1382,13.0,32.3,659.0,Majin,57.98,400.0,400.0,majin buu
PT-1383,64.0,167.7,447.0,,77.36,700.0,600.0,tien
PT-1384,67.0,195.7,333.0,Saiyan,84.8,600.0,600.0,   frieza 
PT-1385,35.0,76.2,422.0,Human ,81.75,400.0,500.0,cell
PT-1386,72.0,132.1,,Majin,90.97,700.0,600.0,zarbon
PT-1387,95.0,246.2,270.0,Saiyan,86.09,700.0,700.0,cooler
PT-1388,48.0,76.1,297.0,Namekian,73.43,600.0,,broly
PT-1389,77.0,224.2,1045.0,Human,85.82,700.0,600.0,piccolo
PT-1390,52.0,119.2,516.0,Saiyan,70.64,600.0,600.0,yamcha
PT-1391,57.0,118.7,,  Namekian  ,64.03,500.0,500.0,   tien 
PT-1392,100.0,211.3,,Frieza,83.61,800.0,600.0,lord slug
PT-1393,59.0,164.5,482.0,Saiyan,82.79,500.0,600.0,
PT-1394,79.0,129.2,400.0,Majin,91.61,700.0,700.0,cell
PT-1395,33.0,81.4,812.0,  Saiyan  ,61.54,500.0,400.0,bardock
PT-1396,107.0,208.4,990.0,Saiyan,94.89,800.0,800.0,cell  
PT-1397,82.0,250.8,944.0,Saiyan,92.38,700.0,500.0,gohan (kid)
PT-1398,66.0,250.7,242.0,Namekian,62.77,700.0,500.0,raditz
PT-1399,82.0,171.7,1078.0,Saiyan,79.23,600.0,600.0,android 16
PT-1400,42.0,132.3,398.0,Saiyan,82.94,400.0,400.0,android 16
PT-1401,94.0,177.8,313.0,Majin,89.99,800.0,,captain ginyu
PT-1402,64.0,196.1,445.0,Saiyan,66.57,600.0,600.0,  captain ginyu
PT-1403,66.0,105.3,811.0,Saiyan   ,77.34,700.0,500.0,zarbon
PT-1404,60.0,186.9,681.0,Saiyan,82.17,600.0,500.0,nappa
PT-1405,58.0,157.5,423.0,Majin,52.83,600.0,500.0,android 18
PT-1406,84.0,245.7,815.0,   Human   ,85.01,700.0,600.0,majin buu
PT-1407,,145.8,536.0,  Majin ,77.02,700.0,600.0,gohan (adult) and videl
PT-1408,83.0,282.1,349.0,Saiyan,70.06,800.0,600.0,gohan (kid)
PT-1409,70.0,266.3,322.0,Human,78.66,700.0,500.0,turles
PT-1410,80.0,178.1,630.0,Majin,80.91,700.0,,gohan (kid)
PT-1411,62.0,164.6,469.0,Saiyan,74.61,600.0,600.0,gohan (kid)
PT-1412,115.0,338.8,216.0,Saiyan ,93.21,700.0,800.0,gohan (adult) and videl
PT-1413,39.0,58.9,-496.0,Saiyan,57.43,500.0,500.0,gohan (future)
PT-1414,95.0,316.8,369.0,   Saiyan  ,76.36,800.0,600.0,pan  
PT-1415,,196.9,1281.0,Saiyan,83.27,800.0,700.0,
PT-1416,53.0,162.5,212.0,Frieza,78.07,600.0,600.0,
PT-1417,,206.6,442.0,Human,97.86,900.0,600.0,majin buu
PT-1418,90.0,159.0,324.0,Human,85.45,800.0,600.0,gohan (adult) and videl
PT-1419,89.0,247.8,,Saiyan,77.28,800.0,700.0,captain ginyu
PT-1420,71.0,175.8,368.0,Human,75.41,700.0,500.0,krillin
PT-1421,66.0,219.2,1426.0,Human,82.3,600.0,600.0,captain ginyu
PT-1422,66.0,239.8,537.0,Frieza,80.44,500.0,600.0,krillin
PT-1423,78.0,154.3,306.0,Saiyan,77.38,700.0,500.0,gohan (kid)
PT-1424,98.0,198.6,164.0,,68.31,800.0,700.0,android 16
PT-1425,74.0,132.1,175.0,Saiyan,74.2,700.0,600.0,yamcha
PT-1426,52.0,128.7,357.0,Human   ,66.94,500.0,500.0,cell
PT-1427,86.0,217.0,337.0,  Frieza   ,77.14,800.0,700.0,android 18
PT-1428,88.0,267.2,431.0,Human,81.89,700.0,700.0,zarbon
PT-1429,83.0,254.6,, Majin,89.73,700.0,600.0,vegeta
PT-1430,85.0,125.3,466.0,,83.7,700.0,700.0,whis
PT-1431,65.0,136.5,913.0, Frieza,83.92,600.0,500.0,frieza
PT-1432,51.0,149.6,1305.0, Saiyan ,58.33,500.0,500.0,broly
PT-1433,53.0,119.8,158.0,Saiyan,68.76,600.0,500.0,zarbon
PT-1434,,59.1,305.0,   Human,49.29,400.0,500.0,cooler
PT-1435,75.0,165.2,295.0,   Frieza   ,76.59,600.0,600.0,goku
PT-1436,68.0,176.5,538.0,Human,68.83,700.0,600.0,yamcha
PT-1437,61.0,113.8,237.0,Saiyan,84.65,600.0,600.0,raditz
PT-1438,11.0,34.3,,Human,57.68,400.0,300.0,whis
PT-1439,,89.8,506.0,Saiyan,76.12,500.0,500.0,zarbon
PT-1440,92.0,253.3,458.0,  Saiyan   ,83.37,700.0,700.0,gohan (kid)
PT-1441,57.0,164.5,1281.0,Saiyan,64.64,700.0,400.0,zamasu
PT-1442,77.0,260.3,488.0,Saiyan,72.39,700.0,500.0,tien
PT-1443,42.0,83.6,627.0,Majin,68.92,500.0,500.0,cooler
PT-1444,99.0,180.2,314.0,Saiyan,100.0,800.0,600.0,hercule
PT-1445,67.0,120.0,217.0,Saiyan,80.1,700.0,500.0,hercule
PT-1446,76.0,166.4,342.0,  Human ,77.4,700.0,600.0,  zarbon
PT-1447,117.0,242.3,1830.0,Saiyan,95.29,900.0,,krillin
PT-1448,100.0,291.7,720.0,Saiyan,89.75,800.0,700.0,gotenks
PT-1449,64.0,111.4,581.0,Saiyan,91.81,600.0,600.0,gohan (adult) and videl
PT-1450,58.0,68.8,274.0,Saiyan,83.07,500.0,500.0,raditz
PT-1451,63.0,126.4,851.0,Human,77.28,600.0,600.0,nappa
PT-1452,80.0,239.9,218.0,Saiyan,82.88,800.0,700.0,captain ginyu
PT-1453,68.0,216.6,192.0,Saiyan,79.59,700.0,500.0, yamcha
PT-1454,62.0,172.0,352.0,Saiyan,78.75,600.0,600.0,gohan (adult) and videl
PT-1455,99.0,260.1,1592.0, Saiyan  ,86.29,800.0,700.0,whis
PT-1456,68.0,194.0,1539.0,Saiyan,70.45,600.0,500.0,gohan (kid)
PT-1457,,348.4,376.0,Saiyan,100.0,800.0,900.0,whis
PT-1458,72.0,139.3,329.0,  Saiyan,78.98,700.0,600.0,   gohan (adult) and videl
PT-1459,106.0,286.2,184.0,,99.99,800.0,700.0,lord slug 
PT-1460,77.0,237.2,,Namekian,93.97,800.0,,gohan (future)
PT-1461,89.0,168.9,543.0,Saiyan,89.76,800.0,700.0,nappa
PT-1462,,155.9,791.0,Saiyan,75.27,600.0,500.0,whis
PT-1463,53.0,112.0,851.0,Human,96.8,600.0,500.0,  tien   
PT-1464,79.0,196.4,438.0,Saiyan,83.26,800.0,,dodoria
PT-1465,90.0,140.0,688.0,   Majin,77.28,800.0,600.0,frieza
PT-1466,71.0,206.8,324.0,  Saiyan ,76.15,700.0,600.0,yamcha
PT-1467,44.0,122.0,680.0,Human,80.01,700.0,400.0,lord slug
PT-1468,43.0,76.9,363.0,Frieza,56.85,500.0,500.0,dodoria
PT-1469,41.0,100.1,649.0,  Saiyan,60.38,500.0,400.0,dodoria
PT-1470,35.0,69.5,618.0,Saiyan,72.85,400.0,400.0,cooler
PT-1471,72.0,100.8,,  Human,76.63,600.0,700.0,   yamcha  
PT-1472,93.0,323.8,794.0,Frieza,86.32,800.0,700.0,piccolo
PT-1473,70.0,176.8,192.0,Saiyan,86.59,700.0,600.0,piccolo
PT-1474,,78.5,260.0,Human,54.27,400.0,300.0,jaco
PT-1475,66.0,113.1,419.0,Saiyan,64.65,600.0,500.0,hercule
PT-1476,,218.2,207.0,Human,65.69,700.0,600.0,captain ginyu
PT-1477,112.0,266.6,386.0,Saiyan,99.45,800.0,800.0,android 16
PT-1478,41.0,116.9,394.0,Human,68.47,500.0,,android 16
PT-1479,62.0,99.8,1081.0,Saiyan,69.26,700.0,500.0,raditz
PT-1480,104.0,161.9,537.0,Human,82.33,800.0,700.0,tien
PT-1481,,184.9,914.0,Saiyan,79.44,600.0,700.0,  frieza
PT-1482,81.0,125.4,591.0,Human   ,91.33,,600.0,raditz
PT-1483,72.0,217.5,357.0,Majin,72.11,700.0,600.0,broly  
PT-1484,77.0,140.4,534.0,  Namekian,75.5,700.0,600.0,
PT-1485,86.0,250.3,763.0,Frieza,74.88,800.0,700.0,frieza
PT-1486,54.0,178.0,1008.0,Human   ,68.66,600.0,500.0,zarbon
PT-1487,88.0,233.2,455.0,Human,87.9,700.0,700.0,majin buu
PT-1488,43.0,46.8,183.0,Saiyan,84.12,500.0,400.0,
PT-1489,77.0,220.5,1719.0,Frieza,82.54,700.0,700.0,zarbon
PT-1490,74.0,246.3,2514.0,Human,79.17,700.0,500.0, krillin
PT-1491,58.0,110.7,121.0,Saiyan,80.1,700.0,500.0,android 16
PT-1492,70.0,124.4,1447.0,Saiyan,83.57,700.0,700.0,yamcha
PT-1493,-5.0,184.6,705.0,Majin  ,68.58,700.0,600.0,tien
PT-1494,49.0,87.0,337.0,Namekian,88.02,500.0,500.0,android 16
PT-1495,63.0,186.0,253.0,Majin,75.0,600.0,500.0,tien
PT-1496,48.0,147.5,913.0,Human,71.09,500.0,500.0,yamcha
PT-1497,76.0,122.7,,,84.81,700.0,700.0,zarbon
PT-1498,47.0,100.9,267.0,Frieza,71.57,500.0,500.0,
PT-1499,84.0,230.1,311.0,  Human   ,95.8,800.0,700.0,whis
PT-1500,46.0,92.0,528.0,Human,63.68,600.0,500.0,gohan (kid)
PT-1501,59.0,189.4,715.0,Human,79.87,600.0,500.0,vegeta
PT-1502,58.0,121.6,1008.0,Human,74.52,700.0,600.0,cell
PT-1503,97.0,205.4,922.0,Majin,96.66,700.0,700.0,gotenks
PT-1504,77.0,266.5,493.0,Human,79.08,700.0,600.0,nappa
PT-1505,66.0,145.8,909.0,Namekian,73.6,700.0,500.0,android 18
PT-1506,,262.7,329.0,Namekian,87.86,700.0,700.0,android 18
PT-1507,28.0,31.7,,  Saiyan  ,64.06,600.0,400.0,gohan (kid)
PT-1508,69.0,138.2,329.0,   Saiyan,71.04,700.0,500.0,yamcha
PT-1509,-5.0,197.8,304.0,   Human  ,100.0,900.0,800.0,cell
PT-1510,73.0,210.1,337.0,Human,85.06,700.0,600.0,raditz
PT-1511,71.0,207.6,277.0,Human,77.81,700.0,600.0,nappa
PT-1512,81.0,276.8,374.0, Namekian ,78.65,700.0,700.0,frieza
PT-1513,88.0,291.8,715.0,Saiyan,88.11,700.0,700.0,yamcha
PT-1514,30.0,79.0,1379.0,Saiyan,67.28,400.0,400.0,raditz
PT-1515,36.0,117.2,175.0,Namekian,51.65,500.0,400.0,zarbon 
PT-1516,74.0,169.1,228.0,Frieza,82.61,700.0,700.0,broly
PT-1517,56.0,184.6,,Saiyan,77.62,700.0,500.0,
PT-1518,96.0,283.9,780.0,Saiyan,69.58,800.0,700.0,gohan (kid)
PT-1519,64.0,212.3,436.0,Saiyan,77.17,700.0,600.0,gohan (kid)
PT-1520,,79.8,,Human,67.96,300.0,400.0,hit
PT-1521,45.0,129.2,758.0,Human,72.65,500.0,500.0,android 16
PT-1522,15.0,44.5,875.0, Saiyan,62.42,400.0,300.0,cell  
PT-1523,,88.8,487.0,Saiyan,73.38,700.0,600.0,krillin
PT-1524,66.0,110.3,302.0,Human ,68.08,600.0,600.0,tien
PT-1525,62.0,225.7,580.0,Human,60.4,500.0,500.0,gohan (kid)
PT-1526,92.0,194.7,428.0,Human,95.54,700.0,700.0,gotenks
PT-1527,94.0,170.3,426.0,Saiyan,93.22,700.0,700.0,whis
PT-1528,67.0,150.0,362.0,Saiyan   ,86.15,600.0,500.0,piccolo
PT-1529,27.0,84.0,858.0,Saiyan,55.0,500.0,500.0, lord slug
PT-1530,82.0,216.6,572.0,Frieza,89.23,700.0,600.0,broly
PT-1531,81.0,261.4,917.0,Saiyan,70.38,700.0,600.0,broly
PT-1532,76.0,263.2,1099.0,Human,73.44,,600.0,dodoria  
PT-1533,90.0,257.6,649.0,Human,87.01,700.0,700.0,raditz
PT-1534,47.0,134.0,364.0,Namekian,74.11,,500.0,goku
PT-1535,110.0,251.5,920.0,Saiyan,100.0,800.0,800.0,gohan (kid)
PT-1536,51.0,151.9,652.0,Saiyan,68.48,600.0,500.0,
PT-1537,85.0,166.3,2350.0,Namekian,77.07,800.0,600.0,piccolo
PT-1538,36.0,68.3,594.0,   Saiyan,57.06,500.0,500.0,captain ginyu
PT-1539,51.0,169.8,749.0,Human,64.9,500.0,500.0,tien
PT-1540,100.0,335.4,587.0,   Saiyan ,100.0,800.0,600.0,frieza  
PT-1541,65.0,139.2,464.0,Frieza,82.05,600.0,600.0,jaco
PT-1542,,259.8,422.0,Majin,93.7,700.0,500.0, captain ginyu
PT-1543,75.0,185.5,588.0,Saiyan,78.09,700.0,700.0,gohan (future)
PT-1544,68.0,151.6,674.0,Namekian,77.19,700.0,600.0,beerus
PT-1545,97.0,191.6,985.0,Majin,94.39,800.0,600.0,hercule
PT-1546,65.0,105.7,593.0,Human,71.95,600.0,500.0,cooler
PT-1547,34.0,106.7,373.0,Saiyan,61.27,400.0,400.0,broly
PT-1548,54.0,138.8,405.0,Saiyan,66.2,700.0,500.0,frieza
PT-1549,81.0,189.1,223.0,Human,78.82,600.0,600.0,piccolo
PT-1550,78.0,153.3,1335.0,Saiyan,81.59,700.0,600.0,pan
PT-1551,39.0,96.1,356.0,   Namekian  ,59.03,500.0,400.0,captain ginyu
PT-1552,56.0,146.9,880.0,Saiyan,74.69,600.0,500.0,
PT-1553,250.0,205.8,582.0,Human,75.48,600.0,600.0,vegeta
PT-1554,63.0,106.4,591.0,Saiyan,73.77,700.0,600.0,nappa
PT-1555,42.0,117.1,459.0,Human  ,60.18,500.0,500.0,majin buu
PT-1556,57.0,137.1,307.0,Saiyan,73.64,500.0,500.0,android 18
PT-1557,55.0,113.0,276.0,,67.96,500.0,500.0,zarbon
PT-1558,85.0,165.7,1390.0,Saiyan,84.37,700.0,600.0, broly   
PT-1559,86.0,181.6,528.0,Human  ,93.19,700.0,700.0,captain ginyu
PT-1560,67.0,151.5,968.0,Saiyan,66.78,700.0,500.0,krillin
PT-1561,62.0,145.3,1131.0,Majin ,92.19,,500.0,
PT-1562,73.0,154.6,385.0,Saiyan,78.62,800.0,600.0,tien
PT-1563,54.0,90.3,635.0, Human  ,74.89,700.0,500.0,dodoria
PT-1564,47.0,128.4,506.0,  Human   ,62.78,500.0,500.0,piccolo
PT-1565,51.0,63.0,246.0,Saiyan,79.54,500.0,500.0,
PT-1566,57.0,96.6,441.0,Saiyan,71.79,500.0,500.0,bardock
PT-1567,47.0,119.1,701.0,Saiyan,65.65,500.0,500.0,yamcha
PT-1568,73.0,157.8,365.0,Human,74.6,800.0,,majin buu
PT-1569,85.0,161.0,405.0,Frieza,81.85,700.0,,android 18
PT-1570,38.0,75.5,444.0,Saiyan  ,68.55,500.0,500.0,piccolo
PT-1571,71.0,98.9,1749.0,Majin,79.78,600.0,600.0,pan
PT-1572,66.0,134.7,164.0,Human,76.08,600.0,600.0,piccolo
PT-1573,77.0,135.5,666.0,Human,75.11,700.0,600.0,captain ginyu   
PT-1574,70.0,110.6,423.0,Human,71.85,600.0,700.0,hercule
PT-1575,41.0,134.8,335.0,Frieza,62.71,400.0,500.0,majin buu
PT-1576,45.0,149.3,417.0,Human,71.68,600.0,500.0,nappa
PT-1577,71.0,140.5,735.0,Namekian,83.7,700.0,500.0, gotenks   
PT-1578,91.0,182.0,761.0,Saiyan,92.78,700.0,700.0, goku   
PT-1579,26.0,35.5,551.0,Majin,60.39,500.0,400.0,dodoria   
PT-1580,77.0,233.5,949.0,Frieza,83.87,600.0,500.0,android 16
PT-1581,94.0,280.7,1055.0,Frieza,86.25,800.0,700.0,nappa
PT-1582,67.0,105.8,804.0,Saiyan,62.86,600.0,600.0,nappa
PT-1583,81.0,156.2,355.0,Namekian,80.67,700.0,600.0,dodoria
PT-1584,56.0,112.5,663.0,Saiyan,69.4,500.0,500.0,piccolo
PT-1585,68.0,224.8,665.0,Human,68.89,600.0,600.0,cell
PT-1586,38.0,126.4,302.0,Saiyan,60.66,500.0,400.0,yamcha
PT-1587,23.0,53.8,192.0,Human,60.28,400.0,500.0,krillin
PT-1588,89.0,233.7,146.0,Saiyan,76.53,,600.0,   zarbon
PT-1589,50.0,102.4,514.0,Saiyan,64.31,600.0,600.0,tien
PT-1590,61.0,172.6,,Saiyan,86.78,600.0,500.0,frieza
PT-1591,42.0,146.5,242.0,Saiyan,53.98,600.0,500.0,captain ginyu
PT-1592,42.0,78.7,923.0,Saiyan,65.33,500.0,500.0,yamcha
PT-1593,67.0,72.1,540.0,Namekian,67.47,600.0,500.0,raditz
PT-1594,55.0,151.9,1107.0,Majin,65.99,600.0,500.0,krillin
PT-1595,78.0,187.2,,Majin,79.62,600.0,600.0,cooler
PT-1596,0.0,253.8,260.0,Majin,73.7,700.0,700.0,gohan (kid)
PT-1597,76.0,157.9,649.0,Saiyan,84.99,700.0,500.0,lord slug
PT-1598,75.0,266.1,737.0,Human,90.81,600.0,600.0, android 18
PT-1599,102.0,201.9,355.0,Human,97.53,800.0,700.0,
PT-1600,49.0,95.2,207.0,Saiyan ,77.8,500.0,500.0,
PT-1601,69.0,154.7,523.0,Human,66.56,600.0,600.0,nappa
PT-1602,93.0,171.8,270.0,Majin,85.26,800.0,600.0,nappa
PT-1603,95.0,191.2,965.0,Human,91.74,800.0,,nappa
PT-1604,42.0,108.7,386.0,Majin,73.77,400.0,500.0,goku
PT-1605,64.0,91.7,1387.0,Saiyan,89.63,700.0,600.0,yamcha
PT-1606,97.0,190.4,138.0,Majin,97.35,,700.0,gohan (kid)
PT-1607,80.0,147.5,534.0,Saiyan,89.17,600.0,600.0,gotenks
PT-1608,74.0,129.3,1162.0,Namekian ,100.0,500.0,600.0,pan
PT-1609,66.0,261.2,289.0,Saiyan ,77.17,700.0,600.0,dodoria
PT-1610,62.0,214.9,448.0,Human,72.49,600.0,500.0,frieza
PT-1611,76.0,101.5,,Human ,81.82,600.0,700.0,krillin
PT-1612,65.0,193.4,,Saiyan,68.68,700.0,600.0,gohan (adult) and videl
PT-1613,69.0,190.6,571.0,Saiyan,78.14,700.0,600.0,cooler
PT-1614,72.0,245.6,227.0,Saiyan,64.99,600.0,500.0,dodoria
PT-1615,56.0,116.9,461.0,Human,68.16,600.0,500.0,gohan (kid)
PT-1616,81.0,158.9,672.0,Frieza,81.48,800.0,600.0,zarbon
PT-1617,,287.1,433.0,Saiyan,100.0,1000.0,800.0,lord slug
PT-1618,34.0,133.1,270.0,Human,72.49,500.0,400.0,tien
PT-1619,76.0,229.2,,Namekian,72.69,700.0,600.0,captain ginyu
PT-1620,55.0,131.0,,Human,88.61,600.0,400.0,krillin
PT-1621,82.0,174.5,264.0,Namekian,83.99,700.0,700.0,hercule
PT-1622,71.0,216.8,227.0,Saiyan,80.32,700.0,600.0,piccolo
PT-1623,,276.9,278.0,Saiyan,71.06,700.0,700.0,beerus
PT-1624,94.0,226.5,683.0, Saiyan,82.64,700.0,700.0,dodoria
PT-1625,74.0,212.0,581.0,  Saiyan  ,88.0,600.0,600.0,dodoria
PT-1626,93.0,224.0,792.0,Human,88.56,800.0,700.0,nappa
PT-1627,23.0,67.8,405.0,Namekian,60.06,400.0,400.0,captain ginyu
PT-1628,102.0,262.5,283.0,Saiyan,92.62,800.0,800.0,nappa
PT-1629,-1.0,234.7,855.0,Frieza,69.65,700.0,600.0,nappa
PT-1630,92.0,340.8,, Saiyan  ,86.03,700.0,700.0,piccolo
PT-1631,46.0,102.7,551.0,Saiyan,79.67,500.0,400.0,nappa
PT-1632,53.0,121.7,194.0, Namekian,79.89,600.0,600.0,gohan (adult) and videl
PT-1633,73.0,170.3,350.0,Namekian,78.2,700.0,500.0,raditz
PT-1634,70.0,114.6,903.0,Human,90.51,600.0,600.0,gohan (adult) and videl
PT-1635,250.0,147.0,321.0, Saiyan  ,70.33,700.0,600.0,turles
PT-1636,250.0,148.6,803.0,Saiyan  ,79.03,700.0,700.0,android 16
PT-1637,35.0,75.1,122.0,Saiyan   ,78.91,500.0,400.0,krillin
PT-1638,89.0,141.4,352.0,  Majin ,90.22,800.0,600.0,frieza
PT-1639,70.0,143.7,445.0,Saiyan,75.69,700.0,400.0,gotenks
PT-1640,66.0,207.7,1402.0,Human,75.96,600.0,700.0,
PT-1641,,100.7,244.0,Saiyan,59.95,500.0,500.0,gohan (kid)
PT-1642,80.0,226.2,,Human,84.21,600.0,500.0,nappa
PT-1643,22.0,33.7,929.0,Saiyan,60.38,400.0,400.0,zarbon
PT-1644,83.0,228.2,320.0, Human   ,83.36,700.0,700.0,tien
PT-1645,40.0,67.1,394.0,Human,56.72,500.0,400.0,raditz
PT-1646,71.0,162.3,536.0,Frieza,80.52,600.0,500.0,   android 18
PT-1647,,182.1,203.0,Namekian,72.96,700.0,,dodoria
PT-1648,93.0,230.8,375.0,Human,79.31,700.0,700.0,raditz
PT-1649,66.0,117.1,1060.0,Saiyan,86.53,600.0,600.0,pan
PT-1650,56.0,133.7,674.0,Frieza,89.76,600.0,600.0,gohan (kid)
PT-1651,60.0,175.3,449.0,Namekian,89.54,500.0,600.0,yamcha
PT-1652,95.0,193.0,527.0,Namekian,93.2,800.0,700.0,piccolo
PT-1653,81.0,237.0,698.0,Human,80.28,700.0,500.0,gohan (kid)
PT-1654,62.0,115.8,783.0,Saiyan,74.24,500.0,500.0,captain ginyu
PT-1655,65.0,151.3,353.0,Majin,79.24,600.0,600.0,tien
PT-1656,39.0,94.4,1237.0,Saiyan,62.24,400.0,500.0,turles
PT-1657,78.0,174.2,1086.0, Saiyan,91.75,800.0,600.0,broly
PT-1658,35.0,88.0,740.0,Saiyan,47.71,500.0,500.0,nappa
PT-1659,85.0,207.9,297.0,Human,81.63,700.0,700.0,
PT-1660,73.0,141.1,267.0,Saiyan,85.61,700.0,600.0,cooler
PT-1661,118.0,375.4,405.0, Human,90.44,900.0,800.0,gotenks
PT-1662,48.0,134.6,511.0,Human,67.28,600.0,600.0,gohan (kid)
PT-1663,68.0,119.8,171.0,Human,81.95,600.0,,cooler
PT-1664,106.0,369.0,663.0,Saiyan,100.0,900.0,700.0,tien
PT-1665,94.0,283.0,1067.0, Frieza,77.25,800.0,800.0,   krillin 
PT-1666,56.0,154.1,696.0,Saiyan,61.46,600.0,500.0,broly
PT-1667,74.0,117.7,328.0,Saiyan,72.03,700.0,600.0,gohan (kid)
PT-1668,70.0,103.9,306.0,Human,65.7,500.0,600.0,zarbon
PT-1669,76.0,210.8,590.0,Saiyan,68.67,600.0,500.0,raditz
PT-1670,56.0,91.2,-295.0,Human,64.62,600.0,600.0,broly
PT-1671,68.0,126.8,643.0,Saiyan  ,87.07,700.0,600.0,vegeta
PT-1672,38.0,130.1,707.0,Namekian,62.7,500.0,400.0,piccolo
PT-1673,,155.1,949.0,Saiyan,79.45,700.0,600.0,cooler
PT-1674,79.0,107.6,250.0,Frieza,73.96,800.0,700.0, piccolo
PT-1675,65.0,115.0,563.0,Human,81.07,700.0,600.0,raditz 
PT-1676,38.0,90.6,396.0,Saiyan,80.21,500.0,400.0,  android 16
PT-1677,90.0,238.0,464.0,Human  ,78.9,900.0,600.0,
PT-1678,,260.5,828.0,Saiyan,94.6,600.0,600.0,   majin buu   
PT-1679,55.0,92.2,883.0,  Frieza  ,74.92,500.0,500.0,yamcha
PT-1680,64.0,103.7,1140.0,Majin,75.73,600.0,500.0,gohan (kid)
PT-1681,40.0,130.1,636.0,Human,69.2,500.0,500.0,hercule
PT-1682,49.0,108.9,461.0,   Saiyan  ,72.72,500.0,500.0,gohan (kid)
PT-1683,59.0,144.2,423.0,Frieza,88.46,600.0,600.0,lord slug
PT-1684,95.0,312.0,174.0,Human,92.16,800.0,700.0,dodoria
PT-1685,57.0,165.3,1101.0,Human,77.13,600.0,500.0,broly
PT-1686,83.0,185.5,406.0,Saiyan,79.83,700.0,600.0,nappa
PT-1687,59.0,182.1,667.0, Saiyan,80.31,500.0,600.0,  pan
PT-1688,75.0,112.1,741.0,Majin,72.35,600.0,600.0,vegeta
PT-1689,67.0,245.3,233.0,Human,77.67,600.0,600.0,lord slug
PT-1690,87.0,230.3,283.0,   Namekian,100.0,700.0,700.0,piccolo
PT-1691,59.0,144.1,1247.0,Human,53.57,600.0,600.0,captain ginyu
PT-1692,39.0,151.0,587.0,Human,67.47,600.0,500.0,gohan (kid)
PT-1693,42.0,116.8,348.0,   Human ,68.97,500.0,500.0,krillin
PT-1694,59.0,136.2,457.0,Majin,71.78,500.0,500.0,zarbon
PT-1695,45.0,89.5,946.0,Saiyan,66.36,500.0,400.0,
PT-1696,78.0,224.7,863.0,Namekian,81.93,800.0,700.0,goku
PT-1697,61.0,148.5,204.0,Saiyan,72.38,700.0,500.0,gohan (adult) and videl
PT-1698,117.0,225.7,1314.0,Human,98.58,900.0,700.0,lord slug
PT-1699,35.0,106.8,880.0,Namekian,60.1,400.0,500.0,zarbon
PT-1700,74.0,181.0,450.0,Majin,95.78,700.0,500.0,raditz
PT-1701,-1.0,105.0,241.0,Saiyan,66.78,600.0,,nappa
PT-1702,60.0,86.0,927.0,Majin,78.56,600.0,600.0,piccolo
PT-1703,73.0,190.1,656.0,Saiyan,73.85,600.0,600.0,frieza
PT-1704,23.0,7.1,205.0,  Saiyan,66.67,400.0,300.0,gohan (adult) and videl
PT-1705,300.0,118.0,429.0,Majin,85.87,600.0,600.0,piccolo
PT-1706,108.0,247.8,3215.0,Majin,96.55,800.0,800.0,krillin
PT-1707,61.0,115.9,,Saiyan,66.18,700.0,600.0,yamcha
PT-1708,300.0,153.2,316.0,Frieza,73.98,700.0,500.0,dodoria
PT-1709,90.0,279.9,269.0,Saiyan,99.49,,800.0,krillin
PT-1710,67.0,151.8,1427.0,Frieza,70.69,700.0,500.0,vegeta
PT-1711,58.0,196.6,819.0,,78.33,600.0,500.0,tien
PT-1712,,83.6,1146.0,Frieza,52.04,500.0,400.0,
PT-1713,250.0,216.4,572.0,Namekian,91.27,800.0,700.0,lord slug
PT-1714,68.0,246.4,1046.0,Frieza,71.71,700.0,600.0,nenhum
PT-1715,50.0,141.8,296.0,Human,62.29,600.0,500.0,piccolo
PT-1716,73.0,143.7,543.0,,73.5,600.0,700.0,raditz
PT-1717,58.0,180.8,585.0,  Saiyan  ,68.77,700.0,500.0,gohan (kid)
PT-1718,59.0,123.0,1129.0,   Majin   ,76.84,600.0,500.0,hercule
PT-1719,82.0,202.2,597.0,Saiyan,83.36,700.0,700.0,captain ginyu
PT-1720,43.0,127.4,339.0,Frieza,58.44,500.0,500.0,frieza 
PT-1721,,137.5,512.0,Saiyan,86.18,800.0,700.0,frieza
PT-1722,42.0,57.8,180.0,,57.65,400.0,500.0,pan
PT-1723,57.0,149.4,122.0,Human,77.95,500.0,600.0,krillin
PT-1724,108.0,207.3,811.0,Namekian,99.82,900.0,,yamcha
PT-1725,93.0,173.0,394.0,Frieza,87.01,700.0,700.0,vegeta
PT-1726,72.0,134.0,421.0,Saiyan,80.97,600.0,600.0,dodoria
PT-1727,51.0,134.9,811.0,Human,84.42,500.0,500.0,yamcha
PT-1728,59.0,179.7,1139.0,Saiyan,72.34,600.0,600.0,beerus
PT-1729,71.0,197.5,679.0,Majin,70.85,700.0,400.0,android 16
PT-1730,71.0,162.3,1567.0,Majin,83.03,700.0,600.0,pan
PT-1731,68.0,130.9,666.0,Saiyan,68.14,600.0,600.0,jaco
PT-1732,69.0,113.3,591.0,Saiyan,75.92,600.0,600.0,captain ginyu
PT-1733,66.0,148.2,569.0,,71.61,600.0,500.0,turles
PT-1734,41.0,141.8,228.0,Saiyan,60.79,500.0,500.0,lord slug
PT-1735,60.0,168.2,874.0,  Majin   ,72.0,600.0,500.0,nappa
PT-1736,88.0,190.9,114.0,Saiyan,92.4,800.0,700.0,android 16
PT-1737,43.0,107.5,347.0,Frieza,76.05,500.0,500.0,jaco
PT-1738,66.0,172.7,500.0,Frieza,83.81,700.0,600.0,majin buu
PT-1739,54.0,141.5,307.0,Frieza,74.29,600.0,600.0,cell
PT-1740,72.0,172.1,376.0,  Human   ,76.74,700.0,600.0,raditz
PT-1741,62.0,191.3,1486.0,  Saiyan,55.94,700.0,600.0, gotenks
PT-1742,100.0,283.7,,Majin,92.94,800.0,700.0,vegeta
PT-1743,80.0,273.6,327.0,Majin,63.77,700.0,600.0,android 18
PT-1744,44.0,122.2,372.0, Frieza,52.21,500.0,500.0,android 16
PT-1745,,142.7,229.0,Saiyan,81.91,800.0,600.0,   captain ginyu 
PT-1746,55.0,99.4,752.0,Saiyan,74.12,500.0,500.0,
PT-1747,,145.5,424.0,Frieza,69.59,600.0,500.0,cell
PT-1748,76.0,176.9,151.0,Namekian,92.68,600.0,600.0,raditz
PT-1749,60.0,153.2,523.0,Saiyan,77.7,600.0,500.0,raditz
PT-1750,88.0,248.4,641.0,Majin,83.2,800.0,600.0,yamcha
PT-1751,55.0,106.7,878.0,   Saiyan,83.09,600.0,500.0, android 18
PT-1752,,152.9,472.0,Human,85.72,600.0,500.0,yamcha
PT-1753,57.0,161.5,394.0,Saiyan,76.9,,600.0,nappa
PT-1754,59.0,145.0,1623.0,Saiyan,67.4,600.0,600.0,beerus
PT-1755,92.0,210.2,495.0,   Saiyan   ,82.4,800.0,600.0,zarbon
PT-1756,,126.2,759.0,Saiyan,71.63,700.0,600.0,  beerus
PT-1757,104.0,230.9,356.0,Human   ,91.26,,700.0, dodoria
PT-1758,115.0,330.7,745.0,Saiyan,87.6,900.0,,piccolo
PT-1759,49.0,166.2,206.0,Human,66.97,500.0,500.0,majin buu
PT-1760,71.0,198.3,,Human,80.48,600.0,600.0,nappa
PT-1761,46.0,100.4,239.0,Majin,52.53,500.0,600.0,gohan (future)
PT-1762,54.0,142.9,343.0,Human ,61.49,500.0,500.0,raditz
PT-1763,57.0,173.6,1043.0,Saiyan,68.75,600.0,500.0,  gohan (adult) and videl
PT-1764,-5.0,99.0,341.0,Saiyan,69.18,600.0,400.0, dodoria
PT-1765,49.0,137.4,758.0,Namekian,65.65,500.0,500.0,gotenks
PT-1766,67.0,121.5,1225.0,Namekian,74.64,800.0,600.0,piccolo
PT-1767,46.0,82.3,485.0,Frieza ,62.75,,400.0,android 18
PT-1768,87.0,166.1,894.0,Frieza,73.2,800.0,600.0,yamcha
PT-1769,52.0,85.1,678.0,,66.52,600.0,500.0,gohan (adult) and videl
PT-1770,126.0,428.2,528.0,Namekian,98.69,1000.0,800.0,raditz
PT-1771,61.0,135.9,773.0,Saiyan,71.92,600.0,600.0,zarbon
PT-1772,71.0,155.3,1486.0,,79.29,700.0,600.0,android 16
PT-1773,44.0,96.1,336.0,Frieza,70.95,500.0,600.0,   dodoria 
PT-1774,104.0,234.8,277.0,   Majin,97.05,900.0,700.0,   hercule   
PT-1775,92.0,157.2,268.0,Saiyan ,81.73,,800.0,  cell
PT-1776,76.0,130.4,895.0,Saiyan  ,67.79,600.0,700.0, yamcha
PT-1777,43.0,122.3,970.0,Saiyan,77.37,500.0,500.0,hercule  
PT-1778,74.0,125.1,357.0,Saiyan,82.68,600.0,500.0,zarbon
PT-1779,48.0,172.8,137.0,Namekian,61.56,600.0,500.0,cooler
PT-1780,99.0,171.0,329.0,,91.82,800.0,700.0,piccolo
PT-1781,86.0,246.3,685.0,Saiyan,92.94,800.0,500.0,
PT-1782,72.0,210.4,473.0,Majin,92.63,700.0,500.0,gohan (adult) and videl
PT-1783,21.0,28.3,549.0,Saiyan,60.4,300.0,400.0,pan
PT-1784,50.0,99.1,360.0,,78.48,700.0,500.0,pan
PT-1785,84.0,307.7,905.0,   Saiyan,73.92,700.0,600.0,cell
PT-1786,94.0,217.5,605.0,Human,87.31,700.0,700.0,tien
PT-1787,,243.1,701.0,Majin,84.12,800.0,600.0,
PT-1788,38.0,41.4,542.0,Majin,67.94,600.0,400.0,piccolo
PT-1789,76.0,176.0,675.0,Majin,93.29,700.0,600.0,cell
PT-1790,90.0,242.8,,Saiyan,88.0,700.0,700.0,yamcha
PT-1791,37.0,119.5,282.0,  Human   ,57.3,500.0,400.0,bardock
PT-1792,70.0,122.1,616.0,Saiyan,67.89,600.0,600.0,piccolo
PT-1793,75.0,209.2,792.0,   Human ,93.17,600.0,500.0,krillin
PT-1794,64.0,183.3,985.0,Human,79.71,700.0,500.0,gotenks
PT-1795,33.0,65.3,632.0,Human,66.78,500.0,500.0,piccolo
PT-1796,63.0,100.5,276.0,Frieza,72.45,600.0,600.0,krillin
PT-1797,63.0,119.7,303.0,Saiyan,77.34,600.0,500.0,frieza
PT-1798,,184.1,,,68.9,700.0,600.0,gohan (future)
PT-1799,59.0,160.2,552.0,Saiyan,76.7,500.0,500.0,raditz
PT-1800,61.0,166.7,458.0,Human,65.0,600.0,600.0,vegeta
PT-1801,69.0,147.0,251.0,Namekian,74.73,800.0,,raditz
PT-1802,79.0,212.2,250.0,Majin,76.46,800.0,500.0,frieza
PT-1803,64.0,166.4,140.0,Namekian,49.54,600.0,600.0,nappa
PT-1804,62.0,155.5,,Majin,72.03,700.0,500.0,cooler
PT-1805,72.0,173.5,455.0,Saiyan,71.61,700.0,600.0,  dodoria
PT-1806,32.0,47.7,1983.0,   Frieza   ,61.12,500.0,400.0,pan
PT-1807,,251.5,1448.0,Frieza,82.01,700.0,500.0,android 16
PT-1808,70.0,144.6,,Saiyan  ,92.14,700.0,600.0,cell
PT-1809,71.0,174.3,539.0,Saiyan,80.84,600.0,600.0,   dodoria
PT-1810,89.0,153.6,205.0,Saiyan,88.27,800.0,700.0,
PT-1811,31.0,83.1,224.0,Namekian  ,66.36,500.0,400.0,gohan (kid)
PT-1812,31.0,92.3,,Frieza,69.37,500.0,500.0,captain ginyu
PT-1813,75.0,154.6,430.0,   Namekian,83.63,700.0,600.0,
PT-1814,70.0,233.9,442.0,Saiyan,80.25,700.0,500.0,yamcha
PT-1815,73.0,202.2,,  Saiyan ,84.89,700.0,600.0,vegeta
PT-1816,61.0,111.4,734.0,Human,54.99,700.0,600.0,yamcha
PT-1817,83.0,202.8,403.0,Saiyan,99.91,700.0,600.0,raditz
PT-1818,89.0,200.2,504.0,Saiyan,98.32,700.0,700.0,captain ginyu
PT-1819,80.0,292.8,256.0,Saiyan,83.74,700.0,600.0, hercule
PT-1820,65.0,136.1,220.0,Saiyan,64.7,600.0,600.0,raditz
PT-1821,28.0,38.2,200.0,Saiyan,70.88,500.0,400.0,hercule
PT-1822,85.0,185.1,727.0,Majin,78.45,700.0,700.0,krillin
PT-1823,94.0,181.2,402.0,Saiyan,91.87,800.0,700.0,zamasu
PT-1824,,242.2,160.0,Saiyan,72.94,700.0,500.0,captain ginyu
PT-1825,52.0,97.5,474.0,Human,88.61,600.0,600.0,dodoria
PT-1826,83.0,161.0,233.0,Frieza,71.66,700.0,600.0,android 16
PT-1827,87.0,223.3,1334.0,Majin,85.35,700.0,700.0,dodoria
PT-1828,101.0,326.8,348.0,Human ,73.42,900.0,,vegeta
PT-1829,52.0,168.3,742.0,Majin   ,70.47,600.0,400.0,vegeta
PT-1830,65.0,165.7,947.0,Majin,72.6,,400.0,bardock
PT-1831,85.0,168.4,278.0,Human,93.1,800.0,600.0,turles
PT-1832,71.0,103.0,,  Human   ,75.0,700.0,600.0,captain ginyu
PT-1833,48.0,158.3,,Human,78.31,500.0,600.0,gotenks
PT-1834,78.0,213.5,,Human,73.01,800.0,600.0,yamcha
PT-1835,82.0,208.2,612.0,,80.54,700.0,600.0,captain ginyu
PT-1836,72.0,241.8,222.0,Saiyan,76.7,700.0,500.0,zarbon
PT-1837,74.0,150.3,687.0,Saiyan,83.56,600.0,700.0,nappa
PT-1838,65.0,185.7,368.0,   Saiyan  ,78.95,600.0,500.0,whis
PT-1839,100.0,201.7,608.0,Human,95.78,800.0,800.0,gotenks
PT-1840,52.0,68.9,856.0, Human,72.93,500.0,600.0,beerus
PT-1841,58.0,144.7,736.0,Saiyan,78.49,600.0,600.0,android 18   
PT-1842,70.0,158.3,607.0,Saiyan   ,70.82,600.0,600.0,
PT-1843,88.0,316.1,724.0,Saiyan,88.31,700.0,600.0,majin buu
PT-1844,40.0,77.8,745.0,Majin,78.87,600.0,500.0,tien
PT-1845,44.0,134.1,1209.0,Saiyan,54.16,500.0,500.0,turles
PT-1846,29.0,102.8,483.0,Saiyan,65.51,,400.0,krillin
PT-1847,71.0,200.0,544.0,Saiyan  ,83.81,700.0,500.0,gohan (adult) and videl
PT-1848,48.0,143.7,862.0,Human,80.89,500.0,500.0,cell
PT-1849,62.0,181.9,367.0,Saiyan,80.61,600.0,500.0,tien
PT-1850,83.0,173.0,,Human,84.0,800.0,,yamcha
PT-1851,57.0,102.9,662.0,Human,76.24,500.0,500.0,zarbon
PT-1852,75.0,159.1,435.0,Frieza,74.12,700.0,600.0,gohan (kid)
PT-1853,64.0,212.6,239.0,Human,72.5,700.0,600.0,
PT-1854,83.0,200.4,665.0,Saiyan,72.51,700.0,,piccolo
PT-1855,80.0,171.8,,Saiyan,93.9,800.0,600.0,
PT-1856,56.0,104.7,,Majin   ,76.0,600.0,500.0,raditz
PT-1857,67.0,148.7,910.0,Saiyan ,69.47,700.0,500.0,yamcha
PT-1858,91.0,299.2,108.0,Frieza  ,88.57,800.0,700.0,raditz
PT-1859,78.0,158.4,388.0,  Human,90.47,700.0,700.0,turles
PT-1860,,135.6,,Saiyan,74.74,500.0,400.0,lord slug
PT-1861,83.0,224.0,405.0,Saiyan,75.78,700.0,700.0,
PT-1862,48.0,142.3,520.0, Frieza ,44.13,600.0,500.0,vegeta
PT-1863,98.0,189.3,779.0, Frieza  ,92.36,700.0,700.0,raditz
PT-1864,90.0,225.3,176.0,Namekian,78.91,700.0,700.0,krillin
PT-1865,,135.0,,Saiyan,85.38,800.0,,dodoria
PT-1866,,156.5,,Majin,86.8,600.0,600.0,krillin
PT-1867,66.0,212.2,1506.0,Saiyan,85.31,600.0,500.0,krillin
PT-1868,84.0,214.2,235.0,Saiyan,97.56,,700.0,cooler
PT-1869,,109.5,392.0,,85.09,600.0,500.0,yamcha
PT-1870,75.0,227.8,282.0,Frieza,94.0,700.0,500.0,frieza
PT-1871,87.0,161.4,265.0,Saiyan,95.83,700.0,600.0,frieza
PT-1872,,145.7,969.0,Human,85.33,600.0,500.0,lord slug
PT-1873,58.0,209.6,501.0,Saiyan,72.87,600.0,500.0,vegeta
PT-1874,46.0,132.5,353.0,Saiyan,58.09,500.0,500.0,cell
PT-1875,49.0,149.8,361.0,   Saiyan,89.46,500.0,500.0,vegeta
PT-1876,,68.1,351.0,Namekian,63.7,400.0,500.0,tien
PT-1877,85.0,240.2,371.0,  Saiyan,93.83,800.0,600.0,gohan (kid)
PT-1878,106.0,310.9,231.0,Human  ,88.0,900.0,700.0,krillin
PT-1879,99.0,266.4,422.0,Saiyan,97.31,800.0,700.0,dodoria
PT-1880,37.0,78.2,397.0, Human,45.24,500.0,500.0,lord slug
PT-1881,84.0,252.3,313.0,Saiyan,80.32,600.0,600.0,hercule
PT-1882,98.0,199.3,541.0,Saiyan,88.41,900.0,800.0,raditz
PT-1883,61.0,218.2,569.0,Human,78.1,700.0,600.0,tien
PT-1884,72.0,126.8,353.0, Human   ,87.38,800.0,600.0,piccolo
PT-1885,30.0,44.6,452.0,Frieza,53.25,500.0,500.0,hit
PT-1886,75.0,252.0,1799.0,Saiyan   ,85.28,700.0,600.0,gohan (kid)
PT-1887,49.0,87.9,1759.0,Human,79.41,,500.0,zarbon
PT-1888,74.0,123.2,262.0,   Frieza,98.37,600.0,600.0,tien
PT-1889,39.0,124.0,285.0,Saiyan,71.25,500.0,500.0,hercule
PT-1890,81.0,131.7,261.0,Namekian  ,78.72,700.0,600.0,zarbon
PT-1891,90.0,170.6,,Frieza,75.83,800.0,700.0,  tien
PT-1892,54.0,154.4,388.0,Namekian,86.23,500.0,500.0,dodoria
PT-1893,47.0,93.7,569.0,Human,74.7,,500.0,lord slug
PT-1894,27.0,68.2,1633.0,Majin,60.62,400.0,400.0,dodoria
PT-1895,65.0,101.0,490.0,Human,63.04,700.0,600.0,gohan (future)
PT-1896,58.0,153.8,753.0,  Human   ,65.75,600.0,500.0,broly
PT-1897,39.0,67.4,673.0,Frieza,70.65,500.0,300.0,captain ginyu 
PT-1898,79.0,123.3,346.0,Saiyan,84.43,800.0,600.0,jaco
PT-1899,61.0,177.4,930.0, Majin  ,58.83,700.0,600.0,gohan (adult) and videl
PT-1900,48.0,129.3,296.0,Human,74.26,600.0,500.0,vegeta
PT-1901,59.0,114.1,1101.0,Saiyan,61.05,600.0,500.0,majin buu
PT-1902,91.0,187.7,346.0,Human,97.23,800.0,700.0,captain ginyu
PT-1903,,297.2,370.0,Majin,84.47,700.0,600.0,frieza
PT-1904,67.0,210.3,,Human,73.09,700.0,600.0,captain ginyu
PT-1905,82.0,194.8,283.0,Namekian,90.72,800.0,,gohan (adult) and videl
PT-1906,47.0,122.5,381.0,Saiyan,71.63,600.0,500.0,
PT-1907,71.0,154.0,115.0,Frieza,89.0,600.0,600.0,nappa   
PT-1908,73.0,210.2,428.0,Human,79.84,600.0,500.0,android 18
PT-1909,61.0,183.3,,Majin,75.51,600.0,500.0,android 18
PT-1910,79.0,281.2,792.0,  Saiyan ,79.32,700.0,600.0,broly
PT-1911,54.0,109.3,635.0, Saiyan,73.7,600.0,500.0,zarbon
PT-1912,80.0,166.3,322.0,Frieza,95.58,800.0,600.0,piccolo
PT-1913,81.0,147.7,374.0, Saiyan   ,78.38,700.0,,piccolo
PT-1914,12.0,5.0,428.0,Saiyan,59.98,300.0,300.0,  krillin   
PT-1915,94.0,200.7,1202.0,Majin,80.56,700.0,700.0,tien
PT-1916,9.0,13.6,301.0,Majin,37.07,,400.0,gohan (kid)
PT-1917,58.0,122.8,320.0,Namekian,74.86,600.0,600.0,tien
PT-1918,91.0,318.8,250.0,Majin,89.36,700.0,600.0,broly
PT-1919,64.0,117.8,203.0,Frieza,74.72,600.0,600.0,nappa
PT-1920,41.0,68.0,592.0,Human,54.43,500.0,500.0,vegeta
PT-1921,48.0,131.6,557.0,Human  ,71.63,,500.0,majin buu
PT-1922,91.0,273.4,1064.0,Namekian,88.53,800.0,700.0,gohan (kid)
PT-1923,32.0,80.2,920.0,Majin,55.69,400.0,400.0,  lord slug
PT-1924,93.0,268.9,2076.0,Saiyan,76.37,700.0,700.0,   gohan (adult) and videl
PT-1925,69.0,166.1,471.0,Saiyan,75.58,600.0,500.0,nappa
PT-1926,46.0,59.1,421.0,Human,73.62,500.0,500.0,dodoria
PT-1927,58.0,135.8,226.0,Majin,76.53,500.0,500.0,nappa
PT-1928,50.0,99.2,748.0,Human,62.95,500.0,500.0,zarbon
PT-1929,87.0,240.1,529.0,Majin,85.9,,600.0,cooler
PT-1930,85.0,164.8,728.0,Namekian,91.1,800.0,700.0,nappa
PT-1931,36.0,98.2,249.0,Saiyan,55.02,500.0,500.0,  dodoria 
PT-1932,62.0,203.5,,   Human  ,75.31,700.0,500.0,captain ginyu
PT-1933,53.0,80.6,557.0, Human   ,81.92,700.0,500.0,   krillin
PT-1934,96.0,136.8,,Saiyan,78.2,800.0,700.0,yamcha
PT-1935,43.0,86.9,327.0,Human,76.44,500.0,500.0,frieza 
PT-1936,102.0,305.5,1006.0,Human,100.0,800.0,800.0,krillin
PT-1937,69.0,174.9,1686.0,Majin,75.82,700.0,600.0,cell
PT-1938,47.0,135.7,253.0,Human,66.06,500.0,500.0,beerus  
PT-1939,56.0,126.6,759.0,,80.66,600.0,500.0,majin buu  
PT-1940,54.0,94.6,,  Human   ,70.11,500.0,500.0,gohan (kid)
PT-1941,45.0,128.5,736.0,Namekian  ,49.17,600.0,500.0,zarbon
PT-1942,72.0,136.5,160.0,Human,78.01,700.0,600.0,android 16
PT-1943,45.0,148.8,360.0,Saiyan,71.76,600.0,400.0,android 16
PT-1944,26.0,46.3,224.0,,66.32,500.0,400.0,bardock
PT-1945,62.0,128.8,433.0,   Saiyan   ,67.75,600.0,600.0,dodoria
PT-1946,34.0,77.0,815.0,Saiyan,61.44,500.0,500.0,raditz
PT-1947,55.0,135.9,162.0,  Saiyan,79.82,400.0,600.0,  nappa
PT-1948,52.0,151.2,397.0,Majin,70.32,700.0,600.0,whis
PT-1949,-5.0,119.7,362.0,  Namekian  ,58.97,500.0,500.0,android 18  
PT-1950,110.0,375.1,1272.0, Saiyan ,100.0,900.0,800.0, turles
PT-1951,71.0,213.6,638.0,Majin,76.69,700.0,600.0,lord slug
PT-1952,75.0,255.8,243.0,   Majin,88.73,700.0,700.0,gohan (future)
PT-1953,34.0,85.1,371.0,Namekian,52.44,500.0,500.0, captain ginyu
PT-1954,57.0,170.7,1253.0,Frieza,71.83,500.0,500.0,
PT-1955,74.0,202.1,756.0,Majin,83.68,700.0,600.0,broly
PT-1956,50.0,141.3,284.0,Saiyan   ,69.3,500.0,500.0,gotenks
PT-1957,88.0,171.4,420.0,Saiyan,75.74,600.0,600.0,pan 
PT-1958,46.0,101.3,428.0,  Frieza   ,49.31,500.0,400.0,captain ginyu
PT-1959,64.0,90.0,357.0,Human,87.79,600.0,500.0,lord slug
PT-1960,58.0,67.1,177.0,Human,75.18,600.0,500.0,frieza
PT-1961,73.0,213.1,328.0,Frieza,88.53,700.0,500.0,hercule
PT-1962,57.0,100.1,,Namekian,80.23,700.0,500.0,majin buu
PT-1963,65.0,165.7,392.0,Majin,80.77,600.0,600.0,majin buu
PT-1964,65.0,170.3,463.0,Namekian,73.43,600.0,500.0,
PT-1965,55.0,98.5,536.0,Saiyan,75.92,600.0,500.0,hercule
PT-1966,,254.4,1865.0,Majin,93.46,600.0,600.0,broly
PT-1967,75.0,165.8,495.0,Frieza,80.66,700.0,600.0,android 18
PT-1968,68.0,211.3,950.0,Saiyan,92.41,700.0,600.0,dodoria
PT-1969,61.0,164.8,344.0,Saiyan,62.4,600.0,500.0,turles
PT-1970,86.0,182.3,422.0, Majin,71.54,700.0,,hercule
PT-1971,65.0,113.9,496.0,Human,83.9,600.0,500.0,dodoria
PT-1972,64.0,167.1,310.0,Saiyan,69.05,700.0,600.0,cooler
PT-1973,72.0,157.4,436.0,Saiyan   ,95.15,700.0,600.0,cell
PT-1974,104.0,219.8,840.0,Saiyan,100.0,900.0,700.0,cell
PT-1975,,166.6,305.0,Saiyan,79.9,500.0,500.0,gohan (kid)
PT-1976,85.0,158.7,,,91.08,600.0,700.0,gohan (kid)
PT-1977,32.0,90.0,754.0,Human,55.43,500.0,400.0,broly
PT-1978,74.0,145.7,300.0,Majin,66.33,700.0,600.0,pan
PT-1979,102.0,361.6,951.0,,100.0,900.0,700.0,vegeta
PT-1980,80.0,134.9,515.0,Saiyan   ,70.0,700.0,600.0,whis
PT-1981,73.0,154.1,446.0,,91.88,700.0,600.0,dodoria
PT-1982,59.0,116.4,148.0,Namekian,78.96,600.0,600.0,piccolo
PT-1983,71.0,132.5,394.0,Frieza,77.79,600.0,600.0,
PT-1984,65.0,199.8,616.0,Saiyan,79.54,600.0,600.0,krillin
PT-1985,54.0,108.2,1404.0,Frieza,75.32,600.0,500.0,yamcha
PT-1986,999.0,140.9,693.0,Saiyan,73.98,600.0,600.0,jaco
PT-1987,74.0,175.9,968.0,Saiyan,91.01,700.0,600.0,captain ginyu
PT-1988,55.0,141.6,239.0,,83.13,700.0,600.0,raditz
PT-1989,54.0,76.9,,Saiyan,72.85,600.0,500.0,dodoria
PT-1990,,80.8,1025.0,Frieza,62.4,,600.0,cooler
PT-1991,78.0,150.9,289.0,Saiyan,91.65,800.0,600.0,android 18
PT-1992,81.0,204.5,879.0,Majin,66.22,700.0,600.0,
PT-1993,75.0,133.9,765.0,Saiyan,83.55,800.0,600.0,vegeta
PT-1994,89.0,314.3,581.0,Saiyan,91.52,700.0,700.0,frieza
PT-1995,72.0,169.4,405.0,Saiyan,72.17,800.0,600.0,android 18
PT-1996,-5.0,189.2,,Frieza,88.99,800.0,600.0,whis
PT-1997,76.0,163.1,1430.0,Human,80.19,600.0,600.0,vegeta
PT-1998,68.0,115.6,720.0,Human,72.83,700.0,600.0,broly
PT-1999,59.0,148.1,604.0,Saiyan,81.31,600.0,500.0,bojack
PT-2000,114.0,226.4,385.0,Saiyan,86.91,800.0,700.0,nappa
PT-2001,61.0,104.1,,Saiyan,81.35,600.0,600.0,krillin
PT-2002,57.0,163.2,544.0,Majin,56.94,500.0,500.0,cooler
PT-2003,79.0,190.3,,Saiyan,83.89,700.0,600.0,beerus  
PT-2004,75.0,235.6,766.0,Saiyan,80.35,600.0,600.0,krillin
PT-2005,42.0,95.2,308.0,Human,62.48,,500.0,piccolo
PT-2006,92.0,216.9,204.0,Human,89.92,800.0,600.0,android 16
PT-2007,68.0,138.7,518.0,Saiyan,76.56,700.0,500.0,gohan (adult) and videl
PT-2008,48.0,94.6,173.0,Saiyan,77.64,500.0,500.0,tien 
PT-2009,94.0,267.7,,Saiyan,92.08,800.0,600.0,nappa
PT-2010,83.0,158.6,363.0,,86.82,600.0,500.0,raditz 
PT-2011,45.0,128.7,,Saiyan,70.33,500.0,500.0,gohan (future)
PT-2012,106.0,258.9,,Majin,88.62,800.0,700.0,
PT-2013,83.0,131.7,153.0,  Saiyan   ,80.79,800.0,700.0,dodoria
PT-2014,70.0,243.6,,Frieza,79.99,700.0,600.0,turles
PT-2015,102.0,248.6,428.0, Frieza,89.41,800.0,700.0,frieza
PT-2016,73.0,227.0,607.0,Saiyan,88.09,700.0,600.0, whis
PT-2017,69.0,158.8,,Human,78.35,600.0,500.0,raditz
PT-2018,,170.7,896.0,Saiyan,75.81,700.0,500.0,krillin
PT-2019,82.0,179.6,505.0,Namekian,71.58,,600.0,zarbon
PT-2020,80.0,186.6,475.0,Human,89.55,700.0,600.0,piccolo
PT-2021,70.0,205.0,154.0,Human,73.35,600.0,600.0,gotenks
PT-2022,54.0,137.3,515.0,Saiyan,63.26,600.0,500.0,captain ginyu
PT-2023,73.0,141.3,819.0,Saiyan,92.37,600.0,500.0,gohan (kid)
PT-2024,69.0,265.4,428.0,Human,83.18,,500.0,hercule
PT-2025,250.0,111.9,997.0,Human,75.02,600.0,500.0,captain ginyu
PT-2026,41.0,122.8,972.0,Namekian,70.04,600.0,400.0,captain ginyu
PT-2027,81.0,219.8,335.0,  Namekian ,81.65,700.0,600.0,piccolo
PT-2028,18.0,31.8,1283.0,Human,54.96,400.0,400.0,zamasu
PT-2029,74.0,236.5,506.0,Human,85.83,800.0,700.0,android 16
PT-2030,60.0,162.6,508.0,Frieza,83.06,600.0,600.0,turles
PT-2031,96.0,210.7,523.0,Majin,87.85,800.0,600.0,majin buu
PT-2032,60.0,89.8,,Namekian,90.58,600.0,500.0,captain ginyu
PT-2033,83.0,193.6,102.0,Frieza,81.62,700.0,600.0,krillin
PT-2034,62.0,172.2,441.0,Saiyan,63.65,600.0,600.0,android 16
PT-2035,72.0,203.7,217.0,Majin,65.03,600.0,500.0,tien
PT-2036,85.0,139.1,1307.0,Human,70.5,700.0,600.0,   goku 
PT-2037,61.0,148.1,1276.0,Saiyan,71.09,600.0,500.0,raditz
PT-2038,90.0,212.8,822.0,Human,84.14,900.0,600.0,   vegeta 
PT-2039,50.0,155.9,427.0,Saiyan,75.46,600.0,500.0,frieza
PT-2040,76.0,149.5,269.0,   Human   ,80.17,700.0,600.0,captain ginyu
PT-2041,88.0,227.4,332.0,Saiyan ,91.95,800.0,600.0,android 16
PT-2042,,273.4,1581.0,Majin,83.56,800.0,700.0,hercule
PT-2043,108.0,365.3,325.0,Human,93.31,800.0,800.0, majin buu
PT-2044,55.0,102.3,120.0, Human,67.38,600.0,400.0,whis
PT-2045,42.0,136.8,,Saiyan   ,78.18,400.0,500.0,dodoria
PT-2046,50.0,145.0,1212.0,Human,57.75,600.0,400.0,captain ginyu
PT-2047,83.0,275.5,1333.0,Saiyan,85.61,800.0,700.0,
PT-2048,80.0,126.6,919.0,Saiyan ,80.55,700.0,700.0,gohan (kid)
PT-2049,72.0,206.8,1013.0,Saiyan,85.05,700.0,600.0,raditz
PT-2050,48.0,122.6,509.0,Namekian,69.03,500.0,400.0,krillin
PT-2051,85.0,191.1,142.0,Saiyan ,84.07,700.0,600.0,lord slug
PT-2052,46.0,116.0,501.0,Human,66.27,500.0,500.0,cell
PT-2053,93.0,226.6,715.0,Namekian,98.35,800.0,700.0,gohan (kid)
PT-2054,127.0,334.1,454.0,Saiyan,100.0,900.0,900.0,yamcha
PT-2055,77.0,122.1,442.0,   Namekian  ,96.56,700.0,700.0,krillin  
PT-2056,82.0,182.3,276.0,Saiyan,84.98,700.0,700.0,dodoria
PT-2057,60.0,121.0,270.0,  Saiyan   ,74.17,600.0,500.0, piccolo 
PT-2058,34.0,115.5,1485.0,Saiyan,62.44,500.0,400.0,hercule  
PT-2059,58.0,199.2,1517.0,Human,77.71,600.0,500.0,jaco
PT-2060,48.0,99.7,492.0,Frieza,64.49,500.0,500.0,hercule
PT-2061,41.0,74.5,583.0,Human,67.57,600.0,400.0,turles
PT-2062,104.0,196.1,274.0,Human   ,91.67,800.0,700.0,bojack
PT-2063,999.0,186.3,725.0,Saiyan,82.6,700.0,600.0,lord slug
PT-2064,78.0,243.8,1416.0,Frieza,84.0,800.0,600.0,frieza
PT-2065,64.0,199.9,197.0,Human,78.82,600.0,600.0,gohan (adult) and videl
PT-2066,67.0,86.8,651.0,Saiyan   ,77.56,700.0,500.0,
PT-2067,999.0,131.8,681.0,   Frieza  ,98.15,700.0,700.0,zarbon
PT-2068,69.0,127.3,676.0,Saiyan,80.98,800.0,500.0,krillin
PT-2069,81.0,288.6,1320.0,Saiyan,100.0,800.0,600.0,android 18
PT-2070,66.0,161.2,1672.0,Saiyan,76.8,600.0,600.0,beerus
PT-2071,63.0,171.8,428.0,Saiyan,82.87,600.0,600.0,cell
PT-2072,42.0,93.5,738.0,Majin,60.99,500.0,400.0,vegeta
PT-2073,30.0,105.8,518.0,Human ,73.21,400.0,400.0,android 18
PT-2074,65.0,159.1,337.0,Frieza,70.37,600.0,600.0,gohan (adult) and videl
PT-2075,71.0,243.3,580.0,Saiyan,82.05,700.0,600.0,majin buu
PT-2076,44.0,138.1,737.0,,65.48,400.0,400.0,dodoria
PT-2077,69.0,173.1,561.0,Majin,81.22,700.0,600.0,nappa
PT-2078,71.0,205.5,290.0,Human ,76.52,700.0,500.0,vegeta 
PT-2079,,56.9,373.0,Human,54.49,500.0,400.0,whis
PT-2080,52.0,134.6,375.0,Human,68.63,600.0,500.0,
PT-2081,78.0,127.9,297.0,Human  ,93.53,700.0,600.0,turles
PT-2082,,165.7,595.0,Namekian,84.94,,600.0,piccolo
PT-2083,47.0,97.0,633.0,Saiyan,58.49,600.0,500.0,bardock
PT-2084,73.0,93.2,887.0,,87.96,700.0,600.0,zarbon
PT-2085,90.0,137.9,295.0,  Human,78.87,800.0,600.0,lord slug
PT-2086,86.0,166.5,348.0,Saiyan,90.35,700.0,700.0,lord slug
PT-2087,68.0,169.4,1252.0,Saiyan,81.63,700.0,700.0,hercule
PT-2088,61.0,164.4,446.0,Frieza,79.33,500.0,600.0,hercule
PT-2089,57.0,128.7,,Saiyan,87.63,700.0,500.0,krillin
PT-2090,79.0,292.3,444.0,  Saiyan   ,74.97,700.0,600.0,gohan (kid)
PT-2091,74.0,273.4,,Human,84.49,,600.0,raditz
PT-2092,300.0,133.8,995.0,Saiyan,93.28,700.0,700.0,cell
PT-2093,0.0,192.6,,Saiyan,74.05,600.0,500.0,cell
PT-2094,86.0,218.6,501.0, Saiyan,78.43,700.0,600.0,   gohan (kid)
PT-2095,72.0,224.8,292.0,Saiyan,76.5,700.0,700.0,hercule
PT-2096,86.0,184.6,1564.0,Saiyan,87.0,,700.0,gohan (kid)
PT-2097,87.0,246.4,824.0,Namekian  ,73.52,700.0,600.0,nappa
PT-2098,54.0,103.6,375.0,Saiyan,76.01,500.0,600.0,vegeta
PT-2099,34.0,87.7,1158.0,Saiyan,52.33,400.0,500.0,majin buu
PT-2100,101.0,309.9,357.0,Human,100.0,800.0,,krillin
PT-2101,75.0,209.6,1149.0,Saiyan,84.11,600.0,700.0,beerus
PT-2102,36.0,116.3,1196.0,  Saiyan   ,79.71,400.0,400.0,cell
PT-2103,56.0,97.2,283.0,Saiyan,77.75,600.0,600.0,cooler
PT-2104,85.0,161.7,699.0,Saiyan,81.56,700.0,600.0, raditz
PT-2105,64.0,110.3,788.0,Saiyan,69.21,700.0,500.0,hercule
PT-2106,60.0,116.1,,Saiyan,75.91,600.0,700.0,broly
PT-2107,98.0,160.5,316.0,Namekian,88.96,900.0,600.0,
PT-2108,49.0,98.5,1164.0,Frieza,79.09,600.0,500.0,gohan (kid)
PT-2109,54.0,136.1,498.0,Namekian,64.17,600.0,500.0,vegeta
PT-2110,74.0,187.6,234.0,Saiyan,95.77,800.0,600.0,zarbon  
PT-2111,78.0,181.2,459.0,Majin,91.4,600.0,600.0,gohan (kid)
PT-2112,80.0,145.1,493.0,Human,80.37,700.0,600.0,cell
PT-2113,88.0,243.5,261.0, Saiyan  ,99.58,700.0,700.0,nappa
PT-2114,74.0,120.9,594.0,Frieza  ,73.33,700.0,600.0,gohan (adult) and videl
PT-2115,80.0,269.9,-3.0,Majin,83.64,700.0,600.0,dodoria
PT-2116,,69.4,568.0,Saiyan,65.79,700.0,600.0,android 18
PT-2117,71.0,174.0,356.0,Frieza,93.17,700.0,500.0,jaco
PT-2118,72.0,242.3,451.0,Saiyan,65.62,700.0,700.0,zarbon
PT-2119,74.0,152.3,491.0,Human,68.08,700.0,600.0,piccolo
PT-2120,85.0,216.3,561.0,Saiyan,78.92,800.0,700.0,frieza
PT-2121,81.0,248.4,959.0,  Saiyan,92.98,700.0,600.0,   captain ginyu   
PT-2122,71.0,138.9,580.0,Frieza,86.04,700.0,,hercule
PT-2123,54.0,159.5,212.0,Human,72.58,500.0,600.0,turles
PT-2124,71.0,244.7,352.0,Saiyan,86.55,600.0,600.0,lord slug
PT-2125,69.0,241.2,544.0,Majin,76.68,700.0,600.0,gohan (future)  
PT-2126,74.0,184.9,,Namekian,82.98,600.0,500.0,gohan (kid)
PT-2127,114.0,244.8,1074.0,  Frieza   ,100.0,900.0,800.0,raditz
PT-2128,60.0,182.1,1429.0,Frieza,72.03,600.0,600.0,gohan (kid)
PT-2129,250.0,192.2,533.0,Frieza,75.07,700.0,600.0,android 16
PT-2130,91.0,202.3,,Human,90.16,700.0,700.0, raditz  
PT-2131,72.0,155.6,206.0,  Saiyan,84.72,700.0,600.0,tien
PT-2132,117.0,236.0,638.0,Frieza,97.68,900.0,700.0,bardock
PT-2133,62.0,143.8,258.0,Saiyan   ,82.83,600.0,600.0,gohan (kid)
PT-2134,76.0,125.6,475.0,Saiyan,78.79,700.0,600.0,raditz
PT-2135,54.0,102.3,3035.0,Saiyan,72.62,600.0,500.0,nappa
PT-2136,63.0,109.2,591.0,Saiyan,78.2,700.0,500.0,yamcha   
PT-2137,75.0,256.9,293.0,Human,82.3,700.0,600.0,krillin
PT-2138,87.0,133.7,629.0,Frieza,97.71,700.0,700.0,gohan (kid)
PT-2139,76.0,131.5,361.0,Human,83.36,600.0,600.0,nappa
PT-2140,95.0,211.9,277.0,Human,85.57,800.0,700.0,gohan (adult) and videl
PT-2141,68.0,144.8,1740.0,  Saiyan  ,81.42,600.0,500.0,zarbon
PT-2142,63.0,236.5,,Majin  ,83.27,600.0,600.0,lord slug
PT-2143,,436.4,606.0,Saiyan,100.0,1000.0,800.0,lord slug
PT-2144,78.0,190.8,390.0,Saiyan,86.95,700.0,600.0,hercule
PT-2145,56.0,113.5,409.0,Human,60.42,600.0,600.0,whis
PT-2146,56.0,129.0,1243.0,Human,52.46,,600.0,captain ginyu
PT-2147,51.0,112.5,592.0,Saiyan,80.6,500.0,600.0,tien
PT-2148,89.0,172.6,78.0,Saiyan,89.11,800.0,800.0,krillin 
PT-2149,63.0,109.1,2106.0,Saiyan,75.03,600.0,600.0,piccolo
PT-2150,73.0,145.6,-129.0,Human,84.75,700.0,600.0,gotenks
PT-2151,69.0,190.2,605.0,,93.02,700.0,500.0,frieza
PT-2152,85.0,181.5,946.0,Saiyan,95.31,900.0,600.0,yamcha
PT-2153,53.0,79.4,,  Namekian   ,78.9,500.0,400.0,yamcha
PT-2154,48.0,103.3,,Majin,62.11,600.0,500.0,beerus
PT-2155,74.0,194.8,382.0,Saiyan,73.55,600.0,500.0,captain ginyu
PT-2156,82.0,127.6,236.0, Human   ,63.71,800.0,700.0,piccolo
PT-2157,77.0,113.2,583.0,Saiyan,85.87,700.0,600.0,beerus
PT-2158,54.0,100.9,1163.0,Saiyan,80.47,500.0,500.0,lord slug
PT-2159,84.0,181.2,334.0,Majin,93.12,700.0,600.0,dodoria
PT-2160,55.0,179.7,318.0,,77.4,,600.0,  dodoria
PT-2161,60.0,206.7,1025.0,Saiyan,72.77,700.0,600.0,android 16
PT-2162,51.0,111.9,375.0,Namekian,65.89,500.0,500.0,nappa
PT-2163,96.0,240.0,385.0,Majin,81.8,800.0,600.0,
PT-2164,83.0,303.2,394.0,Frieza,81.89,800.0,,
PT-2165,82.0,236.2,474.0,Namekian,74.98,700.0,600.0,android 18
PT-2166,95.0,179.0,192.0,Saiyan,100.0,800.0,600.0,cell
PT-2167,126.0,196.7,357.0,Human  ,89.98,1000.0,800.0,zamasu   
PT-2168,36.0,75.9,566.0, Saiyan ,62.82,400.0,500.0,  krillin  
PT-2169,55.0,141.4,563.0,Human,56.51,500.0,500.0,krillin
PT-2170,58.0,95.1,,Saiyan,75.57,600.0,600.0,hercule
PT-2171,53.0,110.3,1486.0,Saiyan,71.18,600.0,500.0,piccolo
PT-2172,,128.0,1221.0,Saiyan,66.35,600.0,500.0,cell
PT-2173,64.0,148.2,853.0,,68.14,700.0,600.0,
PT-2174,46.0,109.0,451.0, Saiyan,68.42,500.0,500.0,nappa
PT-2175,77.0,197.9,339.0,Human,76.44,700.0,600.0,raditz
PT-2176,71.0,198.9,498.0,   Namekian  ,77.31,700.0,500.0,hercule
PT-2177,80.0,151.5,700.0,   Majin,97.66,700.0,700.0,piccolo
PT-2178,80.0,110.6,807.0,Saiyan,83.38,800.0,600.0,
PT-2179,82.0,268.5,716.0,Saiyan,87.06,800.0,600.0,   zarbon 
PT-2180,63.0,170.3,458.0,Frieza,71.48,600.0,600.0,yamcha
PT-2181,112.0,145.5,790.0,Human,88.52,800.0,700.0,   android 18 
PT-2182,75.0,138.8,1050.0,Saiyan,79.82,700.0,600.0,bojack
PT-2183,33.0,100.9,836.0,Frieza,83.23,,500.0,  majin buu
PT-2184,50.0,161.2,483.0,Saiyan ,67.7,500.0,500.0,cooler
PT-2185,35.0,106.1,299.0,Saiyan,66.89,400.0,400.0,vegeta
PT-2186,,176.8,295.0,Saiyan,71.37,700.0,600.0,hit
PT-2187,68.0,170.4,327.0,Saiyan,55.16,600.0,600.0,   broly
PT-2188,61.0,136.5,575.0,Saiyan,68.08,500.0,600.0,gohan (adult) and videl
PT-2189,110.0,215.8,673.0,   Human ,100.0,800.0,700.0,raditz
PT-2190,,210.3,211.0,Saiyan ,87.16,700.0,600.0,yamcha
PT-2191,85.0,206.7,364.0,  Human,97.13,700.0,700.0,piccolo
PT-2192,51.0,103.6,570.0,Majin,67.62,600.0,400.0,raditz
PT-2193,50.0,167.4,287.0,Namekian,51.15,600.0,500.0,tien
PT-2194,71.0,172.7,639.0,Saiyan,69.53,600.0,600.0,broly
PT-2195,73.0,108.8,410.0,Majin,82.38,,700.0,piccolo
PT-2196,33.0,59.2,319.0,Saiyan,65.1,500.0,500.0,raditz
PT-2197,66.0,234.2,509.0,   Human,76.32,700.0,500.0,broly
PT-2198,70.0,210.5,624.0,   Saiyan   ,73.76,600.0,600.0,goku  
PT-2199,66.0,182.5,,Majin,83.92,600.0,500.0,raditz
PT-2200,54.0,204.1,426.0,   Saiyan   ,67.59,600.0,500.0,gohan (kid)
PT-2201,59.0,204.7,652.0,  Human  ,76.06,700.0,600.0,gohan (adult) and videl
PT-2202,66.0,197.6,312.0,Saiyan,77.96,600.0,500.0,gohan (future)
PT-2203,72.0,219.6,182.0,Saiyan,75.85,700.0,600.0,android 16
PT-2204,82.0,182.5,196.0,,75.75,600.0,700.0,zarbon
PT-2205,92.0,257.8,,Saiyan,83.38,700.0,700.0,android 16
PT-2206,64.0,155.5,223.0,Majin ,90.59,600.0,,hercule
PT-2207,61.0,189.0,400.0,Human,83.3,600.0,500.0,yamcha
PT-2208,79.0,156.3,1338.0,Human,89.76,600.0,600.0, zarbon   
PT-2209,82.0,227.2,,Majin,76.51,600.0,700.0,turles
PT-2210,61.0,218.5,416.0,Majin,62.9,500.0,600.0,
PT-2211,86.0,187.9,,Frieza,93.17,800.0,700.0,yamcha
PT-2212,90.0,335.2,629.0,Saiyan,93.24,800.0,700.0,majin buu
PT-2213,96.0,225.2,395.0,Human,89.5,800.0,700.0,android 16
PT-2214,106.0,217.2,448.0,Majin,89.44,800.0,800.0,raditz
PT-2215,53.0,98.6,638.0,Saiyan,59.49,600.0,600.0,nappa
PT-2216,70.0,229.6,1363.0,,84.94,700.0,700.0,gohan (kid)
PT-2217,70.0,163.4,358.0,Saiyan,87.49,700.0,600.0,bojack
PT-2218,68.0,141.9,313.0,Human  ,71.77,600.0,700.0,piccolo
PT-2219,57.0,154.3,215.0, Saiyan   ,66.7,600.0,600.0,gotenks
PT-2220,40.0,82.9,,Human,75.93,500.0,500.0,captain ginyu
PT-2221,72.0,179.2,212.0,Human,73.67,700.0,500.0,broly
PT-2222,55.0,186.9,373.0,Human,86.23,600.0,500.0,bardock
PT-2223,72.0,210.1,286.0,Saiyan,77.93,600.0,700.0,goku
PT-2224,54.0,160.7,939.0,Majin,68.51,600.0,500.0,turles
PT-2225,,117.0,363.0,Human,69.56,500.0,500.0,zarbon
PT-2226,75.0,277.7,625.0,Saiyan ,76.91,700.0,600.0,gohan (kid)
PT-2227,73.0,150.0,188.0,Saiyan,88.21,,600.0,  nappa
PT-2228,82.0,150.7,533.0,Saiyan,89.89,700.0,600.0,android 16
PT-2229,114.0,189.2,239.0,Frieza,100.0,1000.0,700.0,  nappa   
PT-2230,76.0,172.1,382.0,Saiyan,81.88,700.0,600.0, zarbon
PT-2231,80.0,218.7,1857.0,Saiyan,78.35,800.0,600.0,tien
PT-2232,48.0,138.7,862.0,Saiyan,69.13,600.0,400.0,majin buu
PT-2233,44.0,86.9,,Saiyan,64.19,500.0,600.0,tien
PT-2234,102.0,179.3,3359.0,,100.0,800.0,800.0,nappa
PT-2235,52.0,126.4,285.0,Majin,78.82,700.0,600.0,cooler
PT-2236,49.0,182.0,991.0, Human,68.87,600.0,500.0,captain ginyu
PT-2237,69.0,176.9,196.0,   Namekian,70.19,600.0,600.0,beerus
PT-2238,68.0,143.2,426.0,Saiyan,89.53,600.0,600.0,android 16
PT-2239,52.0,106.8,219.0,  Human   ,71.89,600.0,500.0,hercule
PT-2240,64.0,133.4,575.0,Majin,74.56,600.0,600.0,gohan (kid)
PT-2241,95.0,169.7,510.0,  Human,100.0,800.0,700.0,yamcha
PT-2242,54.0,112.3,410.0,   Namekian,67.52,700.0,500.0,majin buu
PT-2243,42.0,106.3,949.0,Saiyan,64.25,500.0,500.0,  yamcha
PT-2244,89.0,184.1,351.0,Human ,83.75,800.0,,gotenks
PT-2245,80.0,178.5,600.0,Human,71.47,700.0,600.0,jaco
PT-2246,58.0,90.1,806.0,Saiyan,75.73,600.0,500.0, gohan (kid)  
PT-2247,38.0,134.0,202.0,Majin,59.1,500.0,500.0,majin buu
PT-2248,55.0,108.7,314.0,Saiyan,67.43,500.0,500.0,  zarbon 
PT-2249,69.0,138.6,509.0,Saiyan,71.96,500.0,600.0,gohan (kid)
PT-2250,93.0,153.2,719.0,Majin,82.5,800.0,,zarbon
PT-2251,49.0,132.7,1156.0,Majin,62.89,500.0,500.0,android 18
PT-2252,68.0,247.0,433.0, Namekian,79.18,600.0,500.0,hit
PT-2253,999.0,136.4,408.0,Namekian,82.36,600.0,700.0,gohan (kid)
PT-2254,22.0,15.2,292.0,Saiyan,59.18,500.0,400.0, cell
PT-2255,,169.4,,Human,100.0,800.0,700.0,nappa
PT-2256,46.0,132.6,412.0,Frieza,67.16,,500.0,raditz
PT-2257,,255.5,418.0,Saiyan,85.64,800.0,600.0,android 18
PT-2258,,160.0,466.0, Human ,85.75,700.0,600.0, majin buu 
PT-2259,,227.6,686.0,Frieza  ,86.3,800.0,600.0,lord slug
PT-2260,81.0,229.5,351.0,Saiyan,84.59,600.0,700.0,jaco
PT-2261,22.0,75.6,310.0,Frieza,58.97,300.0,400.0,tien
PT-2262,54.0,110.7,638.0,Human,73.22,,400.0,frieza
PT-2263,0.0,142.0,80.0,   Namekian,74.51,700.0,600.0,gohan (kid)
PT-2264,66.0,171.8,343.0,Human,72.45,700.0,700.0,gohan (adult) and videl
PT-2265,80.0,252.5,247.0,   Human,82.14,600.0,600.0,tien
PT-2266,86.0,240.2,1014.0,Majin,68.62,800.0,600.0,piccolo
PT-2267,82.0,248.8,378.0,Saiyan,94.77,800.0,600.0,  hercule
PT-2268,66.0,199.0,352.0,,93.69,700.0,600.0,nappa
PT-2269,33.0,70.2,479.0,Frieza,64.56,400.0,500.0,cell
PT-2270,61.0,113.5,345.0,,79.72,600.0,500.0,nenhum
PT-2271,78.0,108.1,387.0,Frieza,89.85,700.0,600.0,dodoria
PT-2272,48.0,156.2,522.0,Human,58.6,500.0,600.0,captain ginyu
PT-2273,83.0,226.7,383.0,,90.63,700.0,600.0,bardock
PT-2274,88.0,158.9,381.0,Human,81.79,700.0,700.0,majin buu
PT-2275,73.0,127.1,269.0, Human ,97.53,700.0,600.0,piccolo
PT-2276,9.0,14.2,247.0,,52.09,300.0,300.0,gohan (adult) and videl
PT-2277,44.0,151.1,511.0,Saiyan,74.87,500.0,600.0,captain ginyu
PT-2278,108.0,300.6,592.0, Saiyan,91.77,800.0,700.0,hercule
PT-2279,59.0,95.7,209.0,Human,91.17,700.0,500.0,cooler
PT-2280,30.0,100.9,777.0,Saiyan,57.9,400.0,400.0,raditz
PT-2281,0.0,271.9,779.0,Saiyan,97.32,800.0,700.0,gohan (adult) and videl
PT-2282,70.0,216.1,884.0,  Saiyan,83.01,600.0,500.0,krillin
PT-2283,92.0,257.8,590.0, Majin,90.03,800.0,700.0,broly
PT-2284,76.0,249.2,722.0,Frieza,82.23,700.0,600.0,gohan (adult) and videl
PT-2285,79.0,274.0,1828.0,Human,76.26,700.0,600.0,gohan (future)
PT-2286,77.0,192.2,411.0,Frieza,60.11,700.0,600.0,krillin
PT-2287,84.0,176.7,263.0,Namekian,92.2,,700.0,zarbon
PT-2288,116.0,264.5,196.0,Saiyan,92.49,700.0,800.0,piccolo 
PT-2289,89.0,262.8,1413.0, Saiyan,94.96,700.0,600.0,vegeta
PT-2290,38.0,89.5,1424.0,Saiyan,68.01,500.0,500.0,nappa
PT-2291,79.0,143.3,283.0,Saiyan,91.2,700.0,600.0,cooler
PT-2292,93.0,173.8,318.0,Human,93.62,900.0,700.0,zarbon
PT-2293,94.0,291.4,406.0,Saiyan,67.88,800.0,700.0,gohan (future)
PT-2294,61.0,190.1,1027.0,Frieza,79.32,700.0,500.0,gohan (kid)
PT-2295,93.0,303.0,1950.0,,84.45,900.0,700.0,zarbon
PT-2296,89.0,236.3,151.0,   Saiyan ,94.92,800.0,600.0,cell
PT-2297,121.0,384.8,1809.0,Frieza,100.0,900.0,800.0,gohan (kid)
PT-2298,55.0,167.3,,Frieza,76.82,500.0,500.0,lord slug
PT-2299,,136.5,647.0,Majin,71.82,600.0,700.0,cell
PT-2300,64.0,94.3,436.0,Majin,68.3,700.0,500.0,cell
PT-2301,60.0,199.6,652.0,Frieza,70.54,600.0,500.0,android 16
PT-2302,52.0,82.7,199.0,Human,56.4,600.0,500.0,gohan (adult) and videl
PT-2303,15.0,47.2,298.0,Namekian,51.28,500.0,300.0,bojack
PT-2304,61.0,169.4,525.0,Saiyan,62.69,600.0,500.0,krillin
PT-2305,77.0,224.2,126.0,Human,69.3,,600.0,captain ginyu
PT-2306,60.0,121.9,411.0,Human,74.93,600.0,600.0,gohan (adult) and videl
PT-2307,109.0,318.4,396.0,Saiyan,97.87,900.0,800.0,krillin
PT-2308,70.0,130.9,411.0,Saiyan,77.75,600.0,600.0,frieza
PT-2309,96.0,296.8,354.0,Saiyan,84.41,900.0,700.0,android 16   
PT-2310,75.0,148.8,271.0,Saiyan,72.42,700.0,600.0,piccolo
PT-2311,87.0,257.9,165.0,Saiyan,82.26,800.0,600.0,vegeta
PT-2312,76.0,236.1,537.0, Saiyan,73.82,700.0,500.0,hercule
PT-2313,97.0,164.5,412.0,Majin,88.3,800.0,800.0,
PT-2314,71.0,125.3,216.0,Human,66.23,700.0,700.0,yamcha
PT-2315,80.0,250.6,512.0,Human,87.61,600.0,500.0,gohan (adult) and videl
PT-2316,77.0,150.8,413.0,Saiyan,76.26,700.0,600.0,gohan (adult) and videl
PT-2317,64.0,122.7,374.0,Namekian,78.61,600.0,600.0,
PT-2318,78.0,181.9,135.0,Saiyan,88.3,700.0,600.0,zarbon
PT-2319,115.0,389.8,742.0,Saiyan,98.62,800.0,700.0,
PT-2320,65.0,153.5,235.0,Human,82.39,700.0,600.0,gohan (adult) and videl
PT-2321,78.0,197.1,512.0,Frieza,64.67,700.0,600.0,raditz
PT-2322,95.0,331.2,303.0,Frieza,84.06,800.0,700.0,whis
PT-2323,93.0,215.7,390.0,Majin  ,96.02,700.0,600.0,
PT-2324,70.0,163.2,984.0,Majin,82.07,600.0,500.0, tien   
PT-2325,22.0,43.2,678.0,Human,73.59,300.0,400.0,android 18
PT-2326,80.0,189.6,971.0,Human,95.64,700.0,600.0,whis
PT-2327,26.0,52.9,601.0,Saiyan,62.8,500.0,500.0,broly
PT-2328,99.0,287.0,,Saiyan,87.58,800.0,600.0,android 18
PT-2329,300.0,124.1,169.0,Frieza,71.53,700.0,600.0,piccolo
PT-2330,90.0,246.6,407.0,Frieza,82.19,800.0,600.0,android 16
PT-2331,52.0,101.8,431.0,Saiyan,67.53,600.0,500.0,android 16
PT-2332,39.0,92.6,1027.0,Saiyan,60.85,500.0,500.0,cooler
PT-2333,75.0,111.2,364.0,Saiyan,72.65,700.0,600.0,   raditz  
PT-2334,69.0,183.6,578.0,Human,80.81,700.0,600.0,beerus
PT-2335,60.0,176.8,564.0,  Saiyan ,87.57,600.0,600.0,captain ginyu
PT-2336,72.0,161.0,987.0,Human,86.27,700.0,600.0,   gohan (kid)
PT-2337,125.0,228.9,455.0,   Saiyan,97.42,900.0,900.0,raditz
PT-2338,87.0,173.8,810.0,Saiyan,92.91,600.0,700.0,gohan (kid)
PT-2339,91.0,305.5,177.0,Saiyan,89.17,800.0,600.0,dodoria
PT-2340,87.0,159.4,187.0,Majin,84.47,700.0,600.0,raditz
PT-2341,100.0,299.8,125.0,   Saiyan ,89.18,800.0,700.0,captain ginyu
PT-2342,66.0,152.7,790.0,Human,74.8,600.0,600.0,piccolo
PT-2343,29.0,61.7,738.0,Human ,66.81,400.0,400.0,gohan (kid)
PT-2344,,201.9,844.0,Majin,77.52,600.0,500.0,   yamcha
PT-2345,86.0,250.9,328.0,Saiyan,78.57,800.0,500.0,nappa
PT-2346,51.0,88.9,, Majin  ,64.19,500.0,500.0,vegeta
PT-2347,66.0,242.7,458.0,Saiyan,78.85,600.0,600.0,vegeta
PT-2348,56.0,95.9,1172.0,Human,75.83,600.0,500.0,  lord slug   
PT-2349,100.0,205.8,1361.0,Human,87.49,800.0,700.0,dodoria
PT-2350,85.0,188.2,793.0,Frieza,74.94,800.0,700.0,cell
PT-2351,83.0,216.4,601.0,Frieza,93.21,700.0,600.0,krillin
PT-2352,82.0,257.9,1098.0,Majin,91.11,700.0,600.0,zarbon   
PT-2353,69.0,110.4,423.0,Frieza ,61.7,800.0,600.0,tien
PT-2354,74.0,245.8,390.0,Saiyan,90.32,700.0,600.0,dodoria
PT-2355,46.0,122.8,456.0,Human,66.73,500.0,500.0,android 18
PT-2356,26.0,85.7,,Saiyan,61.92,300.0,500.0,hercule
PT-2357,73.0,239.7,444.0, Saiyan,88.31,600.0,600.0,frieza
PT-2358,76.0,267.6,252.0,Human,93.62,700.0,600.0,vegeta
PT-2359,94.0,238.9,911.0,Majin,95.62,800.0,700.0,   raditz
PT-2360,101.0,235.1,,Majin,92.33,800.0,800.0,goku
PT-2361,101.0,231.2,1162.0,Namekian,79.39,800.0,700.0,piccolo
PT-2362,50.0,147.8,185.0,Human,53.79,500.0,500.0,krillin
PT-2363,63.0,145.4,1542.0,   Frieza,82.23,700.0,500.0,yamcha
PT-2364,80.0,260.6,192.0,Namekian,92.74,600.0,600.0,zamasu
PT-2365,121.0,197.5,240.0,Namekian,91.88,900.0,800.0,beerus
PT-2366,100.0,318.7,340.0,Saiyan,87.84,800.0,700.0,nappa
PT-2367,92.0,184.7,1080.0,Human,82.34,800.0,600.0,krillin
PT-2368,62.0,196.9,564.0,Majin,70.13,600.0,500.0,majin buu
PT-2369,52.0,93.1,426.0,Frieza,79.4,,600.0,gohan (kid)
PT-2370,86.0,147.2,306.0,Saiyan ,86.15,700.0,700.0,krillin
PT-2371,48.0,142.2,216.0,Saiyan,67.37,600.0,500.0,dodoria
PT-2372,65.0,197.3,972.0,Saiyan   ,97.26,700.0,600.0,zarbon
PT-2373,68.0,219.2,796.0,Saiyan,65.72,600.0,500.0,nappa
PT-2374,102.0,340.0,1109.0,,95.18,900.0,700.0,android 16
PT-2375,63.0,137.1,625.0,Saiyan,66.81,700.0,600.0,lord slug
PT-2376,21.0,70.9,101.0,Saiyan,57.14,500.0,400.0,frieza
PT-2377,80.0,155.4,234.0,Majin,83.19,700.0,700.0, krillin  
PT-2378,56.0,152.0,651.0,Saiyan,79.16,600.0,600.0,krillin
PT-2379,71.0,148.6,395.0, Saiyan,76.31,600.0,600.0,broly   
PT-2380,68.0,112.2,352.0,Human,74.26,600.0,600.0,piccolo
PT-2381,65.0,164.6,254.0,Human,73.77,600.0,600.0,vegeta
PT-2382,86.0,257.7,,Frieza,75.76,700.0,600.0,tien
PT-2383,39.0,52.7,648.0,Majin,70.66,500.0,500.0, raditz   
PT-2384,60.0,203.6,666.0,  Frieza,76.25,600.0,600.0,dodoria
PT-2385,84.0,229.0,337.0,Saiyan,87.08,600.0,700.0,raditz  
PT-2386,58.0,95.6,548.0,Majin,72.64,600.0,600.0,android 16
PT-2387,38.0,97.0,221.0,Human,63.66,600.0,400.0,vegeta
PT-2388,83.0,163.2,456.0,Majin,92.6,800.0,600.0,hercule
PT-2389,92.0,156.9,108.0,Human,94.97,800.0,600.0,cooler
PT-2390,,161.6,192.0,Saiyan,88.92,,600.0,raditz
PT-2391,31.0,83.6,406.0,Saiyan,65.38,400.0,400.0,gohan (adult) and videl
PT-2392,84.0,151.8,2049.0,Namekian,94.42,600.0,700.0,pan
PT-2393,37.0,120.7,167.0,  Majin,61.47,500.0,,yamcha
PT-2394,76.0,120.2,234.0,Saiyan,78.79,600.0,700.0,android 16
PT-2395,52.0,134.4,561.0,Human,80.36,500.0,500.0,android 18
PT-2396,47.0,155.5,1425.0,Majin,75.55,500.0,500.0,android 16
PT-2397,61.0,100.3,556.0,Human,72.08,600.0,500.0,krillin
PT-2398,66.0,175.6,751.0, Saiyan,68.03,700.0,600.0,krillin
PT-2399,57.0,93.2,402.0,Namekian,71.17,700.0,,gohan (kid)
PT-2400,82.0,230.3,363.0,Human,77.32,800.0,700.0,  tien
PT-2401,61.0,87.6,518.0,Majin,88.2,600.0,600.0,
PT-2402,90.0,318.0,332.0,Human,92.08,800.0,700.0,broly
PT-2403,76.0,127.7,761.0,Majin,74.27,700.0,600.0,nappa
PT-2404,56.0,194.2,188.0,,64.04,500.0,500.0,vegeta
PT-2405,53.0,126.7,840.0,Frieza,64.97,600.0,600.0,raditz
PT-2406,37.0,95.5,505.0,Saiyan,60.33,500.0,500.0,zarbon
PT-2407,76.0,201.7,433.0, Namekian,79.07,700.0,700.0,hercule
PT-2408,63.0,165.4,184.0,Namekian,84.12,600.0,500.0,gotenks   
PT-2409,23.0,97.9,274.0,Human,51.47,400.0,400.0,zarbon
PT-2410,59.0,90.1,1012.0, Human,91.92,500.0,500.0,vegeta
PT-2411,52.0,54.7,435.0,Saiyan,63.25,500.0,500.0,piccolo
PT-2412,102.0,247.0,582.0,Saiyan,79.53,800.0,700.0,bardock
PT-2413,,97.3,291.0,Human,77.91,500.0,400.0,gohan (kid)
PT-2414,41.0,133.5,484.0,Saiyan,76.97,500.0,400.0, nappa
PT-2415,92.0,287.5,216.0,Saiyan,85.34,800.0,700.0,zarbon
PT-2416,97.0,307.5,523.0,Frieza,91.85,700.0,700.0,tien
PT-2417,55.0,70.9,615.0,Saiyan,75.25,500.0,600.0,nappa
PT-2418,57.0,146.7,597.0,Saiyan   ,73.89,500.0,500.0,pan
PT-2419,82.0,221.3,287.0,Saiyan,72.43,700.0,600.0,   tien
PT-2420,23.0,53.2,401.0,Human,39.34,400.0,400.0,raditz
PT-2421,33.0,80.6,680.0,Human,56.44,500.0,500.0,piccolo
PT-2422,64.0,105.0,434.0,  Majin,90.13,500.0,600.0,raditz
PT-2423,101.0,220.4,,Human,100.0,800.0,600.0,goku
PT-2424,61.0,191.5,1544.0,Saiyan,72.31,600.0,600.0,cell
PT-2425,,156.6,278.0,Human,71.14,700.0,500.0,whis
PT-2426,93.0,299.9,942.0,Saiyan,89.42,800.0,700.0,turles
PT-2427,112.0,225.2,246.0,Namekian,98.31,900.0,800.0,android 18
PT-2428,58.0,53.9,730.0,Saiyan,78.01,600.0,600.0,frieza
PT-2429,70.0,107.9,754.0,Saiyan,57.78,700.0,700.0,captain ginyu
PT-2430,106.0,222.3,363.0,Human,100.0,800.0,700.0,cell   
PT-2431,40.0,131.8,237.0, Saiyan,75.06,500.0,400.0,cell
PT-2432,91.0,158.4,,Human,84.82,800.0,700.0,cooler
PT-2433,50.0,125.2,341.0,  Human,64.25,500.0,500.0,zarbon
PT-2434,72.0,229.5,676.0,   Frieza,86.7,600.0,500.0,android 16
PT-2435,65.0,157.7,258.0,Saiyan,79.96,500.0,600.0,yamcha
PT-2436,51.0,86.0,522.0,Human,71.14,500.0,500.0,frieza
PT-2437,50.0,118.6,203.0,Majin,73.67,500.0,400.0,captain ginyu
PT-2438,300.0,233.3,428.0,Saiyan,79.5,800.0,600.0,captain ginyu
PT-2439,90.0,232.9,248.0,Human,89.21,900.0,600.0,captain ginyu
PT-2440,67.0,106.2,470.0,Namekian,82.61,600.0,,majin buu
PT-2441,71.0,187.2,365.0,,81.15,600.0,600.0,majin buu
PT-2442,81.0,182.7,241.0,Frieza   ,84.73,700.0,600.0,
PT-2443,51.0,116.6,332.0,Majin,81.54,500.0,500.0,
PT-2444,85.0,139.2,281.0,Saiyan,71.22,,800.0,krillin
PT-2445,86.0,299.7,224.0,Frieza,78.02,700.0,600.0,yamcha  
PT-2446,,246.7,944.0,Saiyan,99.01,900.0,800.0,raditz 
PT-2447,62.0,114.4,397.0,Human,68.96,600.0,600.0,majin buu
PT-2448,61.0,123.1,131.0,Majin,71.23,,600.0,hercule
PT-2449,85.0,197.6,339.0,Namekian,94.3,700.0,700.0,raditz
PT-2450,86.0,198.3,853.0,Frieza,83.21,800.0,700.0,broly
PT-2451,59.0,118.4,312.0,Saiyan,58.97,600.0,600.0,   vegeta
PT-2452,62.0,175.1,1210.0,Majin,71.41,,400.0,hercule
PT-2453,81.0,201.2,295.0,Saiyan,82.86,600.0,,dodoria
PT-2454,53.0,107.9,667.0,Majin,71.52,600.0,500.0,cell
PT-2455,62.0,228.3,,Majin,79.25,600.0,600.0,nappa
PT-2456,72.0,140.3,646.0,Saiyan,82.6,700.0,600.0,tien
PT-2457,90.0,167.5,216.0,Namekian,84.89,800.0,600.0,raditz  
PT-2458,58.0,202.7,280.0,Human,63.66,600.0,600.0,cell
PT-2459,33.0,105.8,994.0,   Human,59.67,400.0,500.0,whis
PT-2460,32.0,93.4,304.0,Frieza,57.82,600.0,400.0,android 18
PT-2461,45.0,150.0,885.0,Human,65.72,600.0,500.0,majin buu
PT-2462,44.0,131.6,381.0,Human,73.13,600.0,500.0,krillin
PT-2463,67.0,141.6,536.0,Saiyan,80.03,700.0,500.0,majin buu
PT-2464,46.0,135.1,215.0,Saiyan  ,74.99,500.0,500.0,gotenks
PT-2465,56.0,164.9,342.0,Saiyan,69.33,600.0,600.0,   zarbon
PT-2466,55.0,97.9,291.0,Saiyan,84.07,600.0,500.0,dodoria
PT-2467,61.0,172.8,564.0,Saiyan,79.78,600.0,600.0,krillin
PT-2468,96.0,209.1,521.0,Human,89.3,700.0,700.0,piccolo
PT-2469,83.0,114.6,,Human,88.03,700.0,600.0,krillin
PT-2470,,247.1,367.0,Saiyan,72.59,700.0,500.0,lord slug
PT-2471,61.0,141.4,282.0,  Human,57.53,500.0,600.0,gohan (adult) and videl
PT-2472,61.0,176.1,550.0,Frieza  ,69.55,600.0,500.0,tien
PT-2473,77.0,200.7,266.0,Saiyan,86.78,700.0,500.0, whis 
PT-2474,82.0,230.7,941.0,Human,83.44,600.0,,gotenks
PT-2475,52.0,102.3,460.0,Saiyan,69.71,500.0,500.0,cooler
PT-2476,71.0,253.9,405.0,Human   ,71.62,600.0,500.0,bardock
PT-2477,29.0,82.3,650.0,Majin,45.95,500.0,400.0,broly
PT-2478,74.0,221.5,471.0,  Saiyan,91.0,700.0,600.0,raditz
PT-2479,85.0,206.5,182.0,Saiyan,82.34,800.0,600.0, goku 
PT-2480,64.0,107.9,261.0,Namekian,72.16,600.0,500.0,zarbon
PT-2481,106.0,187.8,929.0,Saiyan,87.03,800.0,700.0,yamcha
PT-2482,52.0,113.1,-272.0,Majin,80.84,600.0,600.0,  piccolo 
PT-2483,74.0,148.9,180.0,,86.65,700.0,700.0,cell
PT-2484,69.0,205.2,609.0,Saiyan,69.86,700.0,600.0,hit
PT-2485,68.0,209.9,352.0,Majin,86.52,600.0,500.0,zarbon
PT-2486,68.0,129.5,292.0,Human,76.04,600.0,600.0,frieza
PT-2487,72.0,165.8,248.0,Saiyan,73.92,700.0,600.0,gohan (kid)
PT-2488,87.0,242.6,898.0,Frieza,82.45,800.0,600.0,gotenks
PT-2489,98.0,190.3,152.0,Human,82.93,700.0,700.0,   yamcha  
PT-2490,70.0,232.4,298.0,Majin,67.43,700.0,700.0,cooler
PT-2491,,206.9,530.0,,90.61,700.0,700.0,   cooler
PT-2492,56.0,101.7,1270.0,Saiyan,70.63,600.0,500.0,krillin
PT-2493,85.0,161.5,687.0,Majin,88.94,800.0,600.0,jaco  
PT-2494,55.0,179.5,297.0,Human,74.3,700.0,500.0,gohan (future)
PT-2495,92.0,187.0,1234.0,Saiyan,91.19,700.0,600.0,dodoria
PT-2496,,339.9,219.0,Majin,79.23,900.0,700.0,lord slug
PT-2497,68.0,122.4,578.0,Human,70.27,700.0,600.0,turles
PT-2498,26.0,57.1,660.0,Saiyan,64.95,400.0,400.0,yamcha
PT-2499,59.0,192.9,290.0,Majin,63.4,600.0,400.0,tien  
PT-2500,95.0,172.5,749.0,Human,90.98,700.0,700.0,
PT-2501,81.0,150.4,362.0,Human,71.27,600.0,700.0,frieza  
PT-2502,75.0,205.7,748.0,Majin,80.13,600.0,600.0,android 16   
PT-2503,90.0,291.5,163.0,Human,98.88,700.0,700.0,frieza
PT-2504,80.0,175.4,602.0,Frieza,88.2,800.0,600.0,lord slug
PT-2505,,154.6,385.0,Majin,72.79,700.0,700.0,yamcha
PT-2506,88.0,302.3,982.0,Saiyan,91.99,700.0,600.0,piccolo
PT-2507,100.0,290.0,480.0,Human,100.0,800.0,700.0,raditz
PT-2508,77.0,259.3,1043.0,Frieza,100.0,700.0,600.0,zarbon
PT-2509,88.0,275.6,668.0,   Namekian ,89.0,800.0,,majin buu
PT-2510,999.0,168.7,456.0,Saiyan,64.68,700.0,600.0,gotenks
PT-2511,58.0,146.3,790.0,,76.68,600.0,600.0,vegeta
PT-2512,,222.1,793.0,Saiyan,100.0,800.0,700.0,cooler
PT-2513,,202.3,654.0,Namekian,78.1,700.0,600.0,gohan (kid)
PT-2514,86.0,272.3,125.0,Frieza,92.74,800.0,700.0,dodoria
PT-2515,72.0,266.8,273.0,Majin,72.08,800.0,600.0,jaco
PT-2516,58.0,156.9,1131.0, Saiyan,76.18,500.0,600.0,gohan (kid)
PT-2517,,156.9,232.0,Namekian  ,58.08,500.0,600.0,hercule
PT-2518,99.0,256.9,837.0,Saiyan,82.0,800.0,800.0,krillin
PT-2519,81.0,241.9,753.0,Saiyan,82.35,800.0,600.0,nappa
PT-2520,36.0,95.6,319.0,Saiyan,61.49,600.0,500.0,android 16
PT-2521,66.0,183.5,149.0,Human,66.0,700.0,500.0,   hercule   
PT-2522,106.0,313.1,350.0,Human ,88.4,900.0,800.0,cooler
PT-2523,,116.2,1714.0,Saiyan,79.04,700.0,600.0,broly
PT-2524,34.0,82.1,294.0,Saiyan,62.91,500.0,500.0,gohan (adult) and videl
PT-2525,108.0,283.4,306.0,Majin,93.69,900.0,700.0,android 18
PT-2526,84.0,287.3,271.0,  Saiyan,89.46,700.0,700.0,nappa
PT-2527,69.0,156.4,1021.0,,74.85,600.0,600.0,nappa
PT-2528,63.0,171.8,426.0,Saiyan,86.07,600.0,500.0,android 18
PT-2529,92.0,236.6,338.0,,78.89,800.0,600.0,android 16
PT-2530,59.0,142.7,,Saiyan,89.02,600.0,500.0,vegeta
PT-2531,93.0,135.3,698.0,Majin,96.1,800.0,700.0,vegeta
PT-2532,81.0,272.6,284.0,Human,79.55,700.0,500.0,piccolo
PT-2533,75.0,241.1,236.0,   Saiyan ,77.69,700.0,600.0,krillin
PT-2534,73.0,191.7,987.0,Namekian,80.85,700.0,700.0,dodoria
PT-2535,67.0,154.9,498.0,Saiyan,81.59,600.0,500.0,
PT-2536,91.0,143.2,195.0,Majin,95.16,700.0,700.0,majin buu
PT-2537,53.0,153.6,,Saiyan,60.48,500.0,500.0,bojack
PT-2538,38.0,98.7,252.0,  Frieza ,68.7,500.0,400.0,android 16
PT-2539,82.0,227.5,234.0,Saiyan,65.87,700.0,600.0,  raditz
PT-2540,-5.0,114.8,144.0,  Human,81.78,700.0,700.0, android 16 
PT-2541,80.0,234.0,255.0,Human,93.63,600.0,600.0,gotenks
PT-2542,78.0,170.2,, Human  ,69.86,700.0,500.0,android 18
PT-2543,64.0,185.5,,Majin,62.81,600.0,500.0,dodoria
PT-2544,,229.2,1361.0,Saiyan,86.17,700.0,700.0,android 18
PT-2545,69.0,139.3,,Saiyan,88.7,600.0,500.0,krillin
PT-2546,60.0,165.4,446.0,Namekian,76.6,600.0,600.0,raditz
PT-2547,64.0,206.0,669.0,Namekian,60.36,600.0,600.0,yamcha
PT-2548,110.0,273.7,427.0, Human,80.53,800.0,700.0,   zarbon
PT-2549,35.0,60.4,,Human,64.78,400.0,500.0,beerus
PT-2550,80.0,221.5,583.0,Majin,72.57,700.0,600.0,piccolo
PT-2551,36.0,57.1,530.0,Majin,65.49,500.0,500.0,tien
PT-2552,68.0,189.7,2591.0,Namekian ,78.77,600.0,500.0,hercule
PT-2553,61.0,163.1,851.0, Namekian,70.48,600.0,600.0,  turles   
PT-2554,28.0,44.0,257.0,Saiyan,75.72,400.0,400.0,captain ginyu
PT-2555,78.0,214.7,615.0,,85.92,600.0,,vegeta
PT-2556,62.0,201.2,306.0,Human  ,84.49,600.0,500.0, zarbon
PT-2557,28.0,86.3,644.0,Saiyan,68.56,400.0,400.0,android 16
PT-2558,87.0,159.9,216.0, Namekian  ,83.6,800.0,600.0,gotenks
PT-2559,99.0,206.9,253.0,Human,88.04,800.0,800.0,piccolo
PT-2560,100.0,229.0,606.0,   Saiyan  ,87.62,800.0,700.0,beerus
PT-2561,77.0,133.1,897.0,Human,86.25,700.0,600.0,  android 16
PT-2562,71.0,139.0,,Saiyan,73.2,700.0,600.0,lord slug
PT-2563,-1.0,163.4,823.0,Saiyan,100.0,700.0,600.0,tien
PT-2564,104.0,210.4,617.0,Human,85.63,800.0,700.0,
PT-2565,93.0,270.8,,Majin,88.92,700.0,800.0,captain ginyu
PT-2566,51.0,113.6,364.0, Human,68.57,700.0,500.0,nappa
PT-2567,74.0,210.1,803.0,Saiyan,75.99,700.0,600.0,vegeta
PT-2568,79.0,122.4,911.0,  Human,98.98,700.0,600.0,gohan (kid)
PT-2569,34.0,104.0,474.0,   Saiyan,60.09,500.0,400.0,yamcha
PT-2570,79.0,210.5,,Frieza,79.16,800.0,,krillin
PT-2571,115.0,378.1,1280.0,   Saiyan,90.69,800.0,700.0,raditz
PT-2572,83.0,266.7,487.0,Namekian,83.53,700.0,700.0, captain ginyu
PT-2573,99.0,223.4,516.0,Saiyan,88.79,800.0,700.0,android 16
PT-2574,74.0,206.3,659.0,Saiyan,70.65,700.0,600.0,lord slug
PT-2575,69.0,123.6,465.0,  Human   ,74.21,600.0,600.0,cooler
PT-2576,78.0,185.8,301.0,   Majin  ,86.08,700.0,700.0,yamcha
PT-2577,54.0,72.9,618.0,Frieza,79.82,500.0,500.0,zarbon
PT-2578,51.0,121.6,481.0,   Human,70.59,600.0,500.0,  android 16
PT-2579,95.0,172.8,1488.0,   Saiyan,88.47,700.0,800.0,majin buu   
PT-2580,97.0,294.8,791.0, Saiyan  ,85.91,800.0,600.0,nappa
PT-2581,50.0,118.9,345.0,Human,65.98,500.0,400.0,pan
PT-2582,,233.9,763.0,Saiyan,78.24,700.0,600.0,hercule
PT-2583,68.0,133.4,593.0,  Frieza,64.75,700.0,600.0, turles   
PT-2584,77.0,154.4,1081.0,Human,75.18,700.0,700.0,android 16
PT-2585,79.0,145.7,360.0,Majin,88.83,700.0,600.0,  zarbon
PT-2586,90.0,289.9,, Namekian,82.6,800.0,800.0,pan
PT-2587,72.0,237.0,464.0,Saiyan ,76.03,700.0,600.0,beerus
PT-2588,98.0,144.6,510.0,Saiyan,86.28,800.0,700.0,gotenks
PT-2589,76.0,197.7,290.0,Namekian,90.36,700.0,600.0,  beerus
PT-2590,82.0,191.7,696.0,Saiyan,75.37,700.0,700.0,whis
PT-2591,53.0,82.6,-62.0,Human   ,73.42,600.0,500.0,majin buu
PT-2592,113.0,295.0,1065.0,Namekian,94.65,800.0,,  piccolo
PT-2593,79.0,131.0,490.0,Saiyan,82.14,800.0,700.0,frieza
PT-2594,84.0,147.5,385.0,Namekian,85.55,800.0,700.0,android 18
PT-2595,38.0,109.8,,Saiyan,65.66,400.0,500.0,hercule
PT-2596,54.0,102.1,306.0,Human  ,77.94,500.0,600.0,  dodoria  
PT-2597,95.0,335.2,945.0,Saiyan,87.77,800.0,700.0,   captain ginyu
PT-2598,76.0,209.0,944.0,Human,94.36,700.0,700.0,zamasu
PT-2599,32.0,100.5,1048.0,Saiyan,63.16,500.0,400.0,   zarbon 
PT-2600,91.0,285.6,618.0,Saiyan,72.77,700.0,700.0,
PT-2601,,188.1,368.0,Saiyan,78.71,700.0,500.0,cell
PT-2602,98.0,226.2,526.0,Saiyan,92.34,800.0,700.0,   nappa  
PT-2603,68.0,186.4,619.0,Human,77.46,800.0,600.0,raditz
PT-2604,-1.0,198.3,352.0,Saiyan   ,77.52,700.0,600.0,  android 18 
PT-2605,94.0,315.3,1096.0,Saiyan,70.68,700.0,700.0,goku
PT-2606,52.0,98.1,698.0,Saiyan,55.23,700.0,500.0,   gohan (kid)
PT-2607,50.0,134.3,,Saiyan,83.18,600.0,500.0,vegeta
PT-2608,66.0,189.9,1525.0,Saiyan   ,71.72,600.0,600.0,dodoria
PT-2609,87.0,199.8,522.0,Saiyan,92.52,800.0,700.0,cell
PT-2610,43.0,169.5,256.0,Human,54.38,500.0,500.0,vegeta
PT-2611,37.0,101.3,, Majin,56.43,400.0,400.0,   zarbon  
PT-2612,86.0,163.4,1203.0,Human,89.83,700.0,700.0,cell
PT-2613,58.0,167.6,1473.0,Saiyan,72.38,700.0,600.0,hit
PT-2614,62.0,132.1,903.0,Namekian,79.1,600.0,500.0,gohan (kid)
PT-2615,33.0,46.6,1087.0,Human,63.09,600.0,500.0,cooler
PT-2616,56.0,106.0,1022.0,Human,70.74,600.0,500.0,hercule
PT-2617,70.0,154.6,688.0,Saiyan,72.56,700.0,600.0,piccolo
PT-2618,89.0,258.9,,Saiyan,76.05,800.0,700.0,gohan (adult) and videl
PT-2619,55.0,173.4,681.0,Human,83.22,700.0,500.0,nappa
PT-2620,103.0,299.6,766.0,Saiyan,100.0,800.0,600.0,tien
PT-2621,56.0,97.3,316.0,Human,64.09,,600.0,krillin   
PT-2622,56.0,171.2,764.0,Saiyan,63.57,,500.0,krillin
PT-2623,101.0,327.4,,Saiyan,87.62,700.0,600.0,hercule
PT-2624,74.0,225.6,435.0,Saiyan,82.32,700.0,700.0,
PT-2625,59.0,118.3,408.0,Saiyan,72.15,600.0,600.0,hercule
PT-2626,67.0,131.2,656.0,Saiyan,80.8,600.0,500.0,majin buu 
PT-2627,97.0,340.6,334.0,Saiyan,88.41,800.0,700.0,vegeta
PT-2628,99.0,302.1,224.0,Human,88.68,800.0,700.0,pan
PT-2629,54.0,81.5,981.0,Saiyan,90.9,500.0,500.0,broly
PT-2630,,230.9,,Human,73.4,700.0,600.0,nappa
PT-2631,0.0,120.1,498.0,Frieza,91.92,600.0,600.0,
PT-2632,50.0,73.9,342.0,Namekian,81.57,500.0,500.0,gohan (adult) and videl
PT-2633,69.0,223.3,1060.0,Human,81.63,700.0,500.0,dodoria
PT-2634,70.0,196.6,822.0,Saiyan,62.59,700.0,500.0,yamcha
PT-2635,,209.9,,Human,87.45,800.0,700.0, nappa  
PT-2636,,314.1,243.0,Frieza,83.48,800.0,700.0,hit
PT-2637,63.0,182.1,400.0,Human,75.36,600.0,500.0,lord slug   
PT-2638,66.0,93.2,694.0,Saiyan,67.9,600.0,700.0,hercule
PT-2639,250.0,228.6,552.0,Majin,89.25,800.0,700.0,
PT-2640,58.0,177.1,526.0,Saiyan,81.08,600.0,600.0,piccolo
PT-2641,82.0,198.8,559.0,Majin,92.16,700.0,600.0,gohan (future)
PT-2642,68.0,224.9,777.0,Saiyan,74.14,600.0,600.0,captain ginyu
PT-2643,51.0,130.5,481.0,Saiyan,61.92,600.0,500.0,majin buu
PT-2644,51.0,93.9,645.0,Majin,73.21,600.0,500.0,nappa
PT-2645,99.0,158.2,273.0,Human,100.0,700.0,600.0,nappa  
PT-2646,67.0,196.0,2281.0,Human,77.36,500.0,500.0,nappa
PT-2647,103.0,331.9,416.0,Namekian,94.82,900.0,600.0,nappa
PT-2648,60.0,108.1,557.0,Namekian,72.12,500.0,500.0,tien
PT-2649,76.0,102.2,692.0,Human,76.37,,500.0,gohan (kid)
PT-2650,118.0,357.6,385.0,Frieza,100.0,800.0,800.0,android 16
PT-2651,49.0,104.4,495.0,Saiyan,68.75,600.0,500.0,beerus
PT-2652,32.0,77.5,491.0,Saiyan,66.03,500.0,400.0,krillin
PT-2653,96.0,287.6,285.0,Namekian ,92.46,800.0,600.0,   krillin
PT-2654,53.0,168.8,641.0,Saiyan,73.98,600.0,500.0,cooler
PT-2655,70.0,213.6,183.0,Namekian,82.46,500.0,500.0,
PT-2656,58.0,144.6,,,66.38,500.0,500.0,cooler
PT-2657,75.0,159.2,793.0,Saiyan,72.69,700.0,500.0,gohan (future)
PT-2658,51.0,187.4,723.0,Saiyan,70.06,500.0,500.0, raditz  
PT-2659,66.0,147.4,,Human,76.25,600.0,500.0,dodoria
PT-2660,79.0,151.3,306.0,Namekian,77.42,700.0,600.0,whis
PT-2661,999.0,174.2,1134.0,Saiyan,71.93,600.0,600.0,android 18
PT-2662,0.0,126.6,5948.0,Saiyan,79.67,500.0,500.0,cooler
PT-2663,63.0,196.1,1009.0,Saiyan,84.7,600.0,600.0,pan
PT-2664,41.0,61.9,,Saiyan,77.7,500.0,400.0,nappa
PT-2665,62.0,212.3,675.0,Human,64.28,600.0,600.0,yamcha
PT-2666,72.0,193.2,296.0,Human,69.5,700.0,600.0,yamcha
PT-2667,62.0,173.7,895.0,   Saiyan,72.48,600.0,500.0,gohan (adult) and videl
PT-2668,65.0,213.7,254.0, Saiyan,76.64,600.0,600.0,  turles
PT-2669,70.0,158.6,238.0,Human,76.09,700.0,600.0,raditz
PT-2670,57.0,175.6,229.0,Saiyan,68.38,600.0,500.0,dodoria
PT-2671,84.0,235.8,,Saiyan,81.16,700.0,600.0,cooler
PT-2672,99.0,300.2,476.0,Human,93.47,700.0,700.0,yamcha
PT-2673,61.0,207.0,523.0,Saiyan,63.76,600.0,600.0,turles
PT-2674,80.0,241.2,,Saiyan,100.0,700.0,600.0,zarbon
PT-2675,65.0,98.0,251.0,   Saiyan   ,76.17,600.0,,turles
PT-2676,77.0,142.8,329.0,Majin,89.21,700.0,700.0,majin buu
PT-2677,101.0,361.6,340.0,Saiyan,85.76,900.0,700.0,gohan (kid)
PT-2678,80.0,258.4,212.0,Majin,86.59,700.0,600.0,lord slug
PT-2679,35.0,147.3,364.0,  Human,64.8,400.0,500.0,lord slug
PT-2680,,104.2,258.0,Human,88.45,700.0,600.0,gohan (kid)
PT-2681,95.0,210.0,697.0,Majin,86.41,700.0,600.0,raditz
PT-2682,66.0,185.0,733.0,,88.81,700.0,700.0,
PT-2683,90.0,303.3,227.0,Saiyan,74.06,700.0,,android 16
PT-2684,56.0,86.1,412.0,Saiyan,79.99,500.0,500.0,lord slug
PT-2685,40.0,101.2,1501.0,Human,66.95,400.0,500.0,gohan (kid)
PT-2686,73.0,124.8,274.0,Human,71.05,600.0,600.0,  lord slug  
PT-2687,35.0,88.5,636.0,Majin,79.62,400.0,400.0,lord slug
PT-2688,65.0,123.7,525.0,  Human   ,90.79,700.0,500.0,nappa
PT-2689,96.0,152.2,949.0,Saiyan,71.81,700.0,700.0,  gohan (kid)
PT-2690,32.0,5.0,588.0, Saiyan,64.21,400.0,500.0,zarbon
PT-2691,44.0,147.0,380.0,,73.25,500.0,500.0,lord slug
PT-2692,49.0,146.7,513.0, Namekian ,73.13,500.0,500.0,piccolo
PT-2693,69.0,247.7,517.0,Saiyan,89.72,600.0,700.0,broly
PT-2694,63.0,173.4,466.0,Frieza,85.66,600.0,500.0,raditz
PT-2695,98.0,225.2,223.0,Saiyan,91.32,800.0,700.0,  gotenks
PT-2696,89.0,209.5,1039.0,Human,100.0,700.0,700.0,yamcha
PT-2697,80.0,202.1,934.0,   Saiyan  ,89.49,600.0,700.0,  lord slug
PT-2698,73.0,172.3,263.0,Majin,76.39,600.0,600.0,frieza
PT-2699,78.0,224.8,411.0, Saiyan  ,76.78,700.0,600.0,android 16
PT-2700,53.0,146.7,431.0,Human,81.15,500.0,500.0,gohan (future)
PT-2701,87.0,280.1,246.0,Frieza,78.46,700.0,600.0,krillin
PT-2702,48.0,116.3,161.0,Human,65.92,500.0,500.0,yamcha
PT-2703,87.0,224.9,330.0,Saiyan,82.88,700.0,600.0,   tien
PT-2704,94.0,205.5,398.0,Majin  ,90.45,800.0,700.0,captain ginyu
PT-2705,999.0,105.3,208.0,Saiyan,78.05,700.0,600.0,gohan (adult) and videl
PT-2706,66.0,208.2,548.0,Saiyan,65.86,600.0,500.0,krillin
PT-2707,78.0,192.9,990.0,Human,90.5,700.0,,hercule
PT-2708,13.0,41.7,817.0,Majin,51.96,300.0,400.0,zarbon
PT-2709,76.0,130.6,457.0,Saiyan,96.56,700.0,600.0,jaco
PT-2710,68.0,247.3,163.0,Majin,79.63,600.0,700.0,vegeta
PT-2711,69.0,244.5,757.0,Majin,87.74,700.0,600.0,hit   
PT-2712,84.0,193.0,538.0,Human,88.65,700.0,700.0,frieza
PT-2713,69.0,236.2,636.0,Saiyan,88.12,600.0,600.0,   bojack
PT-2714,-1.0,119.4,1574.0,Majin,73.36,500.0,500.0,   android 18  
PT-2715,67.0,190.6,300.0,Saiyan,78.68,600.0,500.0,nappa 
PT-2716,71.0,203.8,88.0,Saiyan,87.15,600.0,600.0,gohan (adult) and videl
PT-2717,,232.8,262.0,Saiyan,98.69,700.0,700.0,dodoria
PT-2718,73.0,223.1,660.0,Namekian,77.04,700.0,600.0,gohan (kid)
PT-2719,91.0,218.8,,Saiyan,92.76,800.0,600.0,dodoria
PT-2720,48.0,159.1,238.0,   Saiyan  ,69.16,600.0,500.0,broly
PT-2721,74.0,206.4,210.0,Saiyan,83.65,600.0,500.0,lord slug
PT-2722,96.0,165.4,398.0,Saiyan,88.74,700.0,600.0,   piccolo
PT-2723,35.0,59.0,233.0,Frieza,46.74,500.0,400.0,gotenks
PT-2724,74.0,247.3,673.0,Human,78.0,700.0,600.0,zarbon
PT-2725,58.0,160.0,385.0,Majin,81.2,600.0,400.0,tien
PT-2726,63.0,141.4,338.0,Majin,69.08,600.0,600.0,yamcha
PT-2727,,154.4,313.0,Saiyan,78.17,600.0,400.0,tien
PT-2728,67.0,191.0,577.0,Majin,78.27,700.0,600.0,android 16
PT-2729,107.0,228.3,506.0,Frieza,91.27,900.0,700.0,raditz
PT-2730,45.0,81.3,556.0, Majin   ,75.25,500.0,500.0,tien
PT-2731,,136.9,549.0,Majin,74.25,500.0,500.0,  vegeta 
PT-2732,,143.2,472.0,Saiyan,70.96,600.0,500.0,
PT-2733,105.0,270.5,265.0,,100.0,,700.0,android 18
PT-2734,61.0,158.0,318.0,,76.02,600.0,500.0,dodoria  
PT-2735,69.0,206.6,389.0,Majin,64.44,600.0,600.0,lord slug
PT-2736,62.0,189.5,,Saiyan,71.78,600.0,600.0,tien
PT-2737,51.0,170.3,219.0,Human,55.96,,500.0,broly   
PT-2738,65.0,66.5,383.0,Namekian ,81.26,500.0,600.0,piccolo 
PT-2739,119.0,354.6,523.0,Human,100.0,900.0,800.0,krillin
PT-2740,-1.0,255.5,411.0,Saiyan,96.73,800.0,700.0,nappa
PT-2741,53.0,81.3,939.0,Majin,75.11,600.0,500.0,tien
PT-2742,83.0,237.8,409.0,Frieza,90.94,700.0,700.0,piccolo
PT-2743,53.0,166.7,,,58.59,600.0,500.0,lord slug
PT-2744,0.0,87.8,803.0,Namekian,62.74,500.0,400.0,vegeta
PT-2745,90.0,300.5,1460.0,Namekian,74.68,700.0,600.0,krillin
PT-2746,93.0,212.3,1147.0,Namekian,84.33,700.0,700.0,android 18
PT-2747,91.0,171.5,454.0, Saiyan  ,99.33,800.0,600.0,cell
PT-2748,61.0,131.3,478.0,Human,83.15,600.0,500.0,beerus
PT-2749,67.0,112.7,507.0,Namekian,82.1,600.0,600.0,yamcha
PT-2750,85.0,240.9,,Frieza,82.55,700.0,600.0,turles
PT-2751,,228.6,296.0,Saiyan,73.25,700.0,600.0,cell
PT-2752,62.0,185.7,864.0,Saiyan  ,76.3,600.0,700.0,frieza
PT-2753,38.0,72.5,558.0,Saiyan,74.09,500.0,500.0,raditz
PT-2754,72.0,171.2,480.0,Majin   ,82.08,600.0,500.0,   dodoria 
PT-2755,92.0,188.1,230.0,Namekian,74.11,600.0,600.0,piccolo
PT-2756,46.0,131.8,512.0,Human,69.24,500.0,500.0,lord slug
PT-2757,83.0,199.9,158.0,   Saiyan ,67.89,700.0,600.0,cell
PT-2758,77.0,199.9,,Saiyan,87.23,700.0,600.0,
PT-2759,85.0,242.5,351.0,Namekian,78.46,800.0,600.0,
PT-2760,87.0,238.8,585.0, Saiyan,75.02,600.0,700.0,beerus
PT-2761,56.0,111.8,1522.0,Saiyan,78.94,700.0,500.0,dodoria
PT-2762,38.0,91.2,694.0,Saiyan,69.68,500.0,,frieza
PT-2763,59.0,151.4,1175.0,Majin,75.46,600.0,500.0,goku
PT-2764,88.0,224.2,726.0,Human,100.0,700.0,700.0,piccolo
PT-2765,59.0,97.5,968.0,Saiyan,78.68,600.0,500.0,android 18
PT-2766,56.0,175.2,1502.0,   Saiyan  ,67.24,600.0,400.0,hercule
PT-2767,34.0,98.0,318.0,Frieza,67.75,400.0,400.0,nappa
PT-2768,105.0,266.5,305.0,Saiyan,89.71,700.0,700.0,gohan (kid)
PT-2769,87.0,182.5,736.0,Saiyan   ,94.93,800.0,700.0,beerus
PT-2770,85.0,186.6,492.0,Saiyan,86.25,800.0,700.0,tien
PT-2771,89.0,210.8,562.0,Saiyan,88.64,800.0,700.0,yamcha
PT-2772,82.0,146.9,,Majin,71.26,700.0,600.0,
PT-2773,65.0,150.4,345.0,Majin,76.49,700.0,600.0,gohan (adult) and videl
PT-2774,67.0,144.2,1303.0,  Saiyan,76.35,700.0,600.0,dodoria
PT-2775,61.0,200.1,,Namekian,66.21,500.0,600.0,gohan (kid)
PT-2776,123.0,434.1,744.0,Saiyan,97.43,900.0,900.0,zarbon
PT-2777,81.0,148.0,675.0,   Namekian,85.89,700.0,600.0,zarbon
PT-2778,61.0,96.6,1284.0,Saiyan,74.37,600.0,500.0,lord slug
PT-2779,79.0,239.3,299.0,   Saiyan ,70.3,700.0,600.0,turles
PT-2780,50.0,183.1,331.0,Namekian,67.81,500.0,500.0,nappa
PT-2781,100.0,315.6,691.0,Frieza,86.26,700.0,600.0,cell
PT-2782,,80.2,395.0,Majin,74.35,600.0,500.0,cell
PT-2783,80.0,140.0,468.0,Human,82.68,700.0,600.0,majin buu
PT-2784,91.0,135.8,205.0,  Majin,83.11,800.0,700.0,
PT-2785,78.0,262.7,1989.0,   Majin,77.59,800.0,600.0,
PT-2786,72.0,193.1,514.0,Saiyan,79.34,600.0,600.0,android 16
PT-2787,70.0,165.8,665.0,Human,85.7,700.0,600.0,android 18
PT-2788,69.0,198.6,356.0,Human,79.83,700.0,600.0,cooler
PT-2789,58.0,107.5,333.0,Human,84.58,600.0,500.0,gohan (kid)
PT-2790,61.0,186.2,1552.0,Namekian,83.47,600.0,600.0,   tien 
PT-2791,100.0,177.2,156.0,Human,100.0,800.0,600.0,piccolo
PT-2792,68.0,190.7,582.0,Saiyan,88.15,600.0,500.0,piccolo
PT-2793,54.0,137.8,238.0,Saiyan,84.1,500.0,600.0,piccolo
PT-2794,60.0,205.1,,Namekian,64.77,600.0,500.0,raditz  
PT-2795,92.0,204.9,336.0,Saiyan   ,91.98,800.0,600.0,tien
PT-2796,84.0,260.0,273.0,Namekian,93.35,700.0,600.0,gohan (kid)
PT-2797,81.0,251.8,503.0,Saiyan,93.59,700.0,600.0,zamasu
PT-2798,65.0,124.7,106.0,Saiyan,69.83,600.0,600.0,captain ginyu
PT-2799,81.0,172.8,408.0,   Majin,87.66,700.0,700.0,nappa
PT-2800,57.0,148.2,467.0,Saiyan,73.4,,500.0,lord slug
PT-2801,65.0,139.9,,Namekian,90.78,700.0,500.0,dodoria
PT-2802,89.0,137.0,1222.0,Saiyan,74.5,700.0,600.0,krillin
PT-2803,87.0,167.5,345.0,   Human,78.65,700.0,600.0,frieza
PT-2804,50.0,91.2,427.0,Human,55.51,500.0,400.0,gohan (kid)
PT-2805,,134.4,345.0, Namekian ,72.36,500.0,500.0,frieza   
PT-2806,,193.3,469.0,Saiyan,96.91,600.0,600.0,piccolo
PT-2807,105.0,190.8,1080.0,Saiyan,91.65,700.0,700.0,dodoria
PT-2808,32.0,80.6,2173.0,Human,63.61,500.0,500.0,  piccolo
PT-2809,76.0,168.6,771.0,Frieza,84.8,600.0,600.0,  gohan (kid)   
PT-2810,42.0,111.5,947.0,Namekian,65.87,600.0,500.0,cell
PT-2811,57.0,102.6,1380.0,Namekian,75.73,600.0,600.0,raditz
PT-2812,63.0,201.7,572.0,Human,78.34,600.0,500.0,zarbon
PT-2813,62.0,218.5,1264.0,Human,68.04,700.0,500.0,
PT-2814,59.0,146.7,793.0,Namekian,72.85,500.0,500.0,cell
PT-2815,70.0,88.0,537.0,Namekian,83.94,600.0,600.0,frieza
PT-2816,59.0,99.7,608.0,Majin,81.03,500.0,500.0,gohan (adult) and videl
PT-2817,41.0,62.7,,Majin,76.79,600.0,500.0,captain ginyu
PT-2818,86.0,241.9,587.0,,87.08,800.0,700.0,bojack
PT-2819,,163.0,195.0,Saiyan,86.85,600.0,, raditz
PT-2820,-5.0,304.2,186.0,Saiyan,90.8,700.0,600.0,lord slug
PT-2821,39.0,104.0,553.0,Frieza,60.84,500.0,400.0,zarbon
PT-2822,76.0,159.8,,Human,75.31,700.0,600.0,vegeta
PT-2823,84.0,241.0,491.0,Saiyan,82.6,700.0,700.0,
PT-2824,49.0,76.2,535.0,Human,59.4,500.0,500.0,goku
PT-2825,70.0,243.4,550.0,Human,81.26,700.0,,majin buu
PT-2826,68.0,107.4,286.0,Namekian ,85.59,600.0,500.0,nappa
PT-2827,107.0,353.4,845.0,Majin,87.12,800.0,700.0,captain ginyu
PT-2828,108.0,269.1,,Saiyan,96.68,800.0,800.0,piccolo
PT-2829,37.0,60.9,642.0,Human,59.77,500.0,400.0,android 18
PT-2830,120.0,398.2,240.0,Saiyan,89.87,800.0,800.0,   vegeta
PT-2831,52.0,75.7,443.0,Namekian,87.24,500.0,500.0,raditz
PT-2832,90.0,149.6,952.0,Saiyan,77.98,700.0,800.0,krillin
PT-2833,89.0,296.8,882.0,Human   ,75.37,800.0,800.0,pan
PT-2834,50.0,122.2,305.0,Human,71.72,500.0,500.0,tien
PT-2835,80.0,277.4,355.0,Human ,84.15,700.0,700.0,nappa
PT-2836,68.0,178.1,272.0,Human,82.54,600.0,600.0,piccolo
PT-2837,81.0,243.6,332.0,Majin,98.41,600.0,600.0,dodoria
PT-2838,75.0,160.4,,Human,73.78,600.0,, piccolo 
PT-2839,94.0,172.7,454.0,Saiyan,82.97,800.0,600.0,lord slug
PT-2840,72.0,248.4,720.0, Saiyan ,91.67,700.0,600.0, raditz
PT-2841,67.0,107.0,308.0,Human,84.31,600.0,600.0,piccolo
PT-2842,92.0,235.3,467.0, Saiyan,93.2,700.0,700.0,piccolo 
PT-2843,82.0,161.1,432.0,Majin,78.08,700.0,700.0,gohan (kid)
PT-2844,85.0,186.8,928.0,Saiyan,93.01,700.0,700.0,android 18
PT-2845,57.0,150.2,,Namekian,79.23,600.0,400.0,piccolo
PT-2846,49.0,129.2,349.0,Saiyan,71.12,600.0,400.0,cell
PT-2847,59.0,155.0,297.0,Majin,68.92,600.0,600.0,zarbon
PT-2848,,161.9,249.0,Saiyan,74.05,600.0,600.0,piccolo
PT-2849,,188.6,677.0,Human,97.59,700.0,700.0,   raditz
PT-2850,90.0,201.6,454.0,Saiyan,77.25,800.0,700.0,captain ginyu
PT-2851,67.0,106.3,509.0,Human,70.4,700.0,600.0,vegeta
PT-2852,99.0,298.4,1059.0,Saiyan,84.58,800.0,700.0,   captain ginyu
PT-2853,97.0,203.2,1096.0,Majin,85.51,800.0,700.0,gohan (adult) and videl
PT-2854,,203.3,184.0,Human,79.87,600.0,600.0,krillin
PT-2855,54.0,101.7,727.0,Frieza,79.27,500.0,500.0,vegeta
PT-2856,102.0,279.5,564.0,Majin,94.49,700.0,700.0,   zarbon
PT-2857,69.0,211.4,374.0,Human,78.09,700.0,600.0,raditz
PT-2858,73.0,244.0,600.0,Namekian,81.42,700.0,500.0,zarbon
PT-2859,63.0,124.9,175.0,Saiyan,80.19,500.0,500.0,frieza
PT-2860,52.0,206.5,1185.0,Human,57.35,600.0,600.0,cooler
PT-2861,41.0,61.4,,Saiyan,74.97,500.0,400.0,  android 16 
PT-2862,83.0,170.6,293.0,Majin,76.59,700.0,700.0,tien
PT-2863,54.0,84.4,347.0,Saiyan,68.05,500.0,500.0,   dodoria
PT-2864,131.0,289.4,177.0,Saiyan,100.0,1000.0,800.0,majin buu 
PT-2865,48.0,140.2,408.0,Human,68.6,500.0,500.0,dodoria
PT-2866,45.0,94.3,369.0,Human,71.9,600.0,500.0,android 16
PT-2867,80.0,185.5,223.0,Saiyan,83.13,700.0,600.0,cooler
PT-2868,101.0,304.6,785.0,Human,88.09,800.0,700.0,dodoria
PT-2869,71.0,243.4,1060.0,Namekian,90.63,700.0,600.0,tien
PT-2870,,251.1,485.0,Saiyan,88.06,700.0,700.0,android 18
PT-2871,33.0,95.6,410.0,Saiyan,65.62,500.0,500.0,captain ginyu
PT-2872,56.0,95.3,640.0,Frieza,77.94,600.0,500.0,krillin
PT-2873,49.0,165.0,487.0,Frieza,63.96,500.0,500.0,piccolo
PT-2874,32.0,62.6,257.0,Saiyan,80.2,400.0,400.0,tien
PT-2875,72.0,143.2,333.0,Human,70.1,700.0,600.0,frieza
PT-2876,25.0,35.1,412.0,Saiyan,60.91,500.0,400.0,krillin
PT-2877,44.0,141.7,572.0,Frieza,65.31,600.0,400.0,gotenks
PT-2878,59.0,156.9,496.0,Saiyan,71.0,600.0,500.0,jaco
PT-2879,,137.4,559.0,Saiyan,67.57,400.0,600.0,bardock
PT-2880,78.0,167.2,197.0,Saiyan,75.03,700.0,600.0,raditz
PT-2881,76.0,188.5,734.0,Human,89.91,700.0,600.0,dodoria
PT-2882,88.0,219.9,494.0,Saiyan,75.56,700.0,600.0, beerus  
PT-2883,85.0,127.4,2279.0,Majin,91.87,800.0,700.0,cell
PT-2884,93.0,247.8,390.0,Human,92.39,700.0,600.0,gohan (kid)
PT-2885,70.0,201.1,598.0,Human,74.95,800.0,500.0, gotenks  
PT-2886,76.0,205.0,,Namekian,84.66,700.0,600.0,frieza
PT-2887,80.0,158.4,554.0,Saiyan   ,80.74,700.0,600.0,lord slug
PT-2888,73.0,200.3,473.0,   Saiyan,70.39,700.0,600.0,gohan (future)
PT-2889,62.0,130.0,273.0,Saiyan,66.08,700.0,500.0,zamasu
PT-2890,63.0,77.5,1233.0,Majin,80.44,600.0,500.0,captain ginyu
PT-2891,0.0,95.2,246.0,Saiyan,76.43,500.0,500.0,yamcha
PT-2892,78.0,172.3,637.0,,83.14,700.0,600.0,android 18
PT-2893,68.0,155.4,371.0,Human,74.07,600.0,600.0,android 18   
PT-2894,57.0,171.0,440.0,Human,71.28,500.0,600.0,frieza
PT-2895,57.0,108.8,210.0,Human,70.2,600.0,600.0, zarbon 
PT-2896,46.0,138.6,1103.0,Saiyan,54.42,500.0,600.0,cooler
PT-2897,90.0,198.0,417.0,Saiyan,86.49,800.0,600.0,captain ginyu
PT-2898,72.0,180.4,238.0,,82.98,600.0,,jaco
PT-2899,53.0,167.3,1045.0,   Saiyan,71.74,600.0,500.0,gotenks
PT-2900,86.0,205.8,364.0,Human,98.55,,700.0,vegeta
PT-2901,59.0,67.3,602.0,Frieza,65.56,600.0,600.0,frieza
PT-2902,42.0,118.3,816.0,   Saiyan,61.51,500.0,500.0,frieza
PT-2903,90.0,289.1,655.0,Saiyan,87.06,800.0,700.0,captain ginyu
PT-2904,59.0,201.1,132.0,Saiyan,75.55,600.0,600.0,
PT-2905,62.0,103.0,748.0,Saiyan,59.59,600.0,500.0,   cell
PT-2906,71.0,235.3,,Frieza,83.22,700.0,600.0,lord slug
PT-2907,93.0,186.3,,Frieza,89.19,700.0,700.0,dodoria
PT-2908,70.0,102.7,462.0,Saiyan,61.04,700.0,600.0,beerus
PT-2909,46.0,132.3,188.0,Frieza   ,67.47,500.0,500.0,hit
PT-2910,81.0,196.4,553.0,Saiyan,75.93,,600.0,gohan (adult) and videl
PT-2911,0.0,132.1,217.0,,70.37,600.0,600.0,pan
PT-2912,108.0,348.6,415.0,Namekian,82.5,800.0,700.0,dodoria
PT-2913,70.0,122.2,541.0,Saiyan,81.33,600.0,600.0,whis
PT-2914,25.0,55.3,,Human,74.09,500.0,,
PT-2915,77.0,163.3,301.0,Majin,82.92,700.0,700.0,android 18
PT-2916,109.0,184.8,1177.0,Saiyan,76.32,900.0,800.0,yamcha
PT-2917,102.0,249.5,,Saiyan,93.08,800.0,,yamcha  
PT-2918,107.0,380.3,381.0,Human,91.24,800.0,800.0,   dodoria
PT-2919,50.0,121.0,253.0,,61.19,500.0,500.0,lord slug
PT-2920,88.0,114.6,207.0,Saiyan,88.03,700.0,700.0,captain ginyu
PT-2921,56.0,166.9,580.0,Saiyan,79.44,700.0,500.0,gohan (adult) and videl
PT-2922,,275.6,317.0,Majin,74.25,700.0,600.0, majin buu 
PT-2923,45.0,167.7,1012.0,  Saiyan,54.85,500.0,400.0,piccolo   
PT-2924,57.0,157.6,,Human   ,56.71,500.0,500.0,yamcha  
PT-2925,56.0,108.3,287.0,Saiyan  ,67.07,500.0,400.0,cell
PT-2926,250.0,226.3,567.0,Saiyan,83.96,700.0,700.0,nappa
PT-2927,86.0,298.3,,Human,80.27,800.0,700.0,  pan
PT-2928,76.0,223.7,,Saiyan,74.93,700.0,600.0, turles   
PT-2929,43.0,117.7,890.0,Human,71.74,500.0,500.0,zarbon
PT-2930,64.0,168.4,-131.0,Saiyan,79.3,600.0,500.0,
PT-2931,55.0,89.1,530.0,Human,73.6,600.0,600.0,turles
PT-2932,87.0,211.8,557.0,Saiyan,91.33,700.0,600.0,broly
PT-2933,94.0,193.3,178.0,Namekian,82.35,700.0,600.0,
PT-2934,91.0,154.5,,Saiyan,77.64,700.0,700.0,gohan (future)
PT-2935,55.0,131.6,542.0,Namekian,67.82,700.0,500.0,captain ginyu
PT-2936,15.0,25.0,842.0,Saiyan,51.27,400.0,300.0,krillin
PT-2937,35.0,143.0,709.0, Saiyan,47.59,500.0,400.0,frieza
PT-2938,98.0,300.1,437.0,Human,84.84,700.0,700.0,hercule
PT-2939,62.0,220.3,915.0,Saiyan,83.64,,600.0,hit
PT-2940,55.0,179.5,413.0,Human,78.41,500.0,500.0,tien
PT-2941,103.0,291.6,572.0,   Majin  ,95.4,800.0,700.0,zarbon
PT-2942,95.0,136.7,409.0,Majin,89.05,800.0,700.0,cooler
PT-2943,70.0,214.3,650.0,Human,89.59,700.0,600.0,broly
PT-2944,64.0,133.4,393.0,Frieza,67.12,600.0,600.0,lord slug
PT-2945,67.0,80.2,,Human,69.08,600.0,600.0,raditz
PT-2946,75.0,144.2,1653.0,Saiyan,88.99,700.0,600.0,turles 
PT-2947,102.0,319.1,832.0,   Majin ,91.02,800.0,700.0,android 16
PT-2948,78.0,217.5,1242.0,Saiyan,75.83,700.0,600.0,beerus
PT-2949,85.0,292.7,196.0,Saiyan,88.42,700.0,700.0,gotenks
PT-2950,93.0,301.3,210.0,Saiyan,83.69,800.0,700.0,   yamcha
PT-2951,47.0,147.5,406.0,Saiyan,62.1,500.0,400.0,goku
PT-2952,85.0,138.1,505.0,Saiyan   ,77.08,800.0,600.0,
PT-2953,64.0,200.9,437.0,Saiyan,78.17,700.0,500.0,bardock
PT-2954,20.0,62.5,184.0,Human,59.65,400.0,400.0,piccolo
PT-2955,27.0,72.3,983.0,Majin,72.93,400.0,400.0,hercule
PT-2956,50.0,113.8,1795.0,Frieza,67.68,500.0,700.0,gohan (kid)  
PT-2957,81.0,147.8,1063.0,Saiyan,79.94,700.0,,krillin
PT-2958,72.0,267.9,945.0,  Saiyan   ,90.32,600.0,700.0,bojack
PT-2959,74.0,134.3,,,87.49,700.0,700.0,gohan (kid)
PT-2960,109.0,235.6,297.0,Saiyan,94.76,800.0,800.0,tien
PT-2961,45.0,134.9,515.0,Saiyan,55.51,600.0,500.0,turles
PT-2962,,112.0,1743.0,Human,71.11,600.0,600.0,zarbon
PT-2963,76.0,114.5,399.0,Majin,71.97,700.0,600.0,cooler
PT-2964,55.0,202.7,,Saiyan,72.29,,600.0,hit
PT-2965,71.0,212.4,958.0,Human,74.33,700.0,500.0,dodoria
PT-2966,38.0,137.0,996.0,Human,78.02,500.0,400.0,tien
PT-2967,98.0,211.5,296.0,Namekian,76.63,800.0,700.0,cell   
PT-2968,56.0,127.7,421.0,Saiyan,63.11,600.0,400.0,cell
PT-2969,111.0,274.4,,Majin,96.36,800.0,800.0,piccolo
PT-2970,69.0,185.6,514.0,,81.77,700.0,600.0,frieza
PT-2971,91.0,135.9,955.0,Saiyan,65.7,900.0,600.0,vegeta   
PT-2972,69.0,198.1,,Human,63.72,700.0,600.0,   krillin  
PT-2973,69.0,272.7,947.0,Human ,75.49,700.0,500.0,gohan (kid)
PT-2974,58.0,125.4,524.0,Saiyan,84.05,600.0,500.0,whis
PT-2975,72.0,142.5,1990.0,Human,93.9,,600.0,
PT-2976,76.0,182.2,597.0,Saiyan,77.08,700.0,600.0,raditz
PT-2977,54.0,115.8,465.0,Majin,70.23,600.0,500.0,jaco
PT-2978,67.0,139.0,696.0,Saiyan,70.11,600.0,600.0,vegeta
PT-2979,58.0,160.2,403.0,   Human,78.27,500.0,500.0,jaco
PT-2980,116.0,244.3,168.0, Saiyan,100.0,900.0,800.0,broly
PT-2981,68.0,168.6,427.0,Human,87.25,700.0,600.0,dodoria
PT-2982,101.0,294.9,423.0,Human,90.17,800.0,700.0,vegeta
PT-2983,66.0,140.4,190.0,Human,69.69,600.0,700.0,yamcha
PT-2984,75.0,93.4,472.0,Human,80.07,700.0,600.0,piccolo
PT-2985,44.0,50.2,143.0,Saiyan,78.65,500.0,500.0,raditz   
PT-2986,61.0,115.6,400.0,   Saiyan ,71.2,500.0,600.0,dodoria
PT-2987,74.0,211.4,570.0,   Majin ,65.08,600.0,600.0,vegeta 
PT-2988,102.0,315.5,522.0,Saiyan,87.92,800.0,800.0,gohan (adult) and videl
PT-2989,74.0,250.8,385.0,Majin,77.37,700.0,600.0,
PT-2990,98.0,279.5,468.0,Human,74.63,800.0,700.0,zarbon
PT-2991,83.0,188.2,308.0,Namekian,85.06,700.0,700.0,yamcha
PT-2992,103.0,169.9,496.0,Saiyan,95.25,800.0,700.0,gohan (kid)
PT-2993,69.0,167.4,510.0,Human,92.48,600.0,500.0,
PT-2994,118.0,264.6,287.0,Saiyan,86.54,900.0,800.0,cell
PT-2995,60.0,207.8,,Frieza,79.84,600.0,600.0,vegeta
PT-2996,55.0,140.7,576.0,Human,79.73,600.0,500.0,   cooler 
PT-2997,46.0,72.3,446.0,Human,72.56,,500.0,dodoria
PT-2998,117.0,253.4,2106.0,Majin,88.75,900.0,800.0,beerus
PT-2999,86.0,152.5,453.0,Saiyan,75.88,700.0,700.0,vegeta
PT-3000,63.0,203.0,417.0,,75.98,700.0,600.0,lord slug
